timestamp,angle_real_hitch,error_hitch,angle_real_beta,error_beta,angle_calculated
0.857,-1.27,1.59,-1.27,1.59,0.32
0.863,-1.27,1.59,-1.27,1.59,0.32
0.865,-1.27,1.59,-1.27,1.59,0.32
0.889,-1.27,1.59,-1.27,1.59,0.32
0.914,-1.27,1.59,-1.27,1.59,0.32
0.916,-1.27,1.59,-1.27,1.59,0.32
0.926,-1.27,1.60,-1.27,1.60,0.33
0.962,-1.27,1.59,-1.27,1.59,0.32
0.965,-1.27,1.59,-1.27,1.59,0.32
0.968,-1.27,1.59,-1.27,1.59,0.32
0.994,-1.27,1.64,-1.27,1.64,0.37
1.015,-1.27,1.64,-1.27,1.64,0.37
1.020,-1.27,1.64,-1.27,1.64,0.37
1.030,-1.27,1.61,-1.27,1.61,0.34
1.062,-1.27,1.60,-1.27,1.60,0.33
1.066,-1.27,1.60,-1.27,1.60,0.33
1.069,-1.27,1.60,-1.27,1.60,0.33
1.096,-1.27,1.58,-1.27,1.58,0.31
1.118,-1.27,1.58,-1.27,1.58,0.31
1.123,-1.27,1.58,-1.27,1.58,0.31
1.133,-1.27,1.62,-1.27,1.62,0.35
1.164,-1.27,1.58,-1.27,1.58,0.31
1.169,-1.27,1.58,-1.27,1.58,0.31
1.173,-1.27,1.58,-1.27,1.58,0.31
1.201,-1.27,1.60,-1.27,1.60,0.33
1.219,-1.27,1.60,-1.27,1.60,0.33
1.223,-1.27,1.60,-1.27,1.60,0.33
1.238,-1.27,1.58,-1.27,1.58,0.31
1.268,-1.27,1.56,-1.27,1.56,0.29
1.272,-1.27,1.56,-1.27,1.56,0.29
1.276,-1.27,1.56,-1.27,1.56,0.29
1.304,-1.27,1.60,-1.27,1.60,0.33
1.321,-1.27,1.60,-1.27,1.60,0.33
1.325,-1.27,1.60,-1.27,1.60,0.33
1.336,-1.27,1.60,-1.27,1.60,0.33
1.371,-1.27,1.60,-1.27,1.60,0.33
1.375,-1.27,1.60,-1.27,1.60,0.33
1.379,-1.27,1.62,-1.27,1.62,0.35
1.408,-1.27,1.61,-1.27,1.61,0.34
1.421,-1.27,1.61,-1.27,1.61,0.34
1.425,-1.27,1.61,-1.27,1.61,0.34
1.440,-1.27,1.59,-1.27,1.59,0.32
1.472,-1.27,1.59,-1.27,1.59,0.32
1.476,-1.27,1.59,-1.27,1.59,0.32
1.479,-1.27,1.59,-1.27,1.59,0.32
1.513,-1.27,1.59,-1.27,1.59,0.32
1.525,-1.27,1.59,-1.27,1.59,0.32
1.529,-1.27,1.59,-1.27,1.59,0.32
1.546,-1.27,1.56,-1.27,1.56,0.29
1.574,-1.27,1.56,-1.27,1.56,0.29
1.578,-1.27,1.56,-1.27,1.56,0.29
1.582,-1.27,1.61,-1.27,1.61,0.34
1.613,-1.27,1.64,-1.27,1.64,0.37
1.625,-1.27,1.64,-1.27,1.64,0.37
1.629,-1.27,1.64,-1.27,1.64,0.37
1.648,-1.27,1.59,-1.27,1.59,0.32
1.676,-1.27,1.59,-1.27,1.59,0.32
1.680,-1.27,1.59,-1.27,1.59,0.32
1.684,-1.27,1.60,-1.27,1.60,0.33
1.716,-1.27,1.60,-1.27,1.60,0.33
1.726,-1.27,1.60,-1.27,1.60,0.33
1.731,-1.27,1.60,-1.27,1.60,0.33
1.753,-1.27,1.62,-1.27,1.62,0.35
1.777,-1.27,1.62,-1.27,1.62,0.35
1.780,-1.27,1.62,-1.27,1.62,0.35
1.791,-1.27,1.60,-1.27,1.60,0.33
1.820,-1.27,1.60,-1.27,1.60,0.33
1.827,-1.27,1.60,-1.27,1.60,0.33
1.832,-1.27,1.60,-1.27,1.60,0.33
1.856,-1.27,1.58,-1.27,1.58,0.31
1.878,-1.27,1.58,-1.27,1.58,0.31
1.879,-1.27,1.58,-1.27,1.58,0.31
1.890,-1.27,1.59,-1.27,1.59,0.32
1.924,-1.27,1.61,-1.27,1.61,0.34
1.929,-1.27,1.61,-1.27,1.61,0.34
1.932,-1.27,1.61,-1.27,1.61,0.34
1.961,-1.27,1.56,-1.27,1.56,0.29
1.979,-1.27,1.56,-1.27,1.56,0.29
1.983,-1.27,1.56,-1.27,1.56,0.29
1.993,-1.27,1.61,-1.27,1.61,0.34
2.029,-1.27,1.60,-1.27,1.60,0.33
2.032,-1.27,1.60,-1.27,1.60,0.33
2.033,-1.27,1.60,-1.27,1.60,0.33
2.064,-1.27,1.58,-1.27,1.58,0.31
2.081,-1.27,1.58,-1.27,1.58,0.31
2.084,-1.27,1.58,-1.27,1.58,0.31
2.097,-1.27,1.58,-1.27,1.58,0.31
2.131,-1.27,1.58,-1.27,1.58,0.31
2.134,-1.27,1.58,-1.27,1.58,0.31
2.135,-1.27,1.60,-1.27,1.60,0.33
2.164,-1.27,1.60,-1.27,1.60,0.33
2.182,-1.27,1.60,-1.27,1.60,0.33
2.185,-1.27,1.60,-1.27,1.60,0.33
2.200,-1.27,1.61,-1.27,1.61,0.34
2.232,-1.27,1.61,-1.27,1.61,0.34
2.236,-1.27,1.61,-1.27,1.61,0.34
2.240,-1.27,1.63,-1.27,1.63,0.36
2.268,-1.27,1.63,-1.27,1.63,0.36
2.283,-1.27,1.63,-1.27,1.63,0.36
2.287,-1.27,1.63,-1.27,1.63,0.36
2.305,-1.27,1.61,-1.27,1.61,0.34
2.335,-1.27,1.61,-1.27,1.61,0.34
2.338,-1.27,1.61,-1.27,1.61,0.34
2.340,-1.27,1.63,-1.27,1.63,0.36
2.373,-1.27,1.57,-1.27,1.57,0.30
2.385,-1.27,1.57,-1.27,1.57,0.30
2.389,-1.27,1.57,-1.27,1.57,0.30
2.408,-1.27,1.58,-1.27,1.58,0.31
2.436,-1.27,1.58,-1.27,1.58,0.31
2.440,-1.27,1.58,-1.27,1.58,0.31
2.444,-1.27,1.59,-1.27,1.59,0.32
2.478,-1.27,1.62,-1.27,1.62,0.35
2.486,-1.27,1.62,-1.27,1.62,0.35
2.491,-1.27,1.62,-1.27,1.62,0.35
2.514,-1.27,1.60,-1.27,1.60,0.33
2.537,-1.27,1.60,-1.27,1.60,0.33
2.541,-1.27,1.60,-1.27,1.60,0.33
2.547,-1.27,1.62,-1.27,1.62,0.35
2.580,-1.27,1.59,-1.27,1.59,0.32
2.588,-1.27,1.59,-1.27,1.59,0.32
2.593,-1.27,1.59,-1.27,1.59,0.32
2.616,-1.27,1.61,-1.27,1.61,0.34
2.639,-1.27,1.61,-1.27,1.61,0.34
2.643,-1.27,1.61,-1.27,1.61,0.34
2.648,-1.27,1.64,-1.27,1.64,0.37
2.687,-1.27,1.59,-1.27,1.59,0.32
2.690,-1.27,1.59,-1.27,1.59,0.32
2.694,-1.27,1.59,-1.27,1.59,0.32
2.716,-1.27,1.61,-1.27,1.61,0.34
2.740,-1.27,1.61,-1.27,1.61,0.34
2.744,-1.27,1.61,-1.27,1.61,0.34
2.752,-1.27,1.58,-1.27,1.58,0.31
2.788,-1.27,1.58,-1.27,1.58,0.31
2.791,-1.27,1.58,-1.27,1.58,0.31
2.794,-1.27,1.58,-1.27,1.58,0.31
2.820,-1.27,1.61,-1.27,1.61,0.34
2.841,-1.27,1.61,-1.27,1.61,0.34
2.845,-1.27,1.61,-1.27,1.61,0.34
2.856,-1.27,1.62,-1.27,1.62,0.35
2.892,-1.27,1.59,-1.27,1.59,0.32
2.894,-1.27,1.59,-1.27,1.59,0.32
2.896,-1.27,1.59,-1.27,1.59,0.32
2.924,-1.27,1.59,-1.27,1.59,0.32
2.943,-1.27,1.59,-1.27,1.59,0.32
2.946,-1.27,1.59,-1.27,1.59,0.32
2.963,-1.27,1.61,-1.27,1.61,0.34
2.994,-1.27,1.60,-1.27,1.60,0.33
2.997,-1.27,1.60,-1.27,1.60,0.33
3.000,-1.27,1.60,-1.27,1.60,0.33
3.030,-1.27,1.59,-1.27,1.59,0.32
3.044,-1.27,1.59,-1.27,1.59,0.32
3.048,-1.27,1.59,-1.27,1.59,0.32
3.065,-1.27,1.61,-1.27,1.61,0.34
3.095,-1.27,1.61,-1.27,1.61,0.34
3.099,-1.27,1.61,-1.27,1.61,0.34
3.103,-1.27,1.59,-1.27,1.59,0.32
3.132,-1.27,1.59,-1.27,1.59,0.32
3.145,-1.27,1.59,-1.27,1.59,0.32
3.148,-1.27,1.59,-1.27,1.59,0.32
3.169,-1.27,1.58,-1.27,1.58,0.31
3.196,-1.27,1.58,-1.27,1.58,0.31
3.199,-1.27,1.58,-1.27,1.58,0.31
3.201,-1.27,1.60,-1.27,1.60,0.33
3.238,-1.27,1.62,-1.27,1.62,0.35
3.246,-1.27,1.62,-1.27,1.62,0.35
3.251,-1.27,1.62,-1.27,1.62,0.35
3.270,-1.27,1.59,-1.27,1.59,0.32
3.297,-1.27,1.59,-1.27,1.59,0.32
3.301,-1.27,1.59,-1.27,1.59,0.32
3.305,-1.27,1.59,-1.27,1.59,0.31
3.340,-1.27,1.60,-1.27,1.60,0.32
3.348,-1.27,1.60,-1.27,1.60,0.32
3.352,-1.27,1.60,-1.27,1.60,0.32
3.373,-1.27,1.60,-1.27,1.60,0.33
3.399,-1.27,1.60,-1.27,1.60,0.33
3.403,-1.27,1.60,-1.27,1.60,0.33
3.408,-1.27,1.58,-1.27,1.58,0.31
3.446,-1.27,1.58,-1.27,1.58,0.31
3.451,-1.27,1.58,-1.27,1.58,0.31
3.454,-1.27,1.58,-1.27,1.58,0.31
3.477,-1.27,1.60,-1.27,1.60,0.33
3.500,-1.27,1.60,-1.27,1.60,0.33
3.502,-1.27,1.60,-1.27,1.60,0.33
3.517,-1.27,1.59,-1.27,1.59,0.32
3.544,-1.27,1.62,-1.27,1.62,0.35
3.550,-1.27,1.62,-1.27,1.62,0.35
3.554,-1.27,1.62,-1.27,1.62,0.35
3.580,-1.27,1.59,-1.27,1.59,0.32
3.601,-1.27,1.59,-1.27,1.59,0.32
3.604,-1.27,1.59,-1.27,1.59,0.32
3.629,-1.27,1.61,-1.27,1.61,0.34
3.648,-1.27,1.61,-1.27,1.61,0.34
3.653,-1.27,1.61,-1.27,1.61,0.34
3.656,-1.27,1.61,-1.27,1.61,0.34
3.688,-1.27,1.59,-1.27,1.59,0.32
3.702,-1.27,1.59,-1.27,1.59,0.32
3.705,-1.27,1.59,-1.27,1.59,0.32
3.722,-1.27,1.59,-1.27,1.59,0.32
3.753,-1.27,1.59,-1.27,1.59,0.32
3.757,-1.27,1.59,-1.27,1.59,0.32
3.760,-1.27,1.59,-1.27,1.59,0.32
3.790,-1.27,1.57,-1.27,1.57,0.30
3.804,-1.27,1.57,-1.27,1.57,0.30
3.807,-1.27,1.57,-1.27,1.57,0.30
3.823,-1.27,1.60,-1.27,1.60,0.33
3.855,-1.27,1.60,-1.27,1.60,0.33
3.857,-1.27,1.60,-1.27,1.60,0.33
3.859,-1.27,1.58,-1.27,1.58,0.31
3.892,-1.27,1.59,-1.27,1.59,0.32
3.906,-1.27,1.59,-1.27,1.59,0.32
3.909,-1.27,1.59,-1.27,1.59,0.32
3.924,-1.27,1.60,-1.27,1.60,0.33
3.956,-1.27,1.60,-1.27,1.60,0.33
3.960,-1.27,1.60,-1.27,1.60,0.33
3.964,-1.27,1.60,-1.27,1.60,0.33
3.997,-1.27,1.60,-1.27,1.60,0.33
4.007,-1.27,1.60,-1.27,1.60,0.33
4.012,-1.27,1.60,-1.27,1.60,0.33
4.029,-1.27,1.59,-1.27,1.59,0.32
4.058,-1.27,1.59,-1.27,1.59,0.32
4.062,-1.27,1.59,-1.27,1.59,0.32
4.067,-1.27,1.59,-1.27,1.59,0.32
4.098,-1.27,1.58,-1.27,1.58,0.31
4.109,-1.27,1.58,-1.27,1.58,0.31
4.110,-1.27,1.58,-1.27,1.58,0.31
4.131,-1.27,1.60,-1.27,1.60,0.33
4.160,-1.27,1.60,-1.27,1.60,0.33
4.164,-1.27,1.60,-1.27,1.60,0.33
4.168,-1.27,1.61,-1.27,1.61,0.34
4.200,-1.27,1.60,-1.27,1.60,0.33
4.211,-1.27,1.60,-1.27,1.60,0.33
4.216,-1.27,1.60,-1.27,1.60,0.33
4.238,-1.27,1.61,-1.27,1.61,0.34
4.261,-1.27,1.61,-1.27,1.61,0.34
4.265,-1.27,1.61,-1.27,1.61,0.34
4.274,-1.27,1.62,-1.27,1.62,0.35
4.306,-1.27,1.60,-1.27,1.60,0.33
4.311,-1.27,1.60,-1.27,1.60,0.33
4.315,-1.27,1.60,-1.27,1.60,0.33
4.341,-1.27,1.57,-1.27,1.57,0.30
4.363,-1.27,1.57,-1.27,1.57,0.30
4.367,-1.27,1.57,-1.27,1.57,0.30
4.374,-1.27,1.63,-1.27,1.63,0.36
4.409,-1.27,1.59,-1.27,1.59,0.32
4.413,-1.27,1.59,-1.27,1.59,0.32
4.417,-1.27,1.59,-1.27,1.59,0.32
4.445,-1.27,1.59,-1.27,1.59,0.32
4.464,-1.27,1.59,-1.27,1.59,0.32
4.468,-1.27,1.59,-1.27,1.59,0.32
4.477,-1.27,1.60,-1.27,1.60,0.33
4.511,-1.27,1.59,-1.27,1.59,0.32
4.514,-1.27,1.59,-1.27,1.59,0.32
4.517,-1.27,1.59,-1.27,1.59,0.32
4.548,-1.27,1.58,-1.27,1.58,0.31
4.565,-1.27,1.58,-1.27,1.58,0.31
4.570,-1.27,1.58,-1.27,1.58,0.31
4.581,-1.27,1.57,-1.27,1.57,0.30
4.616,-1.27,1.57,-1.27,1.57,0.30
4.620,-1.27,1.57,-1.27,1.57,0.30
4.624,-1.27,1.59,-1.27,1.59,0.32
4.648,-1.27,1.62,-1.27,1.62,0.35
4.666,-1.27,1.62,-1.27,1.62,0.35
4.671,-1.27,1.62,-1.27,1.62,0.35
4.684,-1.27,1.60,-1.27,1.60,0.33
4.718,-1.27,1.60,-1.27,1.60,0.33
4.721,-1.27,1.60,-1.27,1.60,0.33
4.725,-1.27,1.63,-1.27,1.63,0.35
4.752,-1.27,1.61,-1.27,1.61,0.34
4.768,-1.27,1.61,-1.27,1.61,0.34
4.772,-1.27,1.61,-1.27,1.61,0.34
4.790,-1.27,1.60,-1.27,1.60,0.33
4.819,-1.27,1.60,-1.27,1.60,0.33
4.822,-1.27,1.60,-1.27,1.60,0.33
4.825,-1.27,1.63,-1.27,1.63,0.36
4.857,-1.27,1.60,-1.27,1.60,0.33
4.868,-1.27,1.60,-1.27,1.60,0.33
4.871,-1.27,1.60,-1.27,1.60,0.33
4.893,-1.27,1.60,-1.27,1.60,0.33
4.920,-1.27,1.60,-1.27,1.60,0.33
4.922,-1.27,1.60,-1.27,1.60,0.33
4.924,-1.27,1.59,-1.27,1.59,0.32
4.962,-1.27,1.60,-1.27,1.60,0.33
4.970,-1.27,1.60,-1.27,1.60,0.33
4.975,-1.27,1.60,-1.27,1.60,0.33
4.997,-1.27,1.59,-1.27,1.59,0.32
5.022,-1.27,1.59,-1.27,1.59,0.32
5.026,-1.27,1.59,-1.27,1.59,0.32
5.030,-1.27,1.59,-1.27,1.59,0.32
5.065,-1.27,1.61,-1.27,1.61,0.34
5.072,-1.27,1.61,-1.27,1.61,0.34
5.076,-1.27,1.61,-1.27,1.61,0.34
5.100,-1.27,1.62,-1.27,1.62,0.35
5.124,-1.27,1.62,-1.27,1.62,0.35
5.128,-1.27,1.62,-1.27,1.62,0.35
5.131,-1.27,1.61,-1.27,1.61,0.34
5.169,-1.27,1.57,-1.27,1.57,0.30
5.174,-1.27,1.57,-1.27,1.57,0.30
5.179,-1.27,1.57,-1.27,1.57,0.30
5.201,-1.27,1.61,-1.27,1.61,0.34
5.224,-1.27,1.61,-1.27,1.61,0.34
5.229,-1.27,1.61,-1.27,1.61,0.34
5.238,-1.27,1.59,-1.27,1.59,0.32
5.274,-1.27,1.61,-1.27,1.61,0.34
5.278,-1.27,1.61,-1.27,1.61,0.34
5.282,-1.27,1.61,-1.27,1.61,0.34
5.304,-1.27,1.61,-1.27,1.61,0.33
5.326,-1.27,1.61,-1.27,1.61,0.33
5.330,-1.27,1.61,-1.27,1.61,0.33
5.341,-1.27,1.60,-1.27,1.60,0.33
5.376,-1.27,1.62,-1.27,1.62,0.35
5.379,-1.27,1.62,-1.27,1.62,0.35
5.381,-1.27,1.62,-1.27,1.62,0.35
5.408,-1.27,1.59,-1.27,1.59,0.32
5.428,-1.27,1.59,-1.27,1.59,0.32
5.434,-1.27,1.59,-1.27,1.59,0.32
5.445,-1.27,1.58,-1.27,1.58,0.31
5.477,-1.27,1.59,-1.27,1.59,0.32
5.480,-1.27,1.59,-1.27,1.59,0.32
5.483,-1.27,1.59,-1.27,1.59,0.32
5.513,-1.27,1.59,-1.27,1.59,0.32
5.529,-1.27,1.59,-1.27,1.59,0.32
5.533,-1.27,1.59,-1.27,1.59,0.32
5.548,-1.27,1.63,-1.27,1.63,0.36
5.579,-1.27,1.63,-1.27,1.63,0.36
5.582,-1.27,1.63,-1.27,1.63,0.36
5.584,-1.27,1.60,-1.27,1.60,0.33
5.616,-1.27,1.62,-1.27,1.62,0.35
5.629,-1.27,1.62,-1.27,1.62,0.35
5.632,-1.27,1.62,-1.27,1.62,0.35
5.655,-1.27,1.59,-1.27,1.59,0.32
5.680,-1.27,1.59,-1.27,1.59,0.32
5.683,-1.27,1.59,-1.27,1.59,0.32
5.687,-1.27,1.59,-1.27,1.59,0.32
5.724,-1.27,1.60,-1.27,1.60,0.33
5.731,-1.27,1.60,-1.27,1.60,0.33
5.736,-1.27,1.60,-1.27,1.60,0.33
5.755,-1.27,1.60,-1.27,1.60,0.33
5.782,-1.27,1.60,-1.27,1.60,0.33
5.785,-1.27,1.60,-1.27,1.60,0.33
5.789,-1.27,1.58,-1.27,1.58,0.31
5.826,-1.27,1.61,-1.27,1.61,0.34
5.833,-1.27,1.61,-1.27,1.61,0.34
5.836,-1.27,1.61,-1.27,1.61,0.34
5.857,-1.27,1.60,-1.27,1.60,0.33
5.883,-1.27,1.60,-1.27,1.60,0.33
5.884,-1.27,1.60,-1.27,1.60,0.33
5.893,-1.27,1.64,-1.27,1.64,0.37
5.928,-1.27,1.62,-1.27,1.62,0.35
5.933,-1.27,1.62,-1.27,1.62,0.35
5.937,-1.27,1.62,-1.27,1.62,0.35
5.962,-1.27,1.62,-1.27,1.62,0.35
5.985,-1.27,1.62,-1.27,1.62,0.35
5.988,-1.27,1.62,-1.27,1.62,0.35
5.996,-1.27,1.58,-1.27,1.58,0.31
6.029,-1.27,1.59,-1.27,1.59,0.32
6.036,-1.27,1.59,-1.27,1.59,0.32
6.041,-1.27,1.59,-1.27,1.59,0.32
6.064,-1.27,1.60,-1.27,1.60,0.33
6.087,-1.27,1.60,-1.27,1.60,0.33
6.090,-1.27,1.60,-1.27,1.60,0.33
6.102,-1.27,1.60,-1.27,1.60,0.33
6.132,-1.27,1.58,-1.27,1.58,0.31
6.137,-1.27,1.58,-1.27,1.58,0.31
6.139,-1.27,1.58,-1.27,1.58,0.31
6.169,-1.27,1.58,-1.27,1.58,0.31
6.188,-1.27,1.58,-1.27,1.58,0.31
6.190,-1.27,1.58,-1.27,1.58,0.31
6.206,-1.27,1.64,-1.27,1.64,0.37
6.236,-1.27,1.62,-1.27,1.62,0.35
6.240,-1.27,1.62,-1.27,1.62,0.35
6.243,-1.27,1.62,-1.27,1.62,0.35
6.273,-1.27,1.59,-1.27,1.59,0.32
6.289,-1.27,1.59,-1.27,1.59,0.32
6.294,-1.27,1.59,-1.27,1.59,0.32
6.305,-1.27,1.59,-1.27,1.59,0.32
6.341,-1.27,1.59,-1.27,1.59,0.32
6.345,-1.27,1.59,-1.27,1.59,0.32
6.349,-1.27,1.62,-1.27,1.62,0.35
6.379,-1.27,1.60,-1.27,1.60,0.33
6.391,-1.27,1.60,-1.27,1.60,0.33
6.396,-1.27,1.60,-1.27,1.60,0.33
6.410,-1.27,1.60,-1.27,1.60,0.33
6.442,-1.27,1.60,-1.27,1.60,0.33
6.446,-1.27,1.60,-1.27,1.60,0.33
6.449,-1.27,1.61,-1.27,1.61,0.34
6.480,-1.27,1.61,-1.27,1.61,0.34
6.492,-1.27,1.61,-1.27,1.61,0.34
6.496,-1.27,1.61,-1.27,1.61,0.34
6.512,-1.27,1.60,-1.27,1.60,0.33
6.543,-1.27,1.60,-1.27,1.60,0.33
6.546,-1.27,1.60,-1.27,1.60,0.33
6.550,-1.27,1.59,-1.27,1.59,0.32
6.580,-1.27,1.57,-1.27,1.57,0.30
6.594,-1.27,1.57,-1.27,1.57,0.30
6.599,-1.27,1.57,-1.27,1.57,0.30
6.619,-1.27,1.60,-1.27,1.60,0.33
6.644,-1.27,1.60,-1.27,1.60,0.33
6.648,-1.27,1.60,-1.27,1.60,0.33
6.655,-1.27,1.61,-1.27,1.61,0.34
6.687,-1.27,1.60,-1.27,1.60,0.33
6.695,-1.27,1.60,-1.27,1.60,0.33
6.699,-1.27,1.60,-1.27,1.60,0.33
6.720,-1.27,1.58,-1.27,1.58,0.31
6.746,-1.27,1.58,-1.27,1.58,0.31
6.750,-1.27,1.58,-1.27,1.58,0.31
6.756,-1.27,1.58,-1.27,1.58,0.30
6.788,-1.27,1.60,-1.27,1.60,0.33
6.797,-1.27,1.60,-1.27,1.60,0.33
6.802,-1.27,1.60,-1.27,1.60,0.33
6.825,-1.27,1.60,-1.27,1.60,0.33
6.847,-1.27,1.60,-1.27,1.60,0.33
6.852,-1.27,1.60,-1.27,1.60,0.33
6.858,-1.27,1.60,-1.27,1.60,0.33
6.893,-1.27,1.58,-1.27,1.58,0.31
6.897,-1.27,1.58,-1.27,1.58,0.31
6.905,-1.27,1.58,-1.27,1.58,0.31
6.929,-1.27,1.60,-1.27,1.60,0.33
6.949,-1.27,1.60,-1.27,1.60,0.33
6.953,-1.27,1.60,-1.27,1.60,0.33
6.960,-1.27,1.57,-1.27,1.57,0.30
6.996,-1.27,1.58,-1.27,1.58,0.31
7.000,-1.27,1.58,-1.27,1.58,0.31
7.004,-1.27,1.58,-1.27,1.58,0.31
7.032,-1.27,1.58,-1.27,1.58,0.31
7.050,-1.27,1.58,-1.27,1.58,0.31
7.051,-1.27,1.58,-1.27,1.58,0.31
7.064,-1.27,1.59,-1.27,1.59,0.32
7.101,-1.27,1.59,-1.27,1.59,0.32
7.105,-1.27,1.59,-1.27,1.59,0.32
7.109,-1.27,1.59,-1.27,1.59,0.32
7.132,-1.27,1.58,-1.27,1.58,0.31
7.152,-1.27,1.58,-1.27,1.58,0.31
7.156,-1.27,1.58,-1.27,1.58,0.31
7.168,-1.27,1.57,-1.27,1.57,0.30
7.202,-1.27,1.57,-1.27,1.57,0.30
7.206,-1.27,1.57,-1.27,1.57,0.30
7.209,-1.27,1.60,-1.27,1.60,0.33
7.236,-1.27,1.59,-1.27,1.59,0.32
7.253,-1.27,1.59,-1.27,1.59,0.32
7.258,-1.27,1.59,-1.27,1.59,0.32
7.273,-1.27,1.60,-1.27,1.60,0.33
7.303,-1.27,1.60,-1.27,1.60,0.33
7.306,-1.27,1.60,-1.27,1.60,0.33
7.310,-1.27,1.58,-1.27,1.58,0.31
7.342,-1.27,1.58,-1.27,1.58,0.31
7.354,-1.27,1.58,-1.27,1.58,0.31
7.360,-1.27,1.58,-1.27,1.58,0.31
7.378,-1.27,1.60,-1.27,1.60,0.33
7.405,-1.27,1.60,-1.27,1.60,0.33
7.408,-1.27,1.60,-1.27,1.60,0.33
7.410,-1.27,1.58,-1.27,1.58,0.31
7.444,-1.27,1.57,-1.27,1.57,0.30
7.455,-1.27,1.57,-1.27,1.57,0.30
7.459,-1.27,1.57,-1.27,1.57,0.30
7.480,-1.27,1.64,-1.27,1.64,0.37
7.507,-1.27,1.64,-1.27,1.64,0.37
7.510,-1.27,1.64,-1.27,1.64,0.37
7.512,-1.27,1.58,-1.27,1.58,0.31
7.548,-1.27,1.58,-1.27,1.58,0.30
7.557,-1.27,1.58,-1.27,1.58,0.30
7.561,-1.27,1.58,-1.27,1.58,0.30
7.584,-1.27,1.59,-1.27,1.59,0.32
7.607,-1.27,1.59,-1.27,1.59,0.32
7.611,-1.27,1.59,-1.27,1.59,0.32
7.617,-1.27,1.60,-1.27,1.60,0.33
7.652,-1.27,1.60,-1.27,1.60,0.33
7.658,-1.27,1.60,-1.27,1.60,0.33
7.662,-1.27,1.60,-1.27,1.60,0.33
7.684,-1.27,1.61,-1.27,1.61,0.34
7.709,-1.27,1.61,-1.27,1.61,0.34
7.712,-1.27,1.61,-1.27,1.61,0.34
7.720,-1.27,1.59,-1.27,1.59,0.32
7.758,-1.27,1.62,-1.27,1.62,0.35
7.761,-1.27,1.62,-1.27,1.62,0.35
7.765,-1.27,1.62,-1.27,1.62,0.35
7.789,-1.27,1.63,-1.27,1.63,0.36
7.810,-1.27,1.63,-1.27,1.63,0.36
7.814,-1.27,1.63,-1.27,1.63,0.36
7.827,-1.27,1.65,-1.27,1.65,0.38
7.860,-1.27,1.65,-1.27,1.65,0.38
7.864,-1.27,1.65,-1.27,1.65,0.38
7.867,-1.27,1.64,-1.27,1.64,0.37
7.893,-1.27,1.63,-1.27,1.63,0.36
7.911,-1.27,1.63,-1.27,1.63,0.36
7.914,-1.27,1.63,-1.27,1.63,0.36
7.929,-1.27,1.64,-1.27,1.64,0.37
7.961,-1.27,1.63,-1.27,1.63,0.36
7.963,-1.27,1.63,-1.27,1.63,0.36
7.965,-1.27,1.63,-1.27,1.63,0.36
7.996,-1.27,1.69,-1.27,1.69,0.42
8.013,-1.27,1.69,-1.27,1.69,0.42
8.017,-1.27,1.69,-1.27,1.69,0.42
8.032,-1.27,1.69,-1.27,1.69,0.42
8.064,-1.27,1.69,-1.27,1.69,0.42
8.067,-1.27,1.69,-1.27,1.69,0.42
8.071,-1.27,1.70,-1.27,1.70,0.43
8.101,-1.27,1.63,-1.27,1.63,0.36
8.114,-1.27,1.63,-1.27,1.63,0.36
8.119,-1.27,1.63,-1.27,1.63,0.36
8.136,-1.27,1.62,-1.27,1.62,0.35
8.166,-1.27,1.62,-1.27,1.62,0.35
8.170,-1.27,1.62,-1.27,1.62,0.35
8.173,-1.27,1.58,-1.27,1.58,0.31
8.204,-1.27,1.61,-1.27,1.61,0.34
8.217,-1.27,1.61,-1.27,1.61,0.34
8.220,-1.27,1.61,-1.27,1.61,0.34
8.237,-1.27,1.66,-1.27,1.66,0.39
8.267,-1.27,1.66,-1.27,1.66,0.39
8.271,-1.27,1.66,-1.27,1.66,0.39
8.274,-1.27,1.67,-1.27,1.67,0.40
8.310,-1.27,1.67,-1.27,1.67,0.40
8.318,-1.27,1.67,-1.27,1.67,0.40
8.322,-1.27,1.67,-1.27,1.67,0.40
8.340,-1.27,1.66,-1.27,1.66,0.39
8.369,-1.27,1.66,-1.27,1.66,0.39
8.372,-1.27,1.66,-1.27,1.66,0.39
8.376,-1.27,1.63,-1.27,1.63,0.36
8.413,-1.27,1.63,-1.27,1.63,0.36
8.419,-1.27,1.63,-1.27,1.63,0.36
8.423,-1.27,1.63,-1.27,1.63,0.36
8.445,-1.27,1.58,-1.27,1.58,0.31
8.470,-1.27,1.58,-1.27,1.58,0.31
8.473,-1.27,1.58,-1.27,1.58,0.31
8.481,-1.27,1.61,-1.27,1.61,0.34
8.515,-1.27,1.61,-1.27,1.61,0.34
8.520,-1.27,1.61,-1.27,1.61,0.34
8.524,-1.27,1.61,-1.27,1.61,0.34
8.549,-1.27,1.63,-1.27,1.63,0.36
8.571,-1.27,1.63,-1.27,1.63,0.36
8.575,-1.27,1.63,-1.27,1.63,0.36
8.585,-1.27,1.69,-1.27,1.69,0.42
8.616,-1.27,1.64,-1.27,1.64,0.37
8.622,-1.27,1.64,-1.27,1.64,0.37
8.626,-1.27,1.64,-1.27,1.64,0.37
8.652,-1.27,1.66,-1.27,1.66,0.38
8.673,-1.27,1.66,-1.27,1.66,0.38
8.678,-1.27,1.66,-1.27,1.66,0.38
8.689,-1.27,1.62,-1.27,1.62,0.35
8.721,-1.27,1.64,-1.27,1.64,0.37
8.724,-1.27,1.64,-1.27,1.64,0.37
8.727,-1.27,1.64,-1.27,1.64,0.37
8.757,-1.27,1.67,-1.27,1.67,0.40
8.774,-1.27,1.67,-1.27,1.67,0.40
8.779,-1.27,1.67,-1.27,1.67,0.40
8.789,-1.27,1.68,-1.27,1.68,0.41
8.825,-1.27,1.68,-1.27,1.68,0.41
8.829,-1.27,1.68,-1.27,1.68,0.41
8.833,-1.27,1.67,-1.27,1.67,0.40
8.862,-1.27,1.67,-1.27,1.67,0.40
8.875,-1.27,1.67,-1.27,1.67,0.40
8.876,-1.27,1.67,-1.27,1.67,0.40
8.892,-1.27,1.68,-1.27,1.68,0.41
8.926,-1.27,1.68,-1.27,1.68,0.41
8.931,-1.27,1.68,-1.27,1.68,0.41
8.935,-1.27,1.67,-1.27,1.67,0.39
8.965,-1.27,1.67,-1.27,1.67,0.40
8.977,-1.27,1.67,-1.27,1.67,0.40
8.982,-1.27,1.67,-1.27,1.67,0.40
8.998,-1.27,1.71,-1.27,1.71,0.44
9.027,-1.27,1.71,-1.27,1.71,0.44
9.031,-1.27,1.71,-1.27,1.71,0.44
9.034,-1.27,1.69,-1.27,1.69,0.42
9.065,-1.27,1.71,-1.27,1.71,0.44
9.079,-1.27,1.71,-1.27,1.71,0.44
9.084,-1.27,1.71,-1.27,1.71,0.44
9.100,-1.27,1.75,-1.27,1.75,0.48
9.129,-1.27,1.75,-1.27,1.75,0.48
9.132,-1.27,1.75,-1.27,1.75,0.48
9.137,-1.27,1.71,-1.27,1.71,0.44
9.168,-1.27,1.71,-1.27,1.71,0.44
9.179,-1.27,1.71,-1.27,1.71,0.44
9.181,-1.27,1.71,-1.27,1.71,0.44
9.205,-1.27,1.68,-1.27,1.68,0.41
9.229,-1.27,1.68,-1.27,1.68,0.41
9.233,-1.27,1.68,-1.27,1.68,0.41
9.243,-1.27,1.67,-1.27,1.67,0.40
9.273,-1.27,1.63,-1.27,1.63,0.36
9.281,-1.27,1.63,-1.27,1.63,0.36
9.285,-1.27,1.63,-1.27,1.63,0.36
9.308,-1.27,1.66,-1.27,1.66,0.39
9.332,-1.27,1.66,-1.27,1.66,0.39
9.335,-1.27,1.66,-1.27,1.66,0.39
9.342,-1.27,1.60,-1.27,1.60,0.33
9.377,-1.27,1.62,-1.27,1.62,0.35
9.382,-1.27,1.62,-1.27,1.62,0.35
9.386,-1.27,1.62,-1.27,1.62,0.35
9.413,-1.27,1.69,-1.27,1.69,0.42
9.433,-1.27,1.69,-1.27,1.69,0.42
9.438,-1.27,1.69,-1.27,1.69,0.42
9.445,-1.27,1.70,-1.27,1.70,0.43
9.481,-1.27,1.68,-1.27,1.68,0.41
9.485,-1.27,1.68,-1.27,1.68,0.41
9.488,-1.27,1.68,-1.27,1.68,0.41
9.518,-1.27,1.69,-1.27,1.69,0.42
9.534,-1.27,1.69,-1.27,1.69,0.42
9.538,-1.27,1.69,-1.27,1.69,0.42
9.548,-1.27,1.68,-1.27,1.68,0.41
9.584,-1.27,1.65,-1.27,1.65,0.38
9.587,-1.27,1.65,-1.27,1.65,0.38
9.589,-1.27,1.65,-1.27,1.65,0.38
9.616,-1.27,1.68,-1.27,1.68,0.41
9.636,-1.27,1.68,-1.27,1.68,0.41
9.641,-1.27,1.68,-1.27,1.68,0.41
9.654,-1.27,1.72,-1.27,1.72,0.45
9.687,-1.27,1.72,-1.27,1.72,0.45
9.690,-1.27,1.72,-1.27,1.72,0.45
9.694,-1.27,1.73,-1.27,1.73,0.46
9.720,-1.27,1.67,-1.27,1.67,0.40
9.738,-1.27,1.67,-1.27,1.67,0.40
9.741,-1.27,1.67,-1.27,1.67,0.40
9.758,-1.27,1.67,-1.27,1.67,0.40
9.788,-1.27,1.67,-1.27,1.67,0.40
9.792,-1.27,1.67,-1.27,1.67,0.40
9.795,-1.27,1.66,-1.27,1.66,0.39
9.824,-1.27,1.60,-1.27,1.60,0.33
9.838,-1.27,1.60,-1.27,1.60,0.33
9.843,-1.27,1.60,-1.27,1.60,0.33
9.861,-1.27,1.60,-1.27,1.60,0.33
9.890,-1.27,1.60,-1.27,1.60,0.33
9.893,-1.27,1.60,-1.27,1.60,0.33
9.897,-1.27,1.63,-1.27,1.63,0.36
9.929,-1.27,1.60,-1.27,1.60,0.33
9.939,-1.27,1.60,-1.27,1.60,0.33
9.941,-1.27,1.60,-1.27,1.60,0.33
9.965,-1.27,1.69,-1.27,1.69,0.42
9.991,-1.27,1.69,-1.27,1.69,0.42
9.994,-1.27,1.69,-1.27,1.69,0.42
9.998,-1.27,1.73,-1.27,1.73,0.46
10.032,-1.27,1.76,-1.27,1.76,0.49
10.041,-1.27,1.76,-1.27,1.76,0.49
10.045,-1.27,1.76,-1.27,1.76,0.49
10.068,-1.27,1.74,-1.27,1.74,0.47
10.092,-1.27,1.74,-1.27,1.74,0.47
10.096,-1.27,1.74,-1.27,1.74,0.47
10.100,-1.27,1.72,-1.27,1.72,0.45
10.137,-1.27,1.64,-1.27,1.64,0.37
10.142,-1.27,1.64,-1.27,1.64,0.37
10.145,-1.27,1.64,-1.27,1.64,0.37
10.168,-1.27,1.58,-1.27,1.58,0.31
10.193,-1.27,1.58,-1.27,1.58,0.31
10.197,-1.27,1.58,-1.27,1.58,0.31
10.207,-1.27,1.57,-1.27,1.57,0.30
10.247,-1.27,1.52,-1.27,1.52,0.25
10.250,-1.27,1.52,-1.27,1.52,0.25
10.253,-1.27,1.52,-1.27,1.52,0.25
10.274,-1.27,1.64,-1.27,1.64,0.37
10.297,-1.27,1.64,-1.27,1.64,0.37
10.300,-1.27,1.64,-1.27,1.64,0.37
10.308,-1.27,1.71,-1.27,1.71,0.44
10.346,-1.27,1.74,-1.27,1.74,0.47
10.350,-1.27,1.74,-1.27,1.74,0.47
10.354,-1.27,1.74,-1.27,1.74,0.47
10.377,-1.27,1.78,-1.27,1.78,0.51
10.399,-1.27,1.78,-1.27,1.78,0.51
10.403,-1.27,1.78,-1.27,1.78,0.51
10.414,-1.27,1.75,-1.27,1.75,0.48
10.445,-1.27,1.71,-1.27,1.71,0.44
10.450,-1.27,1.71,-1.27,1.71,0.44
10.454,-1.27,1.71,-1.27,1.71,0.44
10.481,-1.27,1.70,-1.27,1.70,0.43
10.500,-1.27,1.70,-1.27,1.70,0.43
10.504,-1.27,1.70,-1.27,1.70,0.43
10.516,-1.27,1.63,-1.27,1.63,0.36
10.548,-1.27,1.60,-1.27,1.60,0.33
10.551,-1.27,1.60,-1.27,1.60,0.33
10.554,-1.27,1.60,-1.27,1.60,0.33
10.584,-1.27,1.60,-1.27,1.60,0.33
10.602,-1.27,1.60,-1.27,1.60,0.33
10.607,-1.27,1.60,-1.27,1.60,0.33
10.623,-1.27,1.64,-1.27,1.64,0.36
10.653,-1.27,1.64,-1.27,1.64,0.36
10.657,-1.27,1.64,-1.27,1.64,0.36
10.661,-1.27,1.65,-1.27,1.65,0.38
10.691,-1.27,1.73,-1.27,1.73,0.46
10.703,-1.27,1.73,-1.27,1.73,0.46
10.707,-1.27,1.73,-1.27,1.73,0.46
10.720,-1.27,1.72,-1.27,1.72,0.45
10.754,-1.27,1.72,-1.27,1.72,0.45
10.757,-1.27,1.72,-1.27,1.72,0.45
10.761,-1.27,1.76,-1.27,1.76,0.49
10.794,-1.27,1.75,-1.27,1.75,0.47
10.805,-1.27,1.75,-1.27,1.75,0.47
10.809,-1.27,1.75,-1.27,1.75,0.47
10.825,-1.27,1.70,-1.27,1.70,0.43
10.855,-1.27,1.70,-1.27,1.70,0.43
10.859,-1.27,1.70,-1.27,1.70,0.43
10.863,-1.27,1.70,-1.27,1.70,0.43
10.896,-1.27,1.65,-1.27,1.65,0.38
10.905,-1.27,1.65,-1.27,1.65,0.38
10.907,-1.27,1.65,-1.27,1.65,0.38
10.929,-1.27,1.60,-1.27,1.60,0.33
10.956,-1.27,1.60,-1.27,1.60,0.33
10.959,-1.27,1.60,-1.27,1.60,0.33
10.964,-1.27,1.63,-1.27,1.63,0.35
10.996,-1.27,1.59,-1.27,1.59,0.32
11.007,-1.27,1.59,-1.27,1.59,0.32
11.011,-1.27,1.59,-1.27,1.59,0.32
11.033,-1.27,1.63,-1.27,1.63,0.36
11.057,-1.27,1.63,-1.27,1.63,0.36
11.061,-1.27,1.63,-1.27,1.63,0.36
11.068,-1.27,1.68,-1.27,1.68,0.41
11.102,-1.27,1.68,-1.27,1.68,0.41
11.108,-1.27,1.68,-1.27,1.68,0.41
11.111,-1.27,1.68,-1.27,1.68,0.41
11.136,-1.27,1.68,-1.27,1.68,0.41
11.158,-1.27,1.68,-1.27,1.68,0.41
11.161,-1.27,1.68,-1.27,1.68,0.41
11.172,-1.27,1.66,-1.27,1.66,0.39
11.204,-1.27,1.69,-1.27,1.69,0.42
11.209,-1.27,1.69,-1.27,1.69,0.42
11.212,-1.27,1.69,-1.27,1.69,0.42
11.242,-1.27,1.68,-1.27,1.68,0.41
11.260,-1.27,1.68,-1.27,1.68,0.41
11.265,-1.27,1.68,-1.27,1.68,0.41
11.274,-1.27,1.66,-1.27,1.66,0.39
11.310,-1.27,1.69,-1.27,1.69,0.42
11.314,-1.27,1.69,-1.27,1.69,0.42
11.316,-1.27,1.69,-1.27,1.69,0.42
11.345,-1.27,1.64,-1.27,1.64,0.37
11.361,-1.27,1.64,-1.27,1.64,0.37
11.366,-1.27,1.64,-1.27,1.64,0.37
11.380,-1.27,1.71,-1.27,1.71,0.44
11.413,-1.27,1.71,-1.27,1.71,0.44
11.416,-1.27,1.69,-1.27,1.69,0.42
11.419,-1.27,1.69,-1.27,1.69,0.42
11.448,-1.27,1.71,-1.27,1.71,0.44
11.464,-1.27,1.71,-1.27,1.71,0.44
11.469,-1.27,1.71,-1.27,1.71,0.44
11.480,-1.27,1.68,-1.27,1.68,0.41
11.515,-1.27,1.68,-1.27,1.68,0.41
11.518,-1.27,1.68,-1.27,1.68,0.41
11.519,-1.27,1.66,-1.27,1.66,0.39
11.550,-1.27,1.64,-1.27,1.64,0.37
11.565,-1.27,1.64,-1.27,1.64,0.37
11.569,-1.27,1.64,-1.27,1.64,0.37
11.584,-1.27,1.64,-1.27,1.64,0.37
11.616,-1.27,1.64,-1.27,1.64,0.37
11.618,-1.27,1.64,-1.27,1.64,0.37
11.620,-1.27,1.67,-1.27,1.67,0.40
11.652,-1.27,1.69,-1.27,1.69,0.42
11.666,-1.27,1.69,-1.27,1.69,0.42
11.670,-1.27,1.69,-1.27,1.69,0.42
11.690,-1.27,1.69,-1.27,1.69,0.42
11.718,-1.27,1.69,-1.27,1.69,0.42
11.722,-1.27,1.69,-1.27,1.69,0.42
11.727,-1.27,1.70,-1.27,1.70,0.43
11.758,-1.27,1.73,-1.27,1.73,0.46
11.768,-1.27,1.73,-1.27,1.73,0.46
11.770,-1.27,1.73,-1.27,1.73,0.46
11.794,-1.27,1.69,-1.27,1.69,0.42
11.820,-1.27,1.69,-1.27,1.69,0.42
11.824,-1.27,1.69,-1.27,1.69,0.42
11.828,-1.27,1.71,-1.27,1.71,0.44
11.860,-1.27,1.65,-1.27,1.65,0.38
11.870,-1.27,1.65,-1.27,1.65,0.38
11.871,-1.27,1.65,-1.27,1.65,0.38
11.896,-1.27,1.65,-1.27,1.65,0.38
11.921,-1.27,1.65,-1.27,1.65,0.38
11.925,-1.27,1.65,-1.27,1.65,0.38
11.928,-1.27,1.68,-1.27,1.68,0.41
11.964,-1.27,1.67,-1.27,1.67,0.40
11.972,-1.27,1.67,-1.27,1.67,0.40
11.976,-1.27,1.67,-1.27,1.67,0.40
12.001,-1.27,1.66,-1.27,1.66,0.39
12.022,-1.27,1.66,-1.27,1.66,0.39
12.026,-1.27,1.66,-1.27,1.66,0.39
12.034,-1.27,1.66,-1.27,1.66,0.39
12.068,-1.27,1.68,-1.27,1.68,0.41
12.073,-1.27,1.68,-1.27,1.68,0.41
12.077,-1.27,1.68,-1.27,1.68,0.41
12.101,-1.27,1.65,-1.27,1.65,0.38
12.124,-1.27,1.65,-1.27,1.65,0.38
12.128,-1.27,1.65,-1.27,1.65,0.38
12.137,-1.27,1.69,-1.27,1.69,0.42
12.174,-1.27,1.62,-1.27,1.62,0.35
12.179,-1.27,1.62,-1.27,1.62,0.35
12.182,-1.27,1.62,-1.27,1.62,0.35
12.206,-1.27,1.64,-1.27,1.64,0.37
12.225,-1.27,1.64,-1.27,1.64,0.37
12.229,-1.27,1.64,-1.27,1.64,0.37
12.242,-1.27,1.64,-1.27,1.64,0.37
12.276,-1.27,1.64,-1.27,1.64,0.37
12.280,-1.27,1.64,-1.27,1.64,0.37
12.283,-1.27,1.64,-1.27,1.64,0.37
12.309,-1.27,1.66,-1.27,1.66,0.39
12.326,-1.27,1.66,-1.27,1.66,0.39
12.331,-1.27,1.66,-1.27,1.66,0.39
12.346,-1.27,1.65,-1.27,1.65,0.38
12.377,-1.27,1.65,-1.27,1.65,0.38
12.381,-1.27,1.65,-1.27,1.65,0.38
12.384,-1.27,1.70,-1.27,1.70,0.43
12.413,-1.27,1.68,-1.27,1.68,0.41
12.428,-1.27,1.68,-1.27,1.68,0.41
12.433,-1.27,1.68,-1.27,1.68,0.41
12.450,-1.27,1.69,-1.27,1.69,0.42
12.479,-1.27,1.69,-1.27,1.69,0.42
12.482,-1.27,1.69,-1.27,1.69,0.42
12.485,-1.27,1.67,-1.27,1.67,0.40
12.516,-1.27,1.66,-1.27,1.66,0.39
12.529,-1.27,1.66,-1.27,1.66,0.39
12.533,-1.27,1.66,-1.27,1.66,0.39
12.553,-1.27,1.68,-1.27,1.68,0.41
12.580,-1.27,1.68,-1.27,1.68,0.41
12.584,-1.27,1.68,-1.27,1.68,0.41
12.588,-1.27,1.70,-1.27,1.70,0.43
12.621,-1.27,1.69,-1.27,1.69,0.42
12.631,-1.27,1.69,-1.27,1.69,0.42
12.636,-1.27,1.69,-1.27,1.69,0.42
12.653,-1.27,1.63,-1.27,1.63,0.36
12.682,-1.27,1.63,-1.27,1.63,0.36
12.684,-1.27,1.63,-1.27,1.63,0.36
12.688,-1.27,1.62,-1.27,1.62,0.35
12.727,-1.27,1.62,-1.27,1.62,0.35
12.732,-1.27,1.62,-1.27,1.62,0.35
12.735,-1.27,1.62,-1.27,1.62,0.35
12.760,-1.27,1.63,-1.27,1.63,0.36
12.783,-1.27,1.63,-1.27,1.63,0.36
12.786,-1.27,1.63,-1.27,1.63,0.36
12.795,-1.27,1.69,-1.27,1.69,0.42
12.830,-1.27,1.64,-1.27,1.64,0.37
12.833,-1.27,1.64,-1.27,1.64,0.37
12.837,-1.27,1.64,-1.27,1.64,0.37
12.860,-1.27,1.67,-1.27,1.67,0.40
12.884,-1.27,1.67,-1.27,1.67,0.40
12.885,-1.27,1.67,-1.27,1.67,0.40
12.899,-1.27,1.66,-1.27,1.66,0.39
12.929,-1.27,1.68,-1.27,1.68,0.41
12.934,-1.27,1.68,-1.27,1.68,0.41
12.937,-1.27,1.68,-1.27,1.68,0.41
12.966,-1.27,1.66,-1.27,1.66,0.39
12.986,-1.27,1.66,-1.27,1.66,0.39
12.989,-1.27,1.66,-1.27,1.66,0.39
13.006,-1.27,1.63,-1.27,1.63,0.36
13.038,-1.27,1.63,-1.27,1.63,0.36
13.041,-1.27,1.63,-1.27,1.63,0.36
13.045,-1.27,1.67,-1.27,1.67,0.40
13.077,-1.27,1.69,-1.27,1.69,0.42
13.089,-1.27,1.69,-1.27,1.69,0.42
13.094,-1.27,1.69,-1.27,1.69,0.42
13.117,-1.27,1.67,-1.27,1.67,0.40
13.151,-1.27,1.67,-1.27,1.67,0.40
13.154,-1.27,1.67,-1.27,1.67,0.40
13.178,-1.27,1.67,-1.27,1.67,0.40
13.203,-1.27,1.65,-1.27,1.65,0.37
13.206,-1.27,1.65,-1.27,1.65,0.37
13.210,-1.27,1.65,-1.27,1.65,0.37
13.226,-1.27,1.62,-1.27,1.62,0.35
13.263,-1.27,1.60,-1.27,1.60,0.33
13.266,-1.27,1.60,-1.27,1.60,0.33
13.268,-1.27,1.60,-1.27,1.60,0.33
13.324,-1.27,1.60,-1.27,1.60,0.33
13.327,-1.27,1.60,-1.27,1.60,0.33
13.344,-1.27,1.67,-1.27,1.67,0.40
13.352,-1.27,1.64,-1.27,1.64,0.36
13.370,-1.27,1.65,-1.27,1.65,0.38
13.374,-1.27,1.65,-1.27,1.65,0.38
13.376,-1.27,1.65,-1.27,1.65,0.38
13.397,-1.27,1.65,-1.27,1.65,0.38
13.427,-1.27,1.65,-1.27,1.65,0.38
13.431,-1.27,1.65,-1.27,1.65,0.38
13.434,-1.27,1.64,-1.27,1.64,0.37
13.455,-1.27,1.65,-1.27,1.65,0.38
13.480,-1.27,1.65,-1.27,1.65,0.38
13.482,-1.27,1.65,-1.27,1.65,0.38
13.484,-1.27,1.63,-1.27,1.63,0.36
13.518,-1.27,1.64,-1.27,1.64,0.37
13.531,-1.27,1.64,-1.27,1.64,0.37
13.536,-1.27,1.64,-1.27,1.64,0.37
13.553,-1.27,1.70,-1.27,1.70,0.43
13.581,-1.27,1.70,-1.27,1.70,0.43
13.586,-1.27,1.70,-1.27,1.70,0.43
13.590,-1.27,1.67,-1.27,1.67,0.40
13.621,-1.27,1.68,-1.27,1.68,0.41
13.631,-1.27,1.68,-1.27,1.68,0.41
13.636,-1.27,1.68,-1.27,1.68,0.41
13.660,-1.27,1.64,-1.27,1.64,0.37
13.683,-1.27,1.64,-1.27,1.64,0.37
13.686,-1.27,1.64,-1.27,1.64,0.37
13.694,-1.27,1.66,-1.27,1.66,0.39
13.728,-1.27,1.65,-1.27,1.65,0.38
13.734,-1.27,1.65,-1.27,1.65,0.38
13.737,-1.27,1.65,-1.27,1.65,0.38
13.758,-1.27,1.65,-1.27,1.65,0.38
13.784,-1.27,1.65,-1.27,1.65,0.38
13.787,-1.27,1.65,-1.27,1.65,0.38
13.794,-1.27,1.65,-1.27,1.65,0.37
13.829,-1.27,1.69,-1.27,1.69,0.42
13.835,-1.27,1.69,-1.27,1.69,0.42
13.839,-1.27,1.69,-1.27,1.69,0.42
13.861,-1.27,1.65,-1.27,1.65,0.38
13.885,-1.27,1.65,-1.27,1.65,0.38
13.887,-1.27,1.65,-1.27,1.65,0.38
13.897,-1.27,1.68,-1.27,1.68,0.41
13.934,-1.27,1.66,-1.27,1.66,0.39
13.937,-1.27,1.66,-1.27,1.66,0.39
13.940,-1.27,1.66,-1.27,1.66,0.39
13.965,-1.27,1.66,-1.27,1.66,0.39
13.987,-1.27,1.66,-1.27,1.66,0.39
13.990,-1.27,1.66,-1.27,1.66,0.39
14.000,-1.27,1.66,-1.27,1.66,0.39
14.033,-1.27,1.64,-1.27,1.64,0.37
14.037,-1.27,1.64,-1.27,1.64,0.37
14.041,-1.27,1.64,-1.27,1.64,0.37
14.069,-1.27,1.66,-1.27,1.66,0.39
14.088,-1.27,1.66,-1.27,1.66,0.39
14.093,-1.27,1.66,-1.27,1.66,0.39
14.105,-1.27,1.69,-1.27,1.69,0.42
14.137,-1.27,1.64,-1.27,1.64,0.37
14.141,-1.27,1.64,-1.27,1.64,0.37
14.144,-1.27,1.64,-1.27,1.64,0.37
14.176,-1.27,1.68,-1.27,1.68,0.41
14.189,-1.27,1.68,-1.27,1.68,0.41
14.195,-1.27,1.68,-1.27,1.68,0.41
14.208,-1.27,1.69,-1.27,1.69,0.42
14.239,-1.27,1.69,-1.27,1.69,0.42
14.242,-1.27,1.69,-1.27,1.69,0.42
14.245,-1.27,1.68,-1.27,1.68,0.41
14.277,-1.27,1.66,-1.27,1.66,0.39
14.290,-1.27,1.66,-1.27,1.66,0.39
14.291,-1.27,1.66,-1.27,1.66,0.39
14.308,-1.27,1.68,-1.27,1.68,0.41
14.341,-1.27,1.68,-1.27,1.68,0.41
14.343,-1.27,1.68,-1.27,1.68,0.41
14.345,-1.27,1.65,-1.27,1.65,0.38
14.384,-1.27,1.66,-1.27,1.66,0.39
14.392,-1.27,1.66,-1.27,1.66,0.39
14.393,-1.27,1.66,-1.27,1.66,0.39
14.413,-1.27,1.67,-1.27,1.67,0.40
14.442,-1.27,1.67,-1.27,1.67,0.40
14.444,-1.27,1.67,-1.27,1.67,0.40
14.448,-1.27,1.66,-1.27,1.66,0.39
14.484,-1.27,1.70,-1.27,1.70,0.43
14.493,-1.27,1.70,-1.27,1.70,0.43
14.495,-1.27,1.70,-1.27,1.70,0.43
14.516,-1.27,1.68,-1.27,1.68,0.41
14.544,-1.27,1.68,-1.27,1.68,0.41
14.545,-1.27,1.68,-1.27,1.68,0.41
14.552,-1.27,1.66,-1.27,1.66,0.39
14.584,-1.27,1.69,-1.27,1.69,0.42
14.594,-1.27,1.69,-1.27,1.69,0.42
14.595,-1.27,1.69,-1.27,1.69,0.42
14.626,-1.27,1.65,-1.27,1.65,0.38
14.645,-1.27,1.65,-1.27,1.65,0.38
14.650,-1.27,1.65,-1.27,1.65,0.38
14.659,-1.27,1.68,-1.27,1.68,0.41
14.688,-1.27,1.63,-1.27,1.63,0.36
14.697,-1.27,1.63,-1.27,1.63,0.36
14.700,-1.27,1.63,-1.27,1.63,0.36
14.724,-1.27,1.70,-1.27,1.70,0.43
14.747,-1.27,1.70,-1.27,1.70,0.43
14.751,-1.27,1.70,-1.27,1.70,0.43
14.760,-1.27,1.67,-1.27,1.67,0.40
14.795,-1.27,1.65,-1.27,1.65,0.38
14.797,-1.27,1.65,-1.27,1.65,0.38
14.799,-1.27,1.65,-1.27,1.65,0.38
14.830,-1.27,1.66,-1.27,1.66,0.39
14.849,-1.27,1.66,-1.27,1.66,0.39
14.854,-1.27,1.66,-1.27,1.66,0.39
14.864,-1.27,1.66,-1.27,1.66,0.39
14.897,-1.27,1.67,-1.27,1.67,0.40
14.899,-1.27,1.67,-1.27,1.67,0.40
14.900,-1.27,1.67,-1.27,1.67,0.40
14.932,-1.27,1.67,-1.27,1.67,0.39
14.950,-1.27,1.67,-1.27,1.67,0.39
14.955,-1.27,1.67,-1.27,1.67,0.39
14.965,-1.27,1.69,-1.27,1.69,0.42
15.000,-1.27,1.69,-1.27,1.69,0.42
15.004,-1.27,1.69,-1.27,1.69,0.42
15.008,-1.27,1.65,-1.27,1.65,0.38
15.040,-1.27,1.66,-1.27,1.66,0.39
15.051,-1.27,1.66,-1.27,1.66,0.39
15.055,-1.27,1.66,-1.27,1.66,0.39
15.069,-1.27,1.64,-1.27,1.64,0.37
15.103,-1.27,1.64,-1.27,1.64,0.37
15.106,-1.27,1.64,-1.27,1.64,0.37
15.109,-1.27,1.65,-1.27,1.65,0.38
15.136,-1.27,1.63,-1.27,1.63,0.36
15.153,-1.27,1.63,-1.27,1.63,0.36
15.158,-1.27,1.63,-1.27,1.63,0.36
15.173,-1.27,1.68,-1.27,1.68,0.41
15.203,-1.27,1.68,-1.27,1.68,0.41
15.206,-1.27,1.68,-1.27,1.68,0.41
15.208,-1.27,1.64,-1.27,1.64,0.37
15.241,-1.27,1.63,-1.27,1.63,0.35
15.254,-1.27,1.63,-1.27,1.63,0.35
15.257,-1.27,1.63,-1.27,1.63,0.35
15.277,-1.27,1.66,-1.27,1.66,0.39
15.305,-1.27,1.66,-1.27,1.66,0.39
15.307,-1.27,1.66,-1.27,1.66,0.39
15.314,-1.27,1.66,-1.27,1.66,0.39
15.346,-1.27,1.69,-1.27,1.69,0.42
15.355,-1.27,1.69,-1.27,1.69,0.42
15.357,-1.27,1.69,-1.27,1.69,0.42
15.382,-1.27,1.64,-1.27,1.64,0.37
15.406,-1.27,1.64,-1.27,1.64,0.37
15.410,-1.27,1.64,-1.27,1.64,0.37
15.414,-1.27,1.63,-1.27,1.63,0.36
15.449,-1.27,1.57,-1.27,1.57,0.30
15.457,-1.27,1.57,-1.27,1.57,0.30
15.461,-1.27,1.57,-1.27,1.57,0.30
15.484,-1.27,1.70,-1.27,1.70,0.43
15.508,-1.27,1.70,-1.27,1.70,0.43
15.512,-1.27,1.70,-1.27,1.70,0.43
15.516,-1.27,1.70,-1.27,1.70,0.43
15.554,-1.27,1.76,-1.27,1.76,0.49
15.558,-1.27,1.76,-1.27,1.76,0.49
15.560,-1.27,1.76,-1.27,1.76,0.49
15.589,-1.27,1.74,-1.27,1.74,0.47
15.609,-1.27,1.74,-1.27,1.74,0.47
15.614,-1.27,1.74,-1.27,1.74,0.47
15.621,-1.27,1.78,-1.27,1.78,0.51
15.657,-1.27,1.80,-1.27,1.80,0.53
15.661,-1.27,1.80,-1.27,1.80,0.53
15.665,-1.27,1.80,-1.27,1.80,0.53
15.689,-1.27,1.79,-1.27,1.79,0.52
15.711,-1.27,1.79,-1.27,1.79,0.52
15.715,-1.27,1.79,-1.27,1.79,0.52
15.725,-1.27,1.76,-1.27,1.76,0.49
15.761,-1.27,1.78,-1.27,1.78,0.51
15.764,-1.27,1.78,-1.27,1.78,0.51
15.765,-1.27,1.78,-1.27,1.78,0.51
15.794,-1.27,1.76,-1.27,1.76,0.49
15.812,-1.27,1.76,-1.27,1.76,0.49
15.817,-1.27,1.76,-1.27,1.76,0.49
15.830,-1.27,1.74,-1.27,1.74,0.47
15.862,-1.27,1.74,-1.27,1.74,0.47
15.865,-1.27,1.74,-1.27,1.74,0.47
15.868,-1.27,1.72,-1.27,1.72,0.45
15.896,-1.27,1.74,-1.27,1.74,0.47
15.913,-1.27,1.74,-1.27,1.74,0.47
15.915,-1.27,1.74,-1.27,1.74,0.47
15.932,-1.27,1.78,-1.27,1.78,0.51
15.963,-1.27,1.78,-1.27,1.78,0.51
15.967,-1.27,1.78,-1.27,1.78,0.51
15.972,-1.27,1.79,-1.27,1.79,0.52
16.003,-1.27,1.83,-1.27,1.83,0.56
16.014,-1.27,1.83,-1.27,1.83,0.56
16.018,-1.27,1.83,-1.27,1.83,0.56
16.038,-1.27,1.86,-1.27,1.86,0.59
16.064,-1.27,1.86,-1.27,1.86,0.59
16.068,-1.27,1.86,-1.27,1.86,0.59
16.071,-1.27,1.87,-1.27,1.87,0.60
16.105,-1.27,1.82,-1.27,1.82,0.55
16.116,-1.27,1.82,-1.27,1.82,0.55
16.122,-1.27,1.82,-1.27,1.82,0.55
16.140,-1.27,1.83,-1.27,1.83,0.55
16.167,-1.27,1.83,-1.27,1.83,0.55
16.170,-1.27,1.83,-1.27,1.83,0.55
16.174,-1.27,1.77,-1.27,1.77,0.50
16.208,-1.27,1.77,-1.27,1.77,0.50
16.217,-1.27,1.77,-1.27,1.77,0.50
16.221,-1.27,1.77,-1.27,1.77,0.50
16.240,-1.27,1.81,-1.27,1.81,0.54
16.268,-1.27,1.81,-1.27,1.81,0.54
16.272,-1.27,1.81,-1.27,1.81,0.54
16.278,-1.27,1.82,-1.27,1.82,0.55
16.315,-1.27,1.81,-1.27,1.81,0.54
16.318,-1.27,1.81,-1.27,1.81,0.54
16.321,-1.27,1.81,-1.27,1.81,0.54
16.345,-1.27,1.81,-1.27,1.81,0.54
16.370,-1.27,1.81,-1.27,1.81,0.54
16.373,-1.27,1.81,-1.27,1.81,0.54
16.381,-1.27,1.84,-1.27,1.84,0.57
16.417,-1.27,1.82,-1.27,1.82,0.55
16.421,-1.27,1.82,-1.27,1.82,0.55
16.423,-1.27,1.82,-1.27,1.82,0.55
16.448,-1.27,1.84,-1.27,1.84,0.57
16.471,-1.27,1.84,-1.27,1.84,0.57
16.475,-1.27,1.84,-1.27,1.84,0.57
16.485,-1.27,1.82,-1.27,1.82,0.55
16.518,-1.27,1.81,-1.27,1.81,0.54
16.521,-1.27,1.81,-1.27,1.81,0.54
16.523,-1.27,1.81,-1.27,1.81,0.54
16.554,-1.27,1.81,-1.27,1.81,0.54
16.572,-1.27,1.81,-1.27,1.81,0.54
16.577,-1.27,1.81,-1.27,1.81,0.54
16.590,-1.27,1.80,-1.27,1.80,0.53
16.622,-1.27,1.83,-1.27,1.83,0.56
16.625,-1.27,1.83,-1.27,1.83,0.56
16.626,-1.27,1.83,-1.27,1.83,0.56
16.656,-1.27,1.82,-1.27,1.82,0.55
16.674,-1.27,1.82,-1.27,1.82,0.55
16.678,-1.27,1.82,-1.27,1.82,0.55
16.694,-1.27,1.86,-1.27,1.86,0.59
16.725,-1.27,1.84,-1.27,1.84,0.57
16.728,-1.27,1.84,-1.27,1.84,0.57
16.731,-1.27,1.84,-1.27,1.84,0.57
16.761,-1.27,1.78,-1.27,1.78,0.51
16.775,-1.27,1.78,-1.27,1.78,0.51
16.778,-1.27,1.78,-1.27,1.78,0.51
16.797,-1.27,1.85,-1.27,1.85,0.58
16.826,-1.27,1.85,-1.27,1.85,0.58
16.830,-1.27,1.85,-1.27,1.85,0.58
16.834,-1.27,1.85,-1.27,1.85,0.58
16.871,-1.27,1.83,-1.27,1.83,0.56
16.876,-1.27,1.83,-1.27,1.83,0.56
16.877,-1.27,1.83,-1.27,1.83,0.56
16.899,-1.27,1.83,-1.27,1.83,0.56
16.927,-1.27,1.83,-1.27,1.83,0.56
16.931,-1.27,1.83,-1.27,1.83,0.56
16.937,-1.27,1.82,-1.27,1.82,0.55
16.970,-1.27,1.81,-1.27,1.81,0.54
16.979,-1.27,1.81,-1.27,1.81,0.54
16.984,-1.27,1.81,-1.27,1.81,0.54
17.001,-1.27,1.84,-1.27,1.84,0.57
17.030,-1.27,1.84,-1.27,1.84,0.57
17.033,-1.27,1.84,-1.27,1.84,0.57
17.038,-1.27,1.83,-1.27,1.83,0.56
17.069,-1.27,1.85,-1.27,1.85,0.58
17.080,-1.27,1.85,-1.27,1.85,0.58
17.084,-1.27,1.85,-1.27,1.85,0.58
17.105,-1.27,1.84,-1.27,1.84,0.57
17.131,-1.27,1.84,-1.27,1.84,0.57
17.134,-1.27,1.84,-1.27,1.84,0.57
17.141,-1.27,1.84,-1.27,1.84,0.57
17.173,-1.27,1.82,-1.27,1.82,0.55
17.182,-1.27,1.82,-1.27,1.82,0.55
17.187,-1.27,1.82,-1.27,1.82,0.55
17.212,-1.27,1.83,-1.27,1.83,0.56
17.232,-1.27,1.83,-1.27,1.83,0.56
17.237,-1.27,1.83,-1.27,1.83,0.56
17.244,-1.27,1.84,-1.27,1.84,0.57
17.277,-1.27,1.83,-1.27,1.83,0.56
17.282,-1.27,1.83,-1.27,1.83,0.56
17.286,-1.27,1.83,-1.27,1.83,0.56
17.314,-1.27,1.83,-1.27,1.83,0.56
17.334,-1.27,1.83,-1.27,1.83,0.56
17.338,-1.27,1.83,-1.27,1.83,0.56
17.346,-1.27,1.85,-1.27,1.85,0.58
17.380,-1.27,1.82,-1.27,1.82,0.55
17.385,-1.27,1.82,-1.27,1.82,0.55
17.388,-1.27,1.82,-1.27,1.82,0.55
17.418,-1.27,1.84,-1.27,1.84,0.57
17.436,-1.27,1.84,-1.27,1.84,0.57
17.440,-1.27,1.84,-1.27,1.84,0.57
17.450,-1.27,1.85,-1.27,1.85,0.58
17.486,-1.27,1.85,-1.27,1.85,0.58
17.489,-1.27,1.85,-1.27,1.85,0.58
17.492,-1.27,1.85,-1.27,1.85,0.58
17.521,-1.27,1.83,-1.27,1.83,0.56
17.537,-1.27,1.83,-1.27,1.83,0.56
17.541,-1.27,1.83,-1.27,1.83,0.56
17.553,-1.27,1.83,-1.27,1.83,0.56
17.587,-1.27,1.83,-1.27,1.83,0.56
17.592,-1.27,1.83,-1.27,1.83,0.56
17.595,-1.27,1.81,-1.27,1.81,0.54
17.621,-1.27,1.81,-1.27,1.81,0.54
17.638,-1.27,1.81,-1.27,1.81,0.54
17.641,-1.27,1.81,-1.27,1.81,0.54
17.657,-1.27,1.83,-1.27,1.83,0.56
17.688,-1.27,1.83,-1.27,1.83,0.56
17.693,-1.27,1.83,-1.27,1.83,0.56
17.696,-1.27,1.80,-1.27,1.80,0.53
17.726,-1.27,1.85,-1.27,1.85,0.58
17.740,-1.27,1.85,-1.27,1.85,0.58
17.744,-1.27,1.85,-1.27,1.85,0.58
17.761,-1.27,1.90,-1.27,1.90,0.63
17.791,-1.27,1.90,-1.27,1.90,0.63
17.794,-1.27,1.90,-1.27,1.90,0.63
17.797,-1.27,1.84,-1.27,1.84,0.57
17.829,-1.27,1.86,-1.27,1.86,0.59
17.840,-1.27,1.86,-1.27,1.86,0.59
17.842,-1.27,1.86,-1.27,1.86,0.59
17.864,-1.27,1.82,-1.27,1.82,0.55
17.891,-1.27,1.82,-1.27,1.82,0.55
17.894,-1.27,1.82,-1.27,1.82,0.55
17.896,-1.27,1.85,-1.27,1.85,0.58
17.934,-1.27,1.85,-1.27,1.85,0.58
17.943,-1.27,1.85,-1.27,1.85,0.58
17.947,-1.27,1.85,-1.27,1.85,0.58
17.970,-1.27,1.87,-1.27,1.87,0.60
17.993,-1.27,1.87,-1.27,1.87,0.60
17.998,-1.27,1.87,-1.27,1.87,0.60
18.002,-1.27,1.86,-1.27,1.86,0.59
18.037,-1.27,1.84,-1.27,1.84,0.57
18.044,-1.27,1.84,-1.27,1.84,0.57
18.048,-1.27,1.84,-1.27,1.84,0.57
18.074,-1.27,1.85,-1.27,1.85,0.58
18.095,-1.27,1.85,-1.27,1.85,0.58
18.099,-1.27,1.85,-1.27,1.85,0.58
18.105,-1.27,1.81,-1.27,1.81,0.54
18.140,-1.27,1.84,-1.27,1.84,0.57
18.145,-1.27,1.84,-1.27,1.84,0.57
18.149,-1.27,1.84,-1.27,1.84,0.57
18.174,-1.27,1.85,-1.27,1.85,0.58
18.196,-1.27,1.85,-1.27,1.85,0.58
18.200,-1.27,1.85,-1.27,1.85,0.58
18.208,-1.27,1.85,-1.27,1.85,0.58
18.245,-1.27,1.86,-1.27,1.86,0.59
18.248,-1.27,1.86,-1.27,1.86,0.59
18.251,-1.27,1.86,-1.27,1.86,0.59
18.277,-1.27,1.87,-1.27,1.87,0.60
18.296,-1.27,1.87,-1.27,1.87,0.60
18.299,-1.27,1.87,-1.27,1.87,0.60
18.312,-1.27,1.85,-1.27,1.85,0.58
18.347,-1.27,1.85,-1.27,1.85,0.58
18.350,-1.27,1.85,-1.27,1.85,0.58
18.353,-1.27,1.82,-1.27,1.82,0.55
18.381,-1.27,1.87,-1.27,1.87,0.60
18.398,-1.27,1.87,-1.27,1.87,0.60
18.401,-1.27,1.87,-1.27,1.87,0.60
18.418,-1.27,1.86,-1.27,1.86,0.59
18.448,-1.27,1.85,-1.27,1.85,0.58
18.451,-1.27,1.85,-1.27,1.85,0.58
18.452,-1.27,1.85,-1.27,1.85,0.58
18.484,-1.27,1.85,-1.27,1.85,0.58
18.498,-1.27,1.85,-1.27,1.85,0.58
18.502,-1.27,1.85,-1.27,1.85,0.58
18.521,-1.27,1.89,-1.27,1.89,0.62
18.550,-1.27,1.89,-1.27,1.89,0.62
18.553,-1.27,1.89,-1.27,1.89,0.62
18.555,-1.27,1.85,-1.27,1.85,0.58
18.589,-1.27,1.87,-1.27,1.87,0.60
18.600,-1.27,1.87,-1.27,1.87,0.60
18.605,-1.27,1.87,-1.27,1.87,0.60
18.624,-1.27,1.86,-1.27,1.86,0.59
18.651,-1.27,1.86,-1.27,1.86,0.59
18.655,-1.27,1.86,-1.27,1.86,0.59
18.658,-1.27,1.84,-1.27,1.84,0.57
18.692,-1.27,1.85,-1.27,1.85,0.58
18.702,-1.27,1.85,-1.27,1.85,0.58
18.704,-1.27,1.85,-1.27,1.85,0.58
18.724,-1.27,1.85,-1.27,1.85,0.58
18.755,-1.27,1.85,-1.27,1.85,0.58
18.757,-1.27,1.85,-1.27,1.85,0.58
18.761,-1.27,1.86,-1.27,1.86,0.59
18.797,-1.27,1.85,-1.27,1.85,0.58
18.804,-1.27,1.85,-1.27,1.85,0.58
18.807,-1.27,1.85,-1.27,1.85,0.58
18.828,-1.27,1.87,-1.27,1.87,0.60
18.854,-1.27,1.87,-1.27,1.87,0.60
18.859,-1.27,1.87,-1.27,1.87,0.60
18.864,-1.27,1.89,-1.27,1.89,0.62
18.900,-1.27,1.87,-1.27,1.87,0.60
18.904,-1.27,1.87,-1.27,1.87,0.60
18.906,-1.27,1.87,-1.27,1.87,0.60
18.932,-1.27,1.86,-1.27,1.86,0.59
18.956,-1.27,1.86,-1.27,1.86,0.59
18.957,-1.27,1.86,-1.27,1.86,0.59
18.970,-1.27,1.90,-1.27,1.90,0.63
19.001,-1.27,1.93,-1.27,1.93,0.66
19.006,-1.27,1.93,-1.27,1.93,0.66
19.009,-1.27,1.93,-1.27,1.93,0.66
19.037,-1.27,1.71,-1.27,1.71,0.44
19.058,-1.27,1.71,-1.27,1.71,0.44
19.061,-1.27,1.71,-1.27,1.71,0.44
19.075,-1.27,1.56,-1.27,1.56,0.29
19.107,-1.27,1.60,-1.27,1.60,0.33
19.111,-1.27,1.60,-1.27,1.60,0.33
19.114,-1.27,1.60,-1.27,1.60,0.33
19.143,-1.27,1.53,-1.27,1.53,0.26
19.161,-1.27,1.53,-1.27,1.53,0.26
19.165,-1.27,1.53,-1.27,1.53,0.26
19.176,-1.27,1.51,-1.27,1.51,0.24
19.209,-1.27,1.62,-1.27,1.62,0.35
19.213,-1.27,1.62,-1.27,1.62,0.35
19.217,-1.27,1.62,-1.27,1.62,0.35
19.244,-1.27,1.75,-1.27,1.75,0.48
19.261,-1.27,1.75,-1.27,1.75,0.48
19.264,-1.27,1.75,-1.27,1.75,0.48
19.276,-1.27,1.81,-1.27,1.81,0.54
19.311,-1.27,1.81,-1.27,1.81,0.54
19.313,-1.27,1.81,-1.27,1.81,0.54
19.315,-1.27,1.84,-1.27,1.84,0.57
19.348,-1.27,1.75,-1.27,1.75,0.47
19.363,-1.27,1.75,-1.27,1.75,0.47
19.367,-1.27,1.75,-1.27,1.75,0.47
19.384,-1.27,1.74,-1.27,1.74,0.47
19.414,-1.27,1.74,-1.27,1.74,0.47
19.418,-1.27,1.74,-1.27,1.74,0.47
19.421,-1.27,1.79,-1.27,1.79,0.52
19.453,-1.27,1.87,-1.27,1.87,0.60
19.464,-1.27,1.87,-1.27,1.87,0.60
19.468,-1.27,1.87,-1.27,1.87,0.60
19.484,-1.27,1.83,-1.27,1.83,0.56
19.514,-1.27,1.83,-1.27,1.83,0.56
19.516,-1.27,1.83,-1.27,1.83,0.56
19.522,-1.27,1.75,-1.27,1.75,0.47
19.553,-1.27,1.57,-1.27,1.57,0.30
19.565,-1.27,1.57,-1.27,1.57,0.30
19.569,-1.27,1.57,-1.27,1.57,0.30
19.591,-1.27,1.49,-1.27,1.49,0.22
19.616,-1.27,1.49,-1.27,1.49,0.22
19.620,-1.27,1.49,-1.27,1.49,0.22
19.626,-1.27,1.41,-1.27,1.41,0.14
19.658,-1.27,1.49,-1.27,1.49,0.21
19.667,-1.27,1.49,-1.27,1.49,0.21
19.672,-1.27,1.49,-1.27,1.49,0.21
19.694,-1.27,1.52,-1.27,1.52,0.25
19.717,-1.27,1.52,-1.27,1.52,0.25
19.718,-1.27,1.52,-1.27,1.52,0.25
19.729,-1.27,1.63,-1.27,1.63,0.36
19.760,-1.27,1.73,-1.27,1.73,0.46
19.770,-1.27,1.73,-1.27,1.73,0.46
19.772,-1.27,1.73,-1.27,1.73,0.46
19.798,-1.27,1.65,-1.27,1.65,0.37
19.819,-1.27,1.65,-1.27,1.65,0.37
19.822,-1.27,1.65,-1.27,1.65,0.37
19.829,-1.27,1.41,-1.27,1.41,0.14
19.867,-1.27,1.45,-1.27,1.45,0.18
19.870,-1.27,1.45,-1.27,1.45,0.18
19.871,-1.27,1.45,-1.27,1.45,0.18
19.903,-1.27,1.59,-1.27,1.59,0.32
19.921,-1.27,1.59,-1.27,1.59,0.32
19.924,-1.27,1.59,-1.27,1.59,0.32
19.932,-1.27,1.55,-1.27,1.55,0.28
19.969,-1.27,1.26,-1.27,1.26,-0.01
19.972,-1.27,1.26,-1.27,1.26,-0.01
19.975,-1.27,1.26,-1.27,1.26,-0.01
20.006,-1.27,1.19,-1.27,1.19,-0.08
20.022,-1.27,1.19,-1.27,1.19,-0.08
20.026,-1.27,1.19,-1.27,1.19,-0.08
20.038,-1.27,1.38,-1.27,1.38,0.11
20.073,-1.27,1.38,-1.27,1.38,0.11
20.076,-1.27,1.18,-1.27,1.18,-0.09
20.079,-1.27,1.18,-1.27,1.18,-0.09
20.106,-1.27,1.19,-1.27,1.19,-0.08
20.123,-1.27,1.19,-1.27,1.19,-0.08
20.126,-1.27,1.19,-1.27,1.19,-0.08
20.141,-1.27,1.06,-1.27,1.06,-0.21
20.174,-1.27,1.06,-1.27,1.06,-0.21
20.177,-1.27,1.06,-1.27,1.06,-0.21
20.178,-1.27,0.89,-1.27,0.89,-0.38
20.209,-1.27,1.00,-1.27,1.00,-0.27
20.225,-1.27,1.00,-1.27,1.00,-0.27
20.228,-1.27,1.00,-1.27,1.00,-0.27
20.245,-1.27,0.86,-1.27,0.86,-0.41
20.276,-1.27,0.86,-1.27,0.86,-0.41
20.279,-1.27,0.86,-1.27,0.86,-0.41
20.283,-1.27,0.68,-1.27,0.68,-0.59
20.315,-1.27,0.75,-1.27,0.75,-0.52
20.326,-1.27,0.75,-1.27,0.75,-0.52
20.329,-1.27,0.75,-1.27,0.75,-0.52
20.348,-1.27,0.61,-1.27,0.61,-0.66
20.378,-1.27,0.61,-1.27,0.61,-0.66
20.381,-1.27,0.61,-1.27,0.61,-0.66
20.383,-1.27,0.52,-1.27,0.52,-0.75
20.416,-1.27,0.62,-1.27,0.62,-0.65
20.429,-1.27,0.62,-1.27,0.62,-0.65
20.432,-1.27,0.62,-1.27,0.62,-0.65
20.453,-1.27,0.40,-1.27,0.40,-0.87
20.479,-1.27,0.40,-1.27,0.40,-0.87
20.483,-1.27,0.40,-1.27,0.40,-0.87
20.487,-1.27,0.45,-1.27,0.45,-0.82
20.523,-1.27,0.39,-1.27,0.39,-0.88
20.529,-1.27,0.39,-1.27,0.39,-0.88
20.533,-1.27,0.39,-1.27,0.39,-0.88
20.558,-1.27,0.20,-1.27,0.20,-1.07
20.580,-1.27,0.20,-1.27,0.20,-1.07
20.582,-1.27,0.20,-1.27,0.20,-1.07
20.590,-1.27,0.29,-1.27,0.29,-0.98
20.626,-1.27,0.15,-1.27,0.15,-1.12
20.630,-1.27,0.15,-1.27,0.15,-1.12
20.631,-1.27,0.15,-1.27,0.15,-1.12
20.658,-1.27,0.16,-1.27,0.16,-1.11
20.681,-1.27,0.16,-1.27,0.16,-1.11
20.684,-1.27,0.16,-1.27,0.16,-1.11
20.693,-1.27,0.08,-1.27,0.08,-1.19
20.729,-1.27,0.04,-1.27,0.04,-1.23
20.732,-1.27,0.04,-1.27,0.04,-1.23
20.734,-1.27,0.04,-1.27,0.04,-1.23
20.761,-1.27,0.00,-1.27,0.00,-1.27
20.783,-1.27,0.00,-1.27,0.00,-1.27
20.785,-1.27,0.00,-1.27,0.00,-1.27
20.799,-1.27,0.14,-1.27,0.14,-1.41
20.832,-1.27,0.11,-1.27,0.11,-1.38
20.836,178.33,179.70,-1.27,0.11,-1.38
20.840,178.33,179.70,178.33,179.70,-1.38
20.865,178.33,179.87,178.33,179.87,-1.54
20.884,178.33,179.87,178.33,179.87,-1.54
20.886,178.33,179.87,178.33,179.87,-1.54
20.902,178.33,179.89,178.33,179.89,-1.57
20.933,178.33,180.07,178.33,180.07,-1.74
20.937,178.33,180.07,178.33,180.07,-1.74
20.940,178.33,180.07,178.33,180.07,-1.74
20.968,178.33,180.02,178.33,180.02,-1.69
20.985,178.33,180.02,178.33,180.02,-1.69
20.989,178.33,180.02,178.33,180.02,-1.69
21.008,178.33,180.36,178.33,180.36,-2.04
21.036,178.33,180.36,178.33,180.36,-2.04
21.041,178.33,180.36,178.33,180.36,-2.04
21.044,178.33,180.20,178.33,180.20,-1.88
21.076,178.33,180.36,178.33,180.36,-2.04
21.087,178.33,180.36,178.33,180.36,-2.04
21.093,178.33,180.36,178.33,180.36,-2.04
21.110,178.33,180.38,178.33,180.38,-2.06
21.138,178.33,180.38,178.33,180.38,-2.06
21.142,178.33,180.38,178.33,180.38,-2.06
21.146,178.33,180.59,178.33,180.59,-2.27
21.178,178.33,180.53,178.33,180.53,-2.21
21.188,-0.18,2.03,178.33,180.53,-2.21
21.193,-0.18,2.03,-0.18,2.03,-2.21
21.209,-0.18,2.32,-0.18,2.32,-2.50
21.239,-0.18,2.32,-0.18,2.32,-2.50
21.242,-0.18,2.32,-0.18,2.32,-2.50
21.247,-0.18,2.25,-0.18,2.25,-2.43
21.288,-0.18,2.41,-0.18,2.41,-2.59
21.292,-0.18,2.41,-0.18,2.41,-2.59
21.296,-0.18,2.41,-0.18,2.41,-2.59
21.315,-0.18,2.48,-0.18,2.48,-2.66
21.340,-0.18,2.48,-0.18,2.48,-2.66
21.344,-0.18,2.48,-0.18,2.48,-2.66
21.348,-0.18,2.39,-0.18,2.39,-2.57
21.385,-0.18,2.54,-0.18,2.54,-2.72
21.391,-0.18,2.54,-0.18,2.54,-2.72
21.395,-0.18,2.54,-0.18,2.54,-2.72
21.416,-0.18,2.72,-0.18,2.72,-2.90
21.441,1.09,3.99,-0.18,2.72,-2.90
21.445,1.09,3.99,1.09,3.99,-2.90
21.453,1.09,4.16,1.09,4.16,-3.07
21.484,1.09,4.14,1.09,4.14,-3.05
21.492,1.09,4.14,1.09,4.14,-3.05
21.496,1.09,4.14,1.09,4.14,-3.05
21.522,1.09,4.31,1.09,4.31,-3.22
21.542,1.09,4.31,1.09,4.31,-3.22
21.546,1.09,4.31,1.09,4.31,-3.22
21.560,1.09,4.45,1.09,4.45,-3.36
21.592,1.09,4.46,1.09,4.46,-3.37
21.596,1.09,4.46,1.09,4.46,-3.37
21.600,1.09,4.46,1.09,4.46,-3.37
21.626,1.09,4.61,1.09,4.61,-3.53
21.644,1.09,4.61,1.09,4.61,-3.53
21.648,1.09,4.61,1.09,4.61,-3.53
21.661,1.09,4.84,1.09,4.84,-3.75
21.693,1.09,5.05,1.09,5.05,-3.96
21.697,1.09,5.05,1.09,5.05,-3.96
21.700,1.09,5.05,1.09,5.05,-3.96
21.729,1.09,5.11,1.09,5.11,-4.02
21.746,1.09,5.11,1.09,5.11,-4.02
21.750,1.09,5.11,1.09,5.11,-4.02
21.762,1.09,5.24,1.09,5.24,-4.16
21.797,-1.20,2.96,1.09,5.24,-4.16
21.801,-1.20,2.96,-1.20,2.96,-4.16
21.804,-1.20,3.08,-1.20,3.08,-4.28
21.833,-1.20,3.33,-1.20,3.33,-4.52
21.847,-1.20,3.33,-1.20,3.33,-4.52
21.849,-1.20,3.33,-1.20,3.33,-4.52
21.864,-1.20,3.53,-1.20,3.53,-4.73
21.897,-1.20,3.53,-1.20,3.53,-4.73
21.899,-1.20,3.53,-1.20,3.53,-4.73
21.900,-1.20,3.74,-1.20,3.74,-4.94
21.938,-1.20,3.89,-1.20,3.89,-5.09
21.948,-1.20,3.89,-1.20,3.89,-5.09
21.951,-1.20,3.89,-1.20,3.89,-5.09
21.970,-1.20,4.03,-1.20,4.03,-5.23
21.999,-1.20,4.03,-1.20,4.03,-5.23
22.002,-1.20,4.03,-1.20,4.03,-5.23
22.006,-1.20,4.30,-1.20,4.30,-5.49
22.040,-1.20,4.45,-1.20,4.45,-5.65
22.050,-3.86,1.78,-1.20,4.45,-5.65
22.055,-3.86,1.78,-3.86,1.78,-5.65
22.075,-3.86,2.19,-3.86,2.19,-6.06
22.100,-3.86,2.19,-3.86,2.19,-6.06
22.104,-3.86,2.19,-3.86,2.19,-6.06
22.109,-3.86,2.48,-3.86,2.48,-6.35
22.142,-3.86,2.73,-3.86,2.73,-6.59
22.151,-3.86,2.73,-3.86,2.73,-6.59
22.155,-3.86,2.73,-3.86,2.73,-6.59
22.178,-3.86,2.86,-3.86,2.86,-6.73
22.202,-3.86,2.86,-3.86,2.86,-6.73
22.204,-3.86,2.86,-3.86,2.86,-6.73
22.214,-3.86,3.09,-3.86,3.09,-6.96
22.246,-3.86,3.36,-3.86,3.36,-7.23
22.253,-3.86,3.36,-3.86,3.36,-7.23
22.257,-3.86,3.36,-3.86,3.36,-7.23
22.281,-3.86,3.58,-3.86,3.58,-7.44
22.304,-3.86,3.58,-3.86,3.58,-7.44
22.307,-3.86,3.58,-3.86,3.58,-7.44
22.314,-3.86,3.75,-3.86,3.75,-7.61
22.349,-3.86,4.01,-3.86,4.01,-7.87
22.355,-3.86,4.01,-3.86,4.01,-7.87
22.360,-3.86,4.01,-3.86,4.01,-7.87
22.386,-3.86,4.22,-3.86,4.22,-8.09
22.406,-3.43,4.65,-3.86,4.22,-8.09
22.409,-3.43,4.65,-3.43,4.65,-8.09
22.416,-3.43,4.69,-3.43,4.69,-8.12
22.455,-3.43,4.84,-3.43,4.84,-8.27
22.458,-3.43,4.84,-3.43,4.84,-8.27
22.460,-3.43,4.84,-3.43,4.84,-8.27
22.492,-3.43,5.11,-3.43,5.11,-8.54
22.507,-3.43,5.11,-3.43,5.11,-8.54
22.510,-3.43,5.11,-3.43,5.11,-8.54
22.522,-3.43,5.38,-3.43,5.38,-8.81
22.557,-3.43,5.47,-3.43,5.47,-8.90
22.560,-3.43,5.47,-3.43,5.47,-8.90
22.564,-3.43,5.47,-3.43,5.47,-8.90
22.589,-3.43,5.59,-3.43,5.59,-9.03
22.609,-3.43,5.59,-3.43,5.59,-9.03
22.611,-3.43,5.59,-3.43,5.59,-9.03
22.625,-3.43,5.85,-3.43,5.85,-9.29
22.659,-4.49,4.80,-3.43,5.85,-9.29
22.661,-4.49,4.80,-4.49,4.80,-9.29
22.662,-4.49,4.90,-4.49,4.90,-9.39
22.695,-4.49,4.99,-4.49,4.99,-9.48
22.711,-4.49,4.99,-4.49,4.99,-9.48
22.715,-4.49,4.99,-4.49,4.99,-9.48
22.730,-4.49,5.07,-4.49,5.07,-9.56
22.761,-4.49,5.07,-4.49,5.07,-9.56
22.765,-4.49,5.07,-4.49,5.07,-9.56
22.769,-4.49,5.09,-4.49,5.09,-9.58
22.797,-4.49,5.39,-4.49,5.39,-9.88
22.812,-4.49,5.39,-4.49,5.39,-9.88
22.817,-4.49,5.39,-4.49,5.39,-9.88
22.833,-4.49,5.54,-4.49,5.54,-10.03
22.862,-4.49,5.54,-4.49,5.54,-10.03
22.864,-4.49,5.54,-4.49,5.54,-10.03
22.867,-4.49,5.40,-4.49,5.40,-9.89
22.905,-4.49,5.65,-4.49,5.65,-10.14
22.913,-4.49,5.65,-4.49,5.65,-10.14
22.917,-4.49,5.65,-4.49,5.65,-10.14
22.937,-4.49,5.60,-4.49,5.60,-10.08
22.964,-4.49,5.60,-4.49,5.60,-10.08
22.967,-4.49,5.60,-4.49,5.60,-10.08
22.970,-4.49,5.86,-4.49,5.86,-10.35
22.088,-4.49,5.93,-4.49,5.93,-10.42
22.096,-4.49,5.93,-7.85,2.56,-10.42
22.098,-7.85,2.56,-7.85,2.56,-10.42
22.122,-7.85,2.55,-7.85,2.55,-10.40
22.147,-7.85,2.55,-7.85,2.55,-10.40
22.149,-7.85,2.55,-7.85,2.55,-10.40
22.155,-7.85,2.80,-7.85,2.80,-10.65
22.191,-7.85,2.91,-7.85,2.91,-10.77
22.198,-7.85,2.91,-7.85,2.91,-10.77
22.199,-7.85,2.91,-7.85,2.91,-10.77
22.223,-7.85,3.04,-7.85,3.04,-10.90
22.248,-7.85,3.04,-7.85,3.04,-10.90
22.250,-7.85,3.04,-7.85,3.04,-10.90
22.260,-7.85,2.96,-7.85,2.96,-10.82
22.295,-7.85,3.22,-7.85,3.22,-11.08
22.300,-7.85,3.22,-7.85,3.22,-11.08
22.301,-7.85,3.22,-7.85,3.22,-11.08
22.327,-7.85,3.07,-7.85,3.07,-10.93
22.351,-8.37,2.56,-7.85,3.07,-10.93
22.352,-8.37,2.56,-8.37,2.56,-10.93
22.361,-8.37,2.88,-8.37,2.88,-11.25
22.398,-8.37,2.69,-8.37,2.69,-11.06
22.402,-8.37,2.69,-8.37,2.69,-11.06
22.403,-8.37,2.69,-8.37,2.69,-11.06
22.433,-8.37,2.97,-8.37,2.97,-11.34
22.452,-8.37,2.97,-8.37,2.97,-11.34
22.454,-8.37,2.97,-8.37,2.97,-11.34
22.469,-8.37,2.92,-8.37,2.92,-11.29
22.500,-8.37,3.13,-8.37,3.13,-11.50
22.503,-8.37,3.13,-8.37,3.13,-11.50
22.504,-8.37,3.13,-8.37,3.13,-11.50
22.538,-8.37,3.17,-8.37,3.17,-11.54
22.554,-8.37,3.17,-8.37,3.17,-11.54
22.557,-8.37,3.17,-8.37,3.17,-11.54
22.577,-8.37,3.29,-8.37,3.29,-11.66
22.608,-8.37,3.29,-8.37,3.29,-11.66
22.610,-8.37,3.29,-8.37,3.29,-11.66
22.614,-8.37,3.15,-8.37,3.15,-11.52
22.641,-8.37,3.41,-8.37,3.41,-11.78
22.660,-8.37,3.41,-8.37,3.41,-11.78
22.664,-8.37,3.41,-8.37,3.41,-11.78
22.679,-8.37,3.09,-8.37,3.09,-11.46
22.709,-8.37,3.44,-8.37,3.44,-11.81
22.712,-12.49,0.68,-8.37,3.44,-11.81
22.715,-12.49,0.68,-12.49,0.68,-11.81
22.744,-12.49,0.70,-12.49,0.70,-11.79
22.760,-12.49,0.70,-12.49,0.70,-11.79
22.762,-12.49,0.70,-12.49,0.70,-11.79
22.777,-12.49,0.83,-12.49,0.83,-11.66
22.811,-12.49,0.49,-12.49,0.49,-12.00
22.815,-12.49,0.49,-12.49,0.49,-12.00
22.817,-12.49,0.49,-12.49,0.49,-12.00
22.847,-12.49,0.41,-12.49,0.41,-12.08
22.862,-12.49,0.41,-12.49,0.41,-12.08
22.865,-12.49,0.41,-12.49,0.41,-12.08
22.879,-12.49,0.52,-12.49,0.52,-11.96
22.913,-12.49,0.52,-12.49,0.52,-11.96
22.916,-12.49,0.52,-12.49,0.52,-11.96
22.919,-12.49,0.23,-12.49,0.23,-12.25
22.950,-12.49,0.22,-12.49,0.22,-12.27
22.964,-13.92,1.65,-12.49,0.22,-12.27
22.968,-13.92,1.65,-13.92,1.65,-12.27
22.986,-13.92,1.74,-13.92,1.74,-12.18
23.015,-13.92,1.74,-13.92,1.74,-12.18
23.017,-13.92,1.74,-13.92,1.74,-12.18
23.021,-13.92,1.45,-13.92,1.45,-12.47
23.052,-13.92,1.74,-13.92,1.74,-12.18
23.065,-13.92,1.74,-13.92,1.74,-12.18
23.069,-13.92,1.74,-13.92,1.74,-12.18
23.088,-13.92,1.79,-13.92,1.79,-12.13
23.116,-13.92,1.79,-13.92,1.79,-12.13
23.118,-13.92,1.79,-13.92,1.79,-12.13
23.124,-13.92,1.50,-13.92,1.50,-12.42
23.159,-13.92,1.49,-13.92,1.49,-12.43
23.166,-13.92,1.49,-13.92,1.49,-12.43
23.167,-13.92,1.49,-13.92,1.49,-12.43
23.192,-13.92,1.10,-13.92,1.10,-12.81
23.217,-13.92,1.10,-13.92,1.10,-12.81
23.222,-13.92,1.10,-13.92,1.10,-12.81
23.227,-13.92,1.37,-13.92,1.37,-12.55
23.259,-13.92,1.23,-13.92,1.23,-12.69
23.268,-13.92,1.23,-13.92,1.23,-12.69
23.272,-13.92,1.23,-13.92,1.23,-12.69
23.294,-13.92,1.14,-13.92,1.14,-12.78
23.319,-13.12,0.34,-13.92,1.14,-12.78
23.322,-13.12,0.34,-13.12,0.34,-12.78
23.326,-13.12,0.36,-13.12,0.36,-12.76
23.363,-13.12,0.31,-13.12,0.31,-12.80
23.370,-13.12,0.31,-13.12,0.31,-12.80
23.372,-13.12,0.31,-13.12,0.31,-12.80
23.401,-13.12,0.15,-13.12,0.15,-12.96
23.420,-13.12,0.15,-13.12,0.15,-12.96
23.421,-13.12,0.15,-13.12,0.15,-12.96
23.433,-13.12,0.11,-13.12,0.11,-13.01
23.466,-13.12,0.27,-13.12,0.27,-12.84
23.471,-13.12,0.27,-13.12,0.27,-12.84
23.472,-13.12,0.27,-13.12,0.27,-12.84
23.504,-13.12,0.25,-13.12,0.25,-12.87
23.523,-13.12,0.25,-13.12,0.25,-12.87
23.527,-13.12,0.25,-13.12,0.25,-12.87
23.535,-13.12,0.25,-13.12,0.25,-12.87
23.572,-13.12,0.09,-13.12,0.09,-13.03
23.574,-13.79,0.76,-13.12,0.09,-13.03
23.576,-13.79,0.76,-13.79,0.76,-13.03
23.603,-13.79,0.56,-13.79,0.56,-13.23
23.624,-13.79,0.56,-13.79,0.56,-13.23
23.627,-13.79,0.56,-13.79,0.56,-13.23
23.640,-13.79,0.73,-13.79,0.73,-13.05
23.674,-13.79,0.73,-13.79,0.73,-13.05
23.677,-13.79,0.71,-13.79,0.71,-13.08
23.680,-13.79,0.71,-13.79,0.71,-13.08
23.710,-13.79,0.72,-13.79,0.72,-13.07
23.725,-13.79,0.72,-13.79,0.72,-13.07
23.729,-13.79,0.72,-13.79,0.72,-13.07
23.746,-13.79,0.75,-13.79,0.75,-13.04
23.776,-13.79,0.75,-13.79,0.75,-13.04
23.779,-13.79,0.80,-13.79,0.80,-12.99
23.782,-13.79,0.80,-13.79,0.80,-12.99
23.811,-13.79,0.73,-13.79,0.73,-13.06
23.828,-13.79,0.73,-13.79,0.73,-13.06
23.830,-13.79,0.73,-13.79,0.73,-13.06
23.849,-13.79,0.53,-13.79,0.53,-13.26
23.877,-13.79,0.53,-13.79,0.53,-13.26
23.881,-13.79,0.53,-13.79,0.53,-13.26
23.885,-13.79,0.48,-13.79,0.48,-13.31
23.916,-13.79,0.59,-13.79,0.59,-13.19
23.928,-12.19,1.00,-13.79,0.59,-13.19
23.930,-12.19,1.00,-12.19,1.00,-13.19
23.950,-12.19,1.05,-12.19,1.05,-13.24
23.978,-12.19,1.05,-12.19,1.05,-13.24
23.983,-12.19,1.05,-12.19,1.05,-13.24
23.985,-12.19,1.17,-12.19,1.17,-13.35
24.019,-12.19,1.21,-12.19,1.21,-13.39
24.029,-12.19,1.21,-12.19,1.21,-13.39
24.032,-12.19,1.21,-12.19,1.21,-13.39
24.056,-12.19,1.16,-12.19,1.16,-13.35
24.080,-12.19,1.16,-12.19,1.16,-13.35
24.083,-12.19,1.16,-12.19,1.16,-13.35
24.088,-12.19,1.26,-12.19,1.26,-13.45
24.124,-12.19,1.23,-12.19,1.23,-13.42
24.130,-12.19,1.23,-12.19,1.23,-13.42
24.134,-12.19,1.23,-12.19,1.23,-13.42
24.156,-12.19,1.24,-12.19,1.24,-13.43
24.181,-14.78,1.35,-12.19,1.24,-13.43
24.186,-14.78,1.35,-14.78,1.35,-13.43
24.192,-14.78,1.33,-14.78,1.33,-13.45
24.227,-14.78,1.21,-14.78,1.21,-13.58
24.232,-14.78,1.21,-14.78,1.21,-13.58
24.236,-14.78,1.21,-14.78,1.21,-13.58
24.260,-14.78,1.16,-14.78,1.16,-13.62
24.282,-14.78,1.16,-14.78,1.16,-13.62
24.286,-14.78,1.16,-14.78,1.16,-13.62
24.295,-14.78,1.20,-14.78,1.20,-13.58
24.332,-14.78,1.12,-14.78,1.12,-13.66
24.336,-14.78,1.12,-14.78,1.12,-13.66
24.340,-14.78,1.12,-14.78,1.12,-13.66
24.362,-14.78,1.10,-14.78,1.10,-13.68
24.384,-14.78,1.10,-14.78,1.10,-13.68
24.387,-14.78,1.10,-14.78,1.10,-13.68
24.400,-14.78,1.16,-14.78,1.16,-13.62
24.430,-14.78,1.18,-14.78,1.18,-13.61
24.434,-14.78,1.18,-14.78,1.18,-13.61
24.435,-14.78,1.18,-14.78,1.18,-13.61
24.466,-14.78,1.10,-14.78,1.10,-13.69
24.485,-14.78,1.10,-14.78,1.10,-13.69
24.489,-14.78,1.10,-14.78,1.10,-13.69
24.505,-14.78,1.01,-14.78,1.01,-13.78
24.536,-14.78,1.01,-14.72,0.94,-13.78
24.540,-14.78,0.94,-14.72,0.87,-13.85
24.541,-14.72,0.87,-14.72,0.87,-13.85
24.572,-14.72,0.88,-14.72,0.88,-13.84
24.587,-14.72,0.88,-14.72,0.88,-13.84
24.590,-14.72,0.88,-14.72,0.88,-13.84
24.608,-14.72,0.87,-14.72,0.87,-13.85
24.638,-14.72,0.87,-14.72,0.87,-13.85
24.642,-14.72,0.80,-14.72,0.80,-13.92
24.647,-14.72,0.80,-14.72,0.80,-13.92
24.675,-14.72,0.79,-14.72,0.79,-13.93
24.689,-14.72,0.79,-14.72,0.79,-13.93
24.694,-14.72,0.79,-14.72,0.79,-13.93
24.708,-14.72,0.85,-14.72,0.85,-13.87
24.739,-14.72,0.85,-14.72,0.85,-13.87
24.743,-14.72,0.85,-14.72,0.85,-13.87
24.746,-14.72,0.81,-14.72,0.81,-13.91
24.780,-14.72,0.77,-14.72,0.77,-13.96
24.790,-14.72,0.77,-14.72,0.77,-13.96
24.794,-14.72,0.77,-14.72,0.77,-13.96
24.811,-14.72,0.71,-14.72,0.71,-14.01
24.846,-14.72,0.71,-14.72,0.71,-14.01
24.849,-14.72,0.71,-14.72,0.71,-14.01
24.858,-14.72,0.63,-14.72,0.63,-14.09
24.882,-14.72,0.58,-14.72,0.58,-14.14
24.896,-14.72,0.58,-14.72,0.58,-14.14
24.901,-14.72,0.58,-14.72,0.58,-14.14
24.923,-14.72,0.69,-14.72,0.69,-14.03
24.952,-14.72,0.69,-14.72,0.69,-14.03
24.954,-14.72,0.69,-14.72,0.69,-14.03
24.956,-14.72,0.77,-14.72,0.77,-13.95
24.982,-14.72,0.77,-14.72,0.77,-13.95
25.000,-16.33,2.38,-14.72,0.77,-13.95
25.002,-16.33,2.38,-16.33,2.38,-13.95
25.020,-16.33,2.33,-16.33,2.33,-14.00
25.054,-16.33,2.33,-16.33,2.33,-14.00
25.057,-16.33,2.33,-16.33,2.33,-14.00
25.061,-16.33,2.21,-16.33,2.21,-14.13
25.089,-16.33,2.25,-16.33,2.25,-14.08
25.102,-16.33,2.25,-16.33,2.25,-14.08
25.106,-16.33,2.25,-16.33,2.25,-14.08
25.125,-16.33,2.38,-16.33,2.38,-13.95
25.153,-15.38,1.43,-16.33,2.38,-13.95
25.155,-15.38,1.43,-15.38,1.43,-13.95
25.158,-15.38,1.38,-15.38,1.38,-14.00
25.191,-15.38,1.37,-15.38,1.37,-14.02
25.203,-15.38,1.37,-15.38,1.37,-14.02
25.208,-15.38,1.37,-15.38,1.37,-14.02
25.227,-15.38,1.30,-15.38,1.30,-14.09
25.253,-15.38,1.30,-15.38,1.30,-14.09
25.256,-15.38,1.30,-15.38,1.30,-14.09
25.259,-15.38,1.25,-15.38,1.25,-14.14
25.296,-15.38,1.20,-15.38,1.20,-14.18
25.304,-15.38,1.20,-15.38,1.20,-14.18
25.308,-15.38,1.20,-15.38,1.20,-14.18
25.334,-15.38,1.20,-15.38,1.20,-14.19
25.356,-15.38,1.20,-15.38,1.20,-14.19
25.360,-15.38,1.20,-15.38,1.20,-14.19
25.364,-15.38,1.20,-15.38,1.20,-14.18
25.398,-15.38,1.31,-15.38,1.31,-14.07
25.407,-15.38,1.31,-15.38,1.31,-14.07
25.411,-15.38,1.31,-15.38,1.31,-14.07
25.435,-15.38,1.33,-15.38,1.33,-14.05
25.457,-15.38,1.33,-15.38,1.33,-14.05
25.461,-15.38,1.33,-15.38,1.33,-14.05
25.466,-15.38,1.38,-15.38,1.38,-14.00
25.504,-15.38,1.32,-15.38,1.32,-14.06
25.507,-15.38,1.32,-15.38,1.32,-14.06
25.510,-15.38,1.32,-15.38,1.32,-14.06
25.534,-15.38,1.29,-15.38,1.29,-14.09
25.558,-15.38,1.29,-15.38,1.29,-14.09
25.563,-15.38,1.29,-15.38,1.29,-14.09
25.574,-15.38,1.29,-15.38,1.29,-14.09
25.606,-15.38,1.17,-15.38,1.17,-14.21
25.611,-16.47,2.25,-15.38,1.17,-14.21
25.614,-16.47,2.25,-16.47,2.25,-14.21
25.639,-16.47,2.25,-16.47,2.25,-14.21
25.660,-16.47,2.25,-16.47,2.25,-14.21
25.665,-16.47,2.25,-16.47,2.25,-14.21
25.675,-16.47,2.31,-16.47,2.31,-14.15
25.711,-16.47,2.31,-16.47,2.31,-14.15
25.715,-16.47,2.40,-16.47,2.40,-14.07
25.718,-16.47,2.40,-16.47,2.40,-14.07
25.743,-16.47,2.43,-16.47,2.43,-14.03
25.761,-16.93,2.90,-16.47,2.43,-14.03
25.765,-16.93,2.90,-16.93,2.90,-14.03
25.779,-16.93,2.84,-16.93,2.84,-14.09
25.813,-16.93,2.80,-16.93,2.80,-14.13
25.817,-16.93,2.80,-16.93,2.80,-14.13
25.820,-16.93,2.80,-16.93,2.80,-14.13
25.848,-16.93,2.80,-16.93,2.80,-14.13
25.862,-16.93,2.80,-16.93,2.80,-14.13
25.867,-16.93,2.80,-16.93,2.80,-14.13
25.882,-16.93,2.92,-16.93,2.92,-14.02
25.913,-16.93,2.92,-16.93,2.92,-14.02
25.917,-16.93,2.92,-16.93,2.92,-14.02
25.920,-16.93,2.90,-16.93,2.90,-14.03
25.950,-16.93,2.79,-16.93,2.79,-14.14
25.963,-16.93,2.79,-16.93,2.79,-14.14
25.966,-16.93,2.79,-16.93,2.79,-14.14
25.987,-16.93,2.77,-16.93,2.77,-14.16
26.014,-16.93,2.77,-16.93,2.77,-14.16
26.017,-16.93,2.77,-16.93,2.77,-14.16
26.022,-16.93,2.84,-16.93,2.84,-14.09
26.055,-16.93,2.91,-16.93,2.91,-14.02
26.065,-16.93,2.91,-16.93,2.91,-14.02
26.069,-16.93,2.91,-16.93,2.91,-14.02
26.088,-16.93,2.83,-16.93,2.83,-14.10
26.116,-16.93,2.83,-16.93,2.83,-14.10
26.120,-16.93,2.83,-16.93,2.83,-14.10
26.124,-16.93,2.92,-16.93,2.92,-14.01
26.158,-16.93,3.05,-16.93,3.05,-13.88
26.167,-16.93,3.05,-16.93,3.05,-13.88
26.171,-16.93,3.05,-16.93,3.05,-13.88
26.190,-16.93,3.16,-16.93,3.16,-13.77
26.218,-18.51,4.75,-16.93,3.16,-13.77
26.222,-18.51,4.75,-18.51,4.75,-13.77
26.227,-18.51,4.83,-18.51,4.83,-13.68
26.264,-18.51,4.81,-18.51,4.81,-13.71
26.268,-18.51,4.81,-18.51,4.81,-13.71
26.271,-18.51,4.81,-18.51,4.81,-13.71
26.296,-18.51,4.70,-18.51,4.70,-13.81
26.319,-18.51,4.70,-18.51,4.70,-13.81
26.323,-18.51,4.70,-18.51,4.70,-13.81
26.331,-18.51,4.77,-18.51,4.77,-13.74
26.363,-18.51,4.81,-18.51,4.81,-13.71
26.371,-16.15,2.45,-18.51,4.81,-13.71
26.375,-16.15,2.45,-16.15,2.45,-13.71
26.398,-16.15,2.48,-16.15,2.48,-13.67
26.421,-16.15,2.48,-16.15,2.48,-13.67
26.424,-16.15,2.48,-16.15,2.48,-13.67
26.434,-16.15,2.52,-16.15,2.52,-13.63
26.467,-16.15,2.49,-16.15,2.49,-13.66
26.471,-16.15,2.49,-16.15,2.49,-13.66
26.473,-16.15,2.49,-16.15,2.49,-13.66
26.505,-16.15,2.44,-16.15,2.44,-13.71
26.522,-16.15,2.44,-16.15,2.44,-13.71
26.525,-16.15,2.44,-16.15,2.44,-13.71
26.541,-16.15,2.45,-16.15,2.45,-13.71
26.572,-16.15,2.48,-16.15,2.48,-13.67
26.576,-16.15,2.48,-16.15,2.48,-13.67
26.577,-16.15,2.48,-16.15,2.48,-13.67
26.606,-16.15,2.48,-16.15,2.48,-13.67
26.623,-16.15,2.48,-16.15,2.48,-13.67
26.629,-16.15,2.48,-16.15,2.48,-13.67
26.639,-16.15,2.55,-16.15,2.55,-13.60
26.674,-16.15,2.55,-16.15,2.55,-13.60
26.677,-16.15,2.55,-16.15,2.55,-13.60
26.682,-16.15,2.62,-16.15,2.62,-13.54
26.711,-16.15,2.67,-16.15,2.67,-13.48
26.724,-16.15,2.67,-16.15,2.67,-13.48
26.730,-16.15,2.67,-16.15,2.67,-13.48
26.744,-16.15,2.70,-16.15,2.70,-13.46
26.777,-16.15,2.70,-16.15,2.70,-13.46
26.780,-16.15,2.70,-16.15,2.70,-13.46
26.784,-16.15,2.66,-16.15,2.66,-13.49
26.815,-16.15,2.60,-16.15,2.60,-13.55
26.827,-18.55,5.00,-16.15,2.60,-13.55
26.831,-18.55,5.00,-18.55,5.00,-13.55
26.847,-18.55,4.96,-18.55,4.96,-13.59
26.877,-18.55,4.96,-18.55,4.96,-13.59
26.881,-18.55,4.96,-18.55,4.96,-13.59
26.885,-18.55,4.99,-18.55,4.99,-13.56
26.914,-18.55,5.00,-18.55,5.00,-13.54
26.927,-18.55,5.00,-18.55,5.00,-13.54
26.928,-18.55,5.00,-18.55,5.00,-13.54
26.952,-18.55,5.02,-18.55,5.02,-13.52
26.979,-17.90,4.37,-18.55,5.02,-13.52
26.981,-17.90,4.37,-17.90,4.37,-13.52
26.986,-17.90,4.21,-17.90,4.21,-13.68
27.018,-17.90,4.14,-17.90,4.14,-13.76
27.030,-17.90,4.14,-17.90,4.14,-13.76
27.036,-17.90,4.14,-17.90,4.14,-13.76
27.056,-17.90,4.28,-17.90,4.28,-13.61
27.080,-17.90,4.28,-17.90,4.28,-13.61
27.084,-17.90,4.28,-17.90,4.28,-13.61
27.091,-17.90,4.37,-17.90,4.37,-13.53
27.124,-17.90,4.39,-17.90,4.39,-13.50
27.131,-17.90,4.39,-17.90,4.39,-13.50
27.136,-17.90,4.39,-17.90,4.39,-13.50
27.162,-17.90,4.58,-17.90,4.58,-13.32
27.181,-17.90,4.58,-17.90,4.58,-13.32
27.183,-17.90,4.58,-17.90,4.58,-13.32
27.191,-17.90,4.72,-17.90,4.72,-13.18
27.228,-17.90,4.81,-17.90,4.81,-13.09
27.231,-17.90,4.81,-17.90,4.81,-13.09
27.233,-17.90,4.81,-17.90,4.81,-13.09
27.265,-17.90,4.79,-17.90,4.79,-13.10
27.282,-17.90,4.79,-17.90,4.79,-13.10
27.287,-17.90,4.79,-17.90,4.79,-13.10
27.295,-17.90,4.77,-17.90,4.77,-13.12
27.331,-17.90,4.84,-17.90,4.84,-13.06
27.335,-17.90,4.84,-17.90,4.84,-13.06
27.338,-17.90,4.84,-17.90,4.84,-13.06
27.367,-17.90,4.93,-17.90,4.93,-12.97
27.384,-17.90,4.93,-17.90,4.93,-12.97
27.389,-17.90,4.93,-17.90,4.93,-12.97
27.401,-17.90,4.90,-17.90,4.90,-13.00
27.435,-19.27,6.27,-17.90,4.90,-13.00
27.439,-19.27,6.27,-19.27,6.27,-13.00
27.442,-19.27,6.19,-19.27,6.19,-13.08
27.469,-19.27,6.28,-19.27,6.28,-12.99
27.485,-19.27,6.28,-19.27,6.28,-12.99
27.490,-19.27,6.28,-19.27,6.28,-12.99
27.503,-19.27,6.42,-19.27,6.42,-12.85
27.536,-19.27,6.42,-19.27,6.42,-12.85
27.540,-19.27,6.42,-19.27,6.42,-12.85
27.544,-19.27,6.47,-19.27,6.47,-12.80
27.570,-19.27,6.44,-19.27,6.44,-12.83
27.588,-16.63,3.81,-19.27,6.44,-12.83
27.592,-16.63,3.81,-16.63,3.81,-12.83
27.609,-16.63,3.81,-16.63,3.81,-12.83
27.638,-16.63,3.81,-16.63,3.81,-12.83
27.643,-16.63,3.81,-16.63,3.81,-12.83
27.647,-16.63,3.86,-16.63,3.86,-12.78
27.677,-16.63,3.84,-16.63,3.84,-12.79
27.688,-16.63,3.84,-16.63,3.84,-12.79
27.694,-16.63,3.84,-16.63,3.84,-12.79
27.711,-16.63,3.91,-16.63,3.91,-12.72
27.741,-16.63,3.91,-16.63,3.91,-12.72
27.746,-16.63,3.91,-16.63,3.91,-12.72
27.750,-16.63,3.94,-16.63,3.94,-12.70
27.779,-16.63,3.96,-16.63,3.96,-12.67
27.792,-16.63,3.96,-16.63,3.96,-12.67
27.796,-16.63,3.96,-16.63,3.96,-12.67
27.814,-16.63,3.77,-16.63,3.77,-12.86
27.843,-16.63,3.77,-16.63,3.77,-12.86
27.847,-16.63,3.77,-16.63,3.77,-12.86
27.851,-16.63,3.75,-16.63,3.75,-12.88
27.886,-16.63,4.12,-16.63,4.12,-12.52
27.893,-16.63,4.12,-16.63,4.12,-12.52
27.897,-16.63,4.12,-16.63,4.12,-12.52
27.918,-16.63,4.10,-16.63,4.10,-12.53
27.944,-16.63,4.10,-16.63,4.10,-12.53
27.945,-16.63,4.10,-16.63,4.10,-12.53
27.950,-16.63,4.00,-16.63,4.00,-12.63
27.987,-16.63,4.40,-16.63,4.40,-12.24
27.995,-16.63,4.40,-16.63,4.40,-12.24
27.998,-16.63,4.40,-16.63,4.40,-12.24
28.019,-16.63,4.18,-16.63,4.18,-12.46
28.046,-17.53,5.07,-16.63,4.18,-12.46
28.050,-17.53,5.07,-17.53,5.07,-12.46
28.056,-17.53,5.37,-17.53,5.37,-12.16
28.093,-17.53,5.19,-17.53,5.19,-12.34
28.096,-17.53,5.19,-17.53,5.19,-12.34
28.099,-17.53,5.19,-17.53,5.19,-12.34
28.124,-17.53,5.24,-17.53,5.24,-12.29
28.146,-17.53,5.24,-17.53,5.24,-12.29
28.150,-17.53,5.24,-17.53,5.24,-12.29
28.160,-17.53,5.52,-17.53,5.52,-12.01
28.195,-17.53,5.30,-17.53,5.30,-12.23
28.199,-14.89,2.66,-17.53,5.30,-12.23
28.202,-14.89,2.66,-14.89,2.66,-12.23
28.227,-14.89,2.81,-14.89,2.81,-12.08
28.248,-14.89,2.81,-14.89,2.81,-12.08
28.252,-14.89,2.81,-14.89,2.81,-12.08
28.263,-14.89,2.94,-14.89,2.94,-11.95
28.295,-14.89,3.00,-14.89,3.00,-11.88
28.299,-14.89,3.00,-14.89,3.00,-11.88
28.300,-14.89,3.00,-14.89,3.00,-11.88
28.330,-14.89,3.22,-14.89,3.22,-11.67
28.351,-14.89,3.22,-14.89,3.22,-11.67
28.354,-14.89,3.22,-14.89,3.22,-11.67
28.367,-14.89,3.11,-14.89,3.11,-11.78
28.399,-14.89,3.11,-14.89,3.11,-11.77
28.401,-14.89,3.11,-14.89,3.11,-11.77
28.402,-14.89,3.11,-14.89,3.11,-11.77
28.434,-14.89,3.23,-14.89,3.23,-11.66
28.452,-14.89,3.23,-14.89,3.23,-11.66
28.456,-14.89,3.23,-14.89,3.23,-11.66
28.471,-14.89,3.25,-14.89,3.25,-11.64
28.502,-14.89,3.25,-14.89,3.25,-11.64
28.504,-14.89,3.25,-14.89,3.25,-11.64
28.505,-14.89,3.33,-14.89,3.33,-11.55
28.540,-14.89,3.46,-14.89,3.46,-11.43
28.553,-14.89,3.46,-14.89,3.46,-11.43
28.556,-14.89,3.46,-14.89,3.46,-11.43
28.570,-14.89,3.56,-14.89,3.56,-11.33
28.605,-14.89,3.56,-14.89,3.56,-11.33
28.609,-14.89,3.56,-14.89,3.56,-11.33
28.612,-14.89,3.55,-14.89,3.55,-11.34
28.643,-14.89,3.60,-14.89,3.60,-11.28
28.655,-15.28,4.00,-14.89,3.60,-11.28
28.659,-15.28,4.00,-15.28,4.00,-11.28
28.674,-15.28,4.05,-15.28,4.05,-11.23
28.705,-15.28,4.05,-15.28,4.05,-11.23
28.709,-15.28,4.05,-15.28,4.05,-11.23
28.713,-15.28,4.15,-15.28,4.15,-11.13
28.749,-15.28,4.31,-15.28,4.31,-10.97
28.756,-15.28,4.31,-15.28,4.31,-10.97
28.760,-15.28,4.31,-15.28,4.31,-10.97
28.779,-15.28,4.26,-15.28,4.26,-11.02
28.807,-14.22,3.20,-15.28,4.26,-11.02
28.811,-14.22,3.20,-14.22,3.20,-11.02
28.816,-14.22,3.38,-14.22,3.38,-10.84
28.848,-14.22,3.21,-14.22,3.21,-11.02
28.858,-14.22,3.21,-14.22,3.21,-11.02
28.862,-14.22,3.21,-14.22,3.21,-11.02
28.884,-14.22,3.38,-14.22,3.38,-10.84
28.908,-14.22,3.38,-14.22,3.38,-10.84
28.912,-14.22,3.38,-14.22,3.38,-10.84
28.918,-14.22,3.36,-14.22,3.36,-10.86
28.951,-14.22,3.58,-14.22,3.58,-10.64
28.959,-14.22,3.58,-14.22,3.58,-10.64
28.963,-14.22,3.58,-14.22,3.58,-10.64
28.988,-14.22,3.57,-14.22,3.57,-10.65
29.010,-14.22,3.57,-14.22,3.57,-10.65
29.013,-14.22,3.57,-14.22,3.57,-10.65
29.025,-14.22,3.65,-14.22,3.65,-10.57
29.054,-14.22,3.83,-14.22,3.83,-10.39
29.060,-14.22,3.83,-14.22,3.83,-10.39
29.063,-14.22,3.83,-14.22,3.83,-10.39
29.090,-14.22,3.88,-14.22,3.88,-10.34
29.111,-14.22,3.88,-14.22,3.88,-10.34
29.115,-14.22,3.88,-14.22,3.88,-10.34
29.123,-14.22,4.01,-14.22,4.01,-10.21
29.159,-14.22,4.02,-14.22,4.02,-10.20
29.164,-14.22,4.02,-14.22,4.02,-10.20
29.167,-14.22,4.02,-14.22,4.02,-10.20
29.195,-14.22,4.18,-14.22,4.18,-10.04
29.212,-14.22,4.18,-14.22,4.18,-10.04
29.216,-14.22,4.18,-14.22,4.18,-10.04
29.226,-14.22,4.20,-14.22,4.20,-10.02
29.264,-14.22,4.32,-14.22,4.32,-9.90
29.267,-17.14,7.24,-14.22,4.32,-9.90
29.270,-17.14,7.24,-17.14,7.24,-9.90
29.300,-17.14,7.15,-17.14,7.15,-9.99
29.314,-17.14,7.15,-17.14,7.15,-9.99
29.319,-17.14,7.15,-17.14,7.15,-9.99
29.338,-17.14,7.28,-17.14,7.28,-9.86
29.365,-17.14,7.28,-17.14,7.28,-9.86
29.369,-17.14,7.28,-17.14,7.28,-9.86
29.374,-17.14,7.54,-17.14,7.54,-9.60
29.403,-17.14,7.42,-17.14,7.42,-9.71
29.417,-12.96,3.25,-17.14,7.42,-9.71
29.422,-12.96,3.25,-12.96,3.25,-9.71
29.434,-12.96,3.45,-12.96,3.45,-9.51
29.467,-12.96,3.45,-12.96,3.45,-9.51
29.471,-12.96,3.45,-12.96,3.45,-9.51
29.476,-12.96,3.32,-12.96,3.32,-9.64
29.502,-12.96,3.53,-12.96,3.53,-9.43
29.517,-12.96,3.53,-12.96,3.53,-9.43
29.522,-12.96,3.53,-12.96,3.53,-9.43
29.539,-12.96,3.54,-12.96,3.54,-9.42
29.570,-12.96,3.54,-12.96,3.54,-9.42
29.575,-12.96,3.54,-12.96,3.54,-9.42
29.579,-12.96,3.50,-12.96,3.50,-9.46
29.608,-12.96,3.82,-12.96,3.82,-9.14
29.621,-12.96,3.82,-12.96,3.82,-9.14
29.627,-12.96,3.82,-12.96,3.82,-9.14
29.642,-12.96,3.62,-12.96,3.62,-9.34
29.672,-12.96,3.62,-12.96,3.62,-9.34
29.676,-12.96,3.62,-12.96,3.62,-9.34
29.680,-12.96,3.83,-12.96,3.83,-9.13
29.711,-12.96,3.85,-12.96,3.85,-9.11
29.722,-12.96,3.85,-12.96,3.85,-9.11
29.727,-12.96,3.85,-12.96,3.85,-9.11
29.747,-12.96,3.91,-12.96,3.91,-9.05
29.773,-12.96,3.91,-12.96,3.91,-9.05
29.777,-12.96,3.91,-12.96,3.91,-9.05
29.780,-12.96,4.08,-12.96,4.08,-8.88
29.816,-12.96,4.01,-12.96,4.01,-8.95
29.823,-12.96,4.01,-12.96,4.01,-8.95
29.827,-12.96,4.01,-12.96,4.01,-8.95
29.850,-12.96,4.07,-12.96,4.07,-8.89
29.874,-13.21,4.32,-12.96,4.07,-8.89
29.879,-13.21,4.32,-13.21,4.32,-8.89
29.883,-13.21,4.48,-13.21,4.48,-8.73
29.919,-13.21,4.30,-13.21,4.30,-8.91
29.925,-13.21,4.30,-13.21,4.30,-8.91
29.929,-13.21,4.30,-13.21,4.30,-8.91
29.951,-13.21,4.34,-13.21,4.34,-8.87
29.976,-13.21,4.34,-13.21,4.34,-8.87
29.980,-13.21,4.34,-13.21,4.34,-8.87
29.987,-13.21,4.49,-13.21,4.49,-8.72
30.023,-13.21,4.47,-13.21,4.47,-8.74
30.026,-11.53,2.79,-13.21,4.47,-8.74
30.027,-11.53,2.79,-11.53,2.79,-8.74
30.058,-11.53,3.01,-11.53,3.01,-8.52
30.077,-11.53,3.01,-11.53,3.01,-8.52
30.081,-11.53,3.01,-11.53,3.01,-8.52
30.090,-11.53,3.12,-11.53,3.12,-8.41
30.127,-11.53,2.99,-11.53,2.99,-8.54
30.131,-11.53,2.99,-11.53,2.99,-8.54
30.135,-11.53,2.99,-11.53,2.99,-8.54
30.159,-11.53,3.09,-11.53,3.09,-8.44
30.179,-11.53,3.09,-11.53,3.09,-8.44
30.184,-11.53,3.09,-11.53,3.09,-8.44
30.195,-11.53,3.24,-11.53,3.24,-8.29
30.228,-11.53,3.34,-11.53,3.34,-8.19
30.232,-11.53,3.34,-11.53,3.34,-8.19
30.234,-11.53,3.34,-11.53,3.34,-8.19
30.263,-11.53,3.19,-11.53,3.19,-8.34
30.280,-11.53,3.19,-11.53,3.19,-8.34
30.285,-11.53,3.19,-11.53,3.19,-8.34
30.300,-11.53,3.11,-11.53,3.11,-8.42
30.331,-11.53,3.30,-11.53,3.30,-8.23
30.332,-11.53,3.30,-11.53,3.30,-8.23
30.333,-11.53,3.30,-11.53,3.30,-8.23
30.367,-11.53,3.54,-11.53,3.54,-7.99
30.381,-11.53,3.54,-11.53,3.54,-7.99
30.385,-11.53,3.54,-11.53,3.54,-7.99
30.403,-11.53,3.41,-11.53,3.41,-8.12
30.432,-11.53,3.41,-11.53,3.41,-8.12
30.436,-11.53,3.41,-11.53,3.41,-8.12
30.439,-11.53,3.53,-11.53,3.53,-8.00
30.473,-11.53,3.71,-11.53,3.71,-7.82
30.482,-11.53,3.71,-11.53,3.71,-7.82
30.487,-11.53,3.71,-11.53,3.71,-7.82
30.503,-11.53,3.65,-11.53,3.65,-7.88
30.534,-11.53,3.65,-11.53,3.65,-7.88
30.537,-11.53,3.65,-11.53,3.65,-7.88
30.541,-11.53,3.50,-11.53,3.50,-8.03
30.575,-11.53,3.67,-11.53,3.67,-7.86
30.584,-11.53,3.67,-11.53,3.67,-7.86
30.589,-11.53,3.67,-11.53,3.67,-7.86
30.606,-11.53,3.79,-11.53,3.79,-7.74
30.635,-11.53,3.79,-11.53,3.79,-7.74
30.637,-11.53,3.79,-11.53,3.79,-7.74
30.642,-11.53,3.95,-11.53,3.95,-7.58
30.682,-11.53,3.90,-11.53,3.90,-7.63
30.686,-12.51,4.89,-11.53,3.90,-7.63
30.690,-12.51,4.89,-12.51,4.89,-7.63
30.712,-12.51,4.77,-12.51,4.77,-7.74
30.736,-12.51,4.77,-12.51,4.77,-7.74
30.739,-12.51,4.77,-12.51,4.77,-7.74
30.748,-12.51,4.74,-12.51,4.74,-7.77
30.779,-12.51,4.86,-12.51,4.86,-7.65
30.786,-12.51,4.86,-12.51,4.86,-7.65
30.789,-12.51,4.86,-12.51,4.86,-7.65
30.814,-12.51,5.04,-12.51,5.04,-7.47
30.837,-11.06,3.59,-12.51,5.04,-7.47
30.840,-11.06,3.59,-11.06,3.59,-7.47
30.851,-11.06,3.40,-11.06,3.40,-7.66
30.883,-11.06,3.51,-11.06,3.51,-7.55
30.888,-11.06,3.51,-11.06,3.51,-7.55
30.891,-11.06,3.51,-11.06,3.51,-7.55
30.921,-11.06,3.74,-11.06,3.74,-7.32
30.939,-11.06,3.74,-11.06,3.74,-7.32
30.943,-11.06,3.74,-11.06,3.74,-7.32
30.954,-11.06,3.78,-11.06,3.78,-7.28
30.988,-11.06,3.65,-11.06,3.65,-7.42
30.992,-11.06,3.65,-11.06,3.65,-7.42
30.996,-11.06,3.65,-11.06,3.65,-7.42
31.024,-11.06,3.86,-11.06,3.86,-7.20
31.039,-11.06,3.86,-11.06,3.86,-7.20
31.041,-11.06,3.86,-11.06,3.86,-7.20
31.055,-11.06,3.69,-11.06,3.69,-7.38
31.089,-11.06,3.69,-11.06,3.69,-7.38
31.091,-11.06,3.69,-11.06,3.69,-7.38
31.092,-11.06,3.78,-11.06,3.78,-7.28
31.126,-11.06,3.90,-11.06,3.90,-7.16
31.141,-11.06,3.90,-11.06,3.90,-7.16
31.146,-11.06,3.90,-11.06,3.90,-7.16
31.159,-11.06,3.73,-11.06,3.73,-7.33
31.192,-11.06,3.73,-11.06,3.73,-7.33
31.196,-11.06,3.73,-11.06,3.73,-7.33
31.200,-11.06,4.00,-11.06,4.00,-7.06
31.232,-11.06,4.07,-11.06,4.07,-6.99
31.243,-11.06,4.07,-11.06,4.07,-6.99
31.248,-11.06,4.07,-11.06,4.07,-6.99
31.262,-11.06,3.90,-11.06,3.90,-7.17
31.293,-11.06,3.90,-11.06,3.90,-7.17
31.298,-11.06,3.90,-11.06,3.90,-7.17
31.301,-11.06,4.16,-11.06,4.16,-6.90
31.330,-11.06,4.19,-11.06,4.19,-6.87
31.343,-11.06,4.19,-11.06,4.19,-6.87
31.348,-11.06,4.19,-11.06,4.19,-6.87
31.366,-11.06,4.02,-11.06,4.02,-7.04
31.394,-11.06,4.02,-11.06,4.02,-7.04
31.400,-11.06,4.02,-11.06,4.02,-7.04
31.404,-11.06,4.37,-11.06,4.37,-6.70
31.436,-11.06,4.31,-11.06,4.31,-6.76
31.445,-9.46,2.71,-11.06,4.31,-6.76
31.450,-9.46,2.71,-9.46,2.71,-6.76
31.471,-9.46,2.73,-9.46,2.73,-6.73
31.494,-10.96,4.23,-9.46,2.73,-6.73
31.496,-10.96,4.23,-10.96,4.23,-6.73
31.506,-10.96,4.56,-10.96,4.56,-6.39
31.538,-10.96,4.25,-10.96,4.25,-6.71
31.546,-10.96,4.25,-10.96,4.25,-6.71
31.550,-10.96,4.25,-10.96,4.25,-6.71
31.574,-10.96,4.50,-10.96,4.50,-6.46
31.596,-10.96,4.50,-10.96,4.50,-6.46
31.601,-10.96,4.50,-10.96,4.50,-6.46
31.607,-10.96,4.74,-10.96,4.74,-6.22
31.644,-10.96,4.46,-10.96,4.46,-6.50
31.647,-10.96,4.46,-10.96,4.46,-6.50
31.650,-10.96,4.46,-10.96,4.46,-6.50
31.680,-10.96,4.80,-10.96,4.80,-6.15
31.697,-10.96,4.80,-10.96,4.80,-6.15
31.702,-10.96,4.80,-10.96,4.80,-6.15
31.711,-10.96,4.63,-10.96,4.63,-6.33
31.747,-10.96,4.93,-10.96,4.93,-6.03
31.749,-10.96,4.93,-10.96,4.93,-6.03
31.751,-10.96,4.93,-10.96,4.93,-6.03
31.784,-10.96,4.85,-10.96,4.85,-6.11
31.799,-10.96,4.85,-10.96,4.85,-6.11
31.804,-10.96,4.85,-10.96,4.85,-6.11
31.815,-10.96,5.17,-10.96,5.17,-5.79
31.852,-10.96,5.17,-10.96,5.17,-5.79
31.856,-10.96,5.17,-10.96,5.17,-5.79
31.859,-10.96,4.94,-10.96,4.94,-6.02
31.885,-10.96,5.21,-10.96,5.21,-5.75
31.901,-10.96,5.21,-10.96,5.21,-5.75
31.906,-10.96,5.21,-10.96,5.21,-5.75
31.921,-10.96,5.33,-10.96,5.33,-5.63
31.951,-10.96,5.33,-10.96,5.33,-5.63
31.955,-10.96,5.33,-10.96,5.33,-5.63
31.958,-10.96,5.16,-10.96,5.16,-5.80
31.987,-10.96,5.10,-10.96,5.10,-5.86
32.001,-10.96,5.10,-10.96,5.10,-5.86
32.007,-10.96,5.10,-10.96,5.10,-5.86
32.022,-10.96,5.21,-10.96,5.21,-5.75
32.052,-7.48,1.72,-10.96,5.21,-5.75
32.057,-7.48,1.72,-7.48,1.72,-5.75
32.062,-7.48,1.91,-7.48,1.91,-5.57
32.092,-7.48,1.80,-7.48,1.80,-5.68
32.104,-8.25,2.58,-7.48,1.80,-5.68
32.109,-8.25,2.58,-8.25,2.58,-5.68
32.129,-8.25,2.57,-8.25,2.57,-5.69
32.154,-8.25,2.57,-8.25,2.57,-5.69
32.157,-8.25,2.57,-8.25,2.57,-5.69
32.161,-8.25,2.81,-8.25,2.81,-5.45
32.197,-8.25,2.74,-8.25,2.74,-5.51
32.204,-8.25,2.74,-8.25,2.74,-5.51
32.205,-8.25,2.74,-8.25,2.74,-5.51
32.231,-8.25,2.72,-8.25,2.72,-5.53
32.258,-8.25,2.72,-8.25,2.72,-5.53
32.263,-8.25,2.72,-8.25,2.72,-5.53
32.267,-8.25,2.95,-8.25,2.95,-5.31
32.299,-8.25,2.80,-8.25,2.80,-5.45
32.308,-8.25,2.80,-8.25,2.80,-5.45
32.311,-8.25,2.80,-8.25,2.80,-5.45
32.337,-8.25,2.83,-8.25,2.83,-5.42
32.359,-8.25,2.83,-8.25,2.83,-5.42
32.363,-8.25,2.83,-8.25,2.83,-5.42
32.368,-8.25,3.08,-8.25,3.08,-5.17
32.403,-8.25,3.03,-8.25,3.03,-5.22
32.409,-8.25,3.03,-8.25,3.03,-5.22
32.413,-8.25,3.03,-8.25,3.03,-5.22
32.435,-8.25,3.08,-8.25,3.08,-5.17
32.461,-8.25,3.08,-8.25,3.08,-5.17
32.463,-8.25,3.08,-8.25,3.08,-5.17
32.470,-8.25,3.51,-8.25,3.51,-4.74
32.506,-8.25,3.37,-8.25,3.37,-4.88
32.511,-8.25,3.37,-8.25,3.37,-4.88
32.514,-8.25,3.37,-8.25,3.37,-4.88
32.538,-8.25,3.37,-8.25,3.37,-4.88
32.562,-8.25,3.37,-8.25,3.37,-4.88
32.567,-8.25,3.37,-8.25,3.37,-4.88
32.576,-8.25,3.30,-8.25,3.30,-4.96
32.612,-8.25,3.47,-8.25,3.47,-4.78
32.617,-8.25,3.47,-8.25,3.47,-4.78
32.622,-8.25,3.47,-8.25,3.47,-4.78
32.643,-8.25,3.42,-8.25,3.42,-4.83
32.664,-7.28,2.45,-8.25,3.42,-4.83
32.670,-7.28,2.45,-7.28,2.45,-4.83
32.679,-7.28,2.64,-7.28,2.64,-4.65
32.710,-7.28,2.57,-7.28,2.57,-4.71
32.715,-7.80,3.09,-7.28,2.57,-4.71
32.719,-7.80,3.09,-7.80,3.09,-4.71
32.746,-7.80,3.24,-7.80,3.24,-4.56
32.764,-7.80,3.24,-7.80,3.24,-4.56
32.771,-7.80,3.24,-7.80,3.24,-4.56
32.783,-7.80,3.17,-7.80,3.17,-4.63
32.815,-7.80,3.26,-7.80,3.26,-4.54
32.820,-7.80,3.26,-7.80,3.26,-4.54
32.825,-7.80,3.26,-7.80,3.26,-4.54
32.852,-7.80,3.18,-7.80,3.18,-4.62
32.867,-7.80,3.18,-7.80,3.18,-4.62
32.873,-7.80,3.18,-7.80,3.18,-4.62
32.889,-7.80,3.28,-7.80,3.28,-4.52
32.917,-7.80,3.28,-7.80,3.28,-4.52
32.920,-7.80,3.28,-7.80,3.28,-4.52
32.922,-7.80,3.26,-7.80,3.26,-4.54
32.954,-7.80,3.38,-7.80,3.38,-4.42
32.967,-7.80,3.38,-7.80,3.38,-4.42
32.972,-7.80,3.38,-7.80,3.38,-4.42
32.986,-7.80,3.42,-7.80,3.42,-4.38
33.018,-7.80,3.42,-7.80,3.42,-4.38
33.022,-7.80,3.42,-7.80,3.42,-4.38
33.026,-7.80,3.51,-7.80,3.51,-4.30
33.058,-7.80,3.49,-7.80,3.49,-4.31
33.069,-7.80,3.49,-7.80,3.49,-4.31
33.074,-7.80,3.49,-7.80,3.49,-4.31
33.091,-7.80,3.53,-7.80,3.53,-4.28
33.120,-7.80,3.53,-7.80,3.53,-4.28
33.125,-7.80,3.53,-7.80,3.53,-4.28
33.130,-7.80,3.53,-7.80,3.53,-4.27
33.162,-7.80,3.57,-7.80,3.57,-4.24
33.170,-7.80,3.57,-7.80,3.57,-4.24
33.175,-7.80,3.57,-7.80,3.57,-4.24
33.194,-7.80,3.58,-7.80,3.58,-4.22
33.222,-7.80,3.58,-7.80,3.58,-4.22
33.226,-7.80,3.58,-7.80,3.58,-4.22
33.230,-7.80,3.70,-7.80,3.70,-4.10
33.261,-7.80,3.74,-7.80,3.74,-4.06
33.271,-5.70,1.64,-7.80,3.74,-4.06
33.273,-5.70,1.64,-5.70,1.64,-4.06
33.299,-5.70,1.61,-5.70,1.61,-4.09
33.323,-6.38,2.29,-5.70,1.61,-4.09
33.327,-6.38,2.29,-6.38,2.29,-4.09
33.335,-6.38,2.33,-6.38,2.33,-4.06
33.367,-6.38,2.34,-6.38,2.34,-4.05
33.374,-6.38,2.34,-6.38,2.34,-4.05
33.377,-6.38,2.34,-6.38,2.34,-4.05
33.402,-6.38,2.31,-6.38,2.31,-4.07
33.425,-6.38,2.31,-6.38,2.31,-4.07
33.427,-6.38,2.31,-6.38,2.31,-4.07
33.438,-6.38,2.37,-6.38,2.37,-4.02
33.470,-6.38,2.44,-6.38,2.44,-3.95
33.475,-6.38,2.44,-6.38,2.44,-3.95
33.478,-6.38,2.44,-6.38,2.44,-3.95
33.507,-6.38,2.47,-6.38,2.47,-3.91
33.525,-6.38,2.47,-6.38,2.47,-3.91
33.531,-6.38,2.47,-6.38,2.47,-3.91
33.538,-6.38,2.57,-6.38,2.57,-3.82
33.574,-6.38,2.55,-6.38,2.55,-3.83
33.578,-6.38,2.55,-6.38,2.55,-3.83
33.582,-6.38,2.55,-6.38,2.55,-3.83
33.610,-6.38,2.60,-6.38,2.60,-3.79
33.626,-6.38,2.60,-6.38,2.60,-3.79
33.631,-6.38,2.60,-6.38,2.60,-3.79
33.643,-6.38,2.66,-6.38,2.66,-3.73
33.677,-6.38,2.66,-6.38,2.66,-3.73
33.681,-6.38,2.66,-6.38,2.66,-3.73
33.685,-6.38,2.67,-6.38,2.67,-3.72
33.715,-6.38,2.61,-6.38,2.61,-3.78
33.728,-6.38,2.61,-6.38,2.61,-3.78
33.731,-6.38,2.61,-6.38,2.61,-3.78
33.746,-6.38,2.80,-6.38,2.80,-3.58
33.781,-6.38,2.80,-6.38,2.80,-3.58
33.786,-6.38,2.80,-6.38,2.80,-3.58
33.791,-6.38,2.83,-6.38,2.83,-3.56
33.816,-6.38,2.75,-6.38,2.75,-3.64
33.830,-6.38,2.75,-6.38,2.75,-3.64
33.835,-6.38,2.75,-6.38,2.75,-3.64
33.851,-6.38,2.82,-6.38,2.82,-3.56
33.882,-5.91,2.35,-6.38,2.82,-3.56
33.885,-5.91,2.35,-5.91,2.35,-3.56
33.889,-5.91,2.33,-5.91,2.33,-3.58
33.918,-5.91,2.32,-5.91,2.32,-3.59
33.931,-6.41,2.81,-5.91,2.32,-3.59
33.936,-6.41,2.81,-6.41,2.81,-3.59
33.954,-6.41,2.92,-6.41,2.92,-3.48
33.982,-6.41,2.92,-6.41,2.92,-3.48
33.986,-6.41,2.92,-6.41,2.92,-3.48
33.990,-6.41,3.05,-6.41,3.05,-3.35
34.025,-6.41,2.89,-6.41,2.89,-3.52
34.032,-6.41,2.89,-6.41,2.89,-3.52
34.037,-6.41,2.89,-6.41,2.89,-3.52
34.060,-6.41,2.86,-6.41,2.86,-3.55
34.084,-6.41,2.86,-6.41,2.86,-3.55
34.087,-6.41,2.86,-6.41,2.86,-3.55
34.091,-6.41,2.89,-6.41,2.89,-3.52
34.126,-6.41,2.83,-6.41,2.83,-3.58
34.135,-6.41,2.83,-6.41,2.83,-3.58
34.140,-6.41,2.83,-6.41,2.83,-3.58
34.161,-6.41,2.90,-6.41,2.90,-3.51
34.185,-6.41,2.90,-6.41,2.90,-3.51
34.189,-6.41,2.90,-6.41,2.90,-3.51
34.193,-6.41,2.93,-6.41,2.93,-3.48
34.231,-6.41,2.88,-6.41,2.88,-3.52
34.235,-6.41,2.88,-6.41,2.88,-3.52
34.238,-6.41,2.88,-6.41,2.88,-3.52
34.269,-6.41,2.99,-6.41,2.99,-3.42
34.286,-6.41,2.99,-6.41,2.99,-3.42
34.291,-6.41,2.99,-6.41,2.99,-3.42
34.301,-6.41,2.97,-6.41,2.97,-3.44
34.334,-6.41,2.95,-6.41,2.95,-3.46
34.336,-6.41,2.95,-6.41,2.95,-3.46
34.339,-6.41,2.95,-6.41,2.95,-3.46
34.365,-6.41,3.01,-6.41,3.01,-3.40
34.388,-6.41,3.01,-6.41,3.01,-3.40
34.390,-6.41,3.01,-6.41,3.01,-3.40
34.402,-6.41,3.07,-6.41,3.07,-3.34
34.438,-6.41,2.99,-6.41,2.99,-3.42
34.441,-6.41,2.99,-6.41,2.99,-3.42
34.445,-6.41,2.99,-6.41,2.99,-3.42
34.471,-6.41,2.83,-6.41,2.83,-3.57
34.489,-4.42,0.84,-6.41,2.83,-3.57
34.494,-4.42,0.84,-4.42,0.84,-3.57
34.508,-4.42,0.85,-4.42,0.85,-3.56
34.542,-5.68,2.12,-4.42,0.85,-3.56
34.546,-5.68,2.12,-5.68,2.12,-3.56
34.551,-5.68,2.15,-5.68,2.15,-3.53
34.575,-5.68,2.40,-5.68,2.40,-3.28
34.591,-5.68,2.40,-5.68,2.40,-3.28
34.595,-5.68,2.40,-5.68,2.40,-3.28
34.611,-5.68,2.37,-5.68,2.37,-3.32
34.640,-5.68,2.37,-5.68,2.37,-3.32
34.644,-5.68,2.37,-5.68,2.37,-3.32
34.648,-5.68,2.38,-5.68,2.38,-3.30
34.677,-5.68,2.48,-5.68,2.48,-3.20
34.691,-5.68,2.48,-5.68,2.48,-3.20
34.697,-5.68,2.48,-5.68,2.48,-3.20
34.715,-5.68,2.51,-5.68,2.51,-3.17
34.742,-5.68,2.51,-5.68,2.51,-3.17
34.745,-5.68,2.51,-5.68,2.51,-3.17
34.747,-5.68,2.48,-5.68,2.48,-3.20
34.784,-5.68,2.19,-5.68,2.19,-3.50
34.792,-5.68,2.19,-5.68,2.19,-3.50
34.797,-5.68,2.19,-5.68,2.19,-3.50
34.819,-5.68,2.19,-5.68,2.19,-3.50
34.843,-5.68,2.19,-5.68,2.19,-3.50
34.845,-5.68,2.19,-5.68,2.19,-3.50
34.850,-5.68,2.25,-5.68,2.25,-3.44
34.886,-5.68,2.12,-5.68,2.12,-3.56
34.894,-5.68,2.12,-5.68,2.12,-3.56
34.898,-5.68,2.12,-5.68,2.12,-3.56
34.918,-5.68,2.05,-5.68,2.05,-3.64
34.944,-5.43,1.80,-5.68,2.05,-3.64
34.948,-5.43,1.80,-5.43,1.80,-3.64
34.955,-5.43,1.81,-5.43,1.81,-3.63
34.991,-5.43,1.81,-5.43,1.81,-3.62
34.995,-5.43,1.81,-5.43,1.81,-3.62
34.999,-5.43,1.81,-5.43,1.81,-3.62
35.023,-5.43,1.74,-5.43,1.74,-3.70
35.045,-5.43,1.74,-5.43,1.74,-3.70
35.049,-5.43,1.74,-5.43,1.74,-3.70
35.061,-5.43,1.78,-5.43,1.78,-3.66
35.093,-5.43,1.66,-5.43,1.66,-3.78
35.098,-5.44,1.67,-5.43,1.66,-3.78
35.101,-5.44,1.67,-5.44,1.67,-3.78
35.125,-5.44,1.59,-5.44,1.59,-3.85
35.146,-5.44,1.59,-5.44,1.59,-3.85
35.150,-5.44,1.59,-5.44,1.59,-3.85
35.161,-5.44,1.60,-5.44,1.60,-3.85
35.193,-5.44,1.66,-5.44,1.66,-3.79
35.196,-5.44,1.66,-5.44,1.66,-3.79
35.199,-5.44,1.66,-5.44,1.66,-3.79
35.231,-5.44,1.53,-5.44,1.53,-3.92
35.248,-5.44,1.53,-5.44,1.53,-3.92
35.249,-5.44,1.53,-5.44,1.53,-3.92
35.267,-5.44,1.45,-5.44,1.45,-3.99
35.298,-5.44,1.45,-5.44,1.45,-3.99
35.302,-5.44,1.45,-5.44,1.45,-3.99
35.305,-5.44,1.45,-5.44,1.45,-3.99
35.333,-5.44,1.43,-5.44,1.43,-4.01
35.348,-5.44,1.43,-5.44,1.43,-4.01
35.353,-5.44,1.43,-5.44,1.43,-4.01
35.370,-5.44,1.47,-5.44,1.47,-3.97
35.399,-5.44,1.47,-5.44,1.47,-3.97
35.403,-5.44,1.47,-5.44,1.47,-3.97
35.407,-5.44,1.38,-5.44,1.38,-4.06
35.440,-5.44,1.38,-5.44,1.38,-4.06
35.450,-5.44,1.38,-5.44,1.38,-4.06
35.455,-5.44,1.38,-5.44,1.38,-4.06
35.471,-5.44,1.34,-5.44,1.34,-4.10
35.501,-5.44,1.34,-5.44,1.34,-4.10
35.505,-5.44,1.34,-5.44,1.34,-4.10
35.507,-5.44,1.24,-5.44,1.24,-4.20
35.542,-5.44,1.24,-5.44,1.24,-4.20
35.552,-6.16,1.96,-5.44,1.24,-4.20
35.556,-6.16,1.96,-6.16,1.96,-4.20
35.574,-6.16,1.96,-6.16,1.96,-4.20
35.603,-6.16,1.96,-6.16,1.96,-4.20
35.608,-6.16,1.96,-6.16,1.96,-4.20
35.611,-6.16,2.06,-6.16,2.06,-4.10
35.647,-6.16,2.08,-6.16,2.08,-4.08
35.653,-6.16,2.08,-6.16,2.08,-4.08
35.658,-6.16,2.08,-6.16,2.08,-4.08
35.679,-6.16,2.11,-6.16,2.11,-4.06
35.704,-5.17,1.11,-6.16,2.11,-4.06
35.708,-5.17,1.11,-5.17,1.11,-4.06
35.716,-5.17,1.05,-5.17,1.05,-4.12
35.748,-5.17,0.89,-5.17,0.89,-4.28
35.754,-5.17,0.89,-5.17,0.89,-4.28
35.759,-5.17,0.89,-5.17,0.89,-4.28
35.782,-5.17,0.84,-5.17,0.84,-4.32
35.808,-5.17,0.84,-5.17,0.84,-4.32
35.812,-5.17,0.84,-5.17,0.84,-4.32
35.818,-5.17,0.84,-5.17,0.84,-4.33
35.850,-5.17,0.77,-5.17,0.77,-4.40
35.856,-5.17,0.77,-5.17,0.77,-4.40
35.860,-5.17,0.77,-5.17,0.77,-4.40
35.887,-5.17,0.83,-5.17,0.83,-4.34
35.908,-5.17,0.83,-5.17,0.83,-4.34
35.912,-5.17,0.83,-5.17,0.83,-4.34
35.924,-5.17,0.80,-5.17,0.80,-4.37
35.956,-5.17,0.69,-5.17,0.69,-4.48
35.959,-5.17,0.69,-5.17,0.69,-4.48
35.962,-5.17,0.69,-5.17,0.69,-4.48
35.992,-5.17,0.65,-5.17,0.65,-4.52
36.009,-5.17,0.65,-5.17,0.65,-4.52
36.013,-5.17,0.65,-5.17,0.65,-4.52
36.023,-5.17,0.57,-5.17,0.57,-4.60
36.057,-5.17,0.58,-5.17,0.58,-4.59
36.061,-5.17,0.58,-5.17,0.58,-4.59
36.064,-5.17,0.58,-5.17,0.58,-4.59
36.094,-5.17,0.53,-5.17,0.53,-4.64
36.110,-5.17,0.53,-5.17,0.53,-4.64
36.115,-5.17,0.53,-5.17,0.53,-4.64
36.125,-5.17,0.42,-5.17,0.42,-4.75
36.161,-5.79,1.05,-5.17,0.42,-4.75
36.163,-5.79,1.05,-5.79,1.05,-4.75
36.165,-5.79,1.05,-5.79,1.05,-4.74
36.200,-5.79,1.00,-5.79,1.00,-4.79
36.212,-5.79,1.00,-5.79,1.00,-4.79
36.215,-5.79,1.00,-5.79,1.00,-4.79
36.229,-5.79,0.94,-5.79,0.94,-4.86
36.262,-5.79,0.94,-5.79,0.94,-4.86
36.266,-5.79,0.94,-5.79,0.94,-4.86
36.270,-5.79,0.88,-5.79,0.88,-4.91
36.299,-5.79,0.81,-5.79,0.81,-4.98
36.313,-4.65,0.33,-5.79,0.81,-4.98
36.318,-4.65,0.33,-4.65,0.33,-4.98
36.333,-4.65,0.40,-4.65,0.40,-5.05
36.364,-4.65,0.40,-4.65,0.40,-5.05
36.368,-4.65,0.40,-4.65,0.40,-5.05
36.372,-4.65,0.57,-4.65,0.57,-5.22
36.403,-4.65,0.57,-4.65,0.57,-5.22
36.414,-4.65,0.57,-4.65,0.57,-5.22
36.419,-4.65,0.57,-4.65,0.57,-5.22
36.440,-4.65,0.64,-4.65,0.64,-5.29
36.465,-4.65,0.64,-4.65,0.64,-5.29
36.468,-4.65,0.64,-4.65,0.64,-5.29
36.473,-4.65,0.66,-4.65,0.66,-5.31
36.506,-4.65,0.78,-4.65,0.78,-5.43
36.515,-4.65,0.78,-4.65,0.78,-5.43
36.516,-4.65,0.78,-4.65,0.78,-5.43
36.541,-4.65,0.86,-4.65,0.86,-5.51
36.567,-4.65,0.86,-4.65,0.86,-5.51
36.568,-4.65,0.86,-4.65,0.86,-5.51
36.573,-4.65,0.88,-4.65,0.88,-5.53
36.609,-4.65,1.02,-4.65,1.02,-5.67
36.617,-4.65,1.02,-4.65,1.02,-5.67
36.621,-4.65,1.02,-4.65,1.02,-5.67
36.648,-4.65,1.05,-4.65,1.05,-5.70
36.668,-4.65,1.05,-4.65,1.05,-5.70
36.671,-4.65,1.05,-4.65,1.05,-5.70
36.679,-4.65,1.17,-4.65,1.17,-5.82
36.716,-4.65,1.25,-4.65,1.25,-5.90
36.719,-5.53,0.38,-4.65,1.25,-5.90
36.720,-5.53,0.38,-5.53,0.38,-5.90
36.749,-5.53,0.55,-5.53,0.55,-6.07
36.770,-5.63,0.44,-5.53,0.55,-6.07
36.774,-5.63,0.44,-5.63,0.44,-6.07
36.783,-5.63,0.55,-5.63,0.55,-6.18
36.818,-5.63,0.73,-5.63,0.73,-6.36
36.822,-5.63,0.73,-5.63,0.73,-6.36
36.824,-5.63,0.73,-5.63,0.73,-6.36
36.849,-5.63,0.89,-5.63,0.89,-6.53
36.871,-5.63,0.89,-5.63,0.89,-6.53
36.874,-5.63,0.89,-5.63,0.89,-6.53
36.887,-5.63,1.06,-5.63,1.06,-6.69
36.922,-5.63,1.06,-5.63,1.06,-6.69
36.925,-5.63,1.06,-5.63,1.06,-6.69
36.927,-5.63,1.34,-5.63,1.34,-6.98
36.957,-5.63,1.41,-5.63,1.41,-7.04
36.973,-5.63,1.41,-5.63,1.41,-7.04
36.978,-5.63,1.41,-5.63,1.41,-7.04
36.990,-5.63,1.47,-5.63,1.47,-7.10
37.023,-5.63,1.47,-5.63,1.47,-7.10
37.028,-5.63,1.47,-5.63,1.47,-7.10
37.032,-5.63,1.66,-5.63,1.66,-7.29
37.058,-5.63,1.84,-5.63,1.84,-7.47
37.073,-5.63,1.84,-5.63,1.84,-7.47
37.078,-5.63,1.84,-5.63,1.84,-7.47
37.094,-5.63,2.05,-5.63,2.05,-7.68
37.124,-5.63,2.05,-5.63,2.05,-7.68
37.128,-5.63,2.05,-5.63,2.05,-7.68
37.131,-5.63,2.25,-5.63,2.25,-7.89
37.161,-5.63,2.46,-5.63,2.46,-8.09
37.175,-5.63,2.46,-5.63,2.46,-8.09
37.180,-5.63,2.46,-5.63,2.46,-8.09
37.198,-5.63,2.73,-5.63,2.73,-8.36
37.225,-5.63,2.73,-5.63,2.73,-8.36
37.230,-5.63,2.73,-5.63,2.73,-8.36
37.233,-5.63,2.89,-5.63,2.89,-8.52
37.265,-5.63,3.14,-5.63,3.14,-8.77
37.275,-5.63,3.14,-5.63,3.14,-8.77
37.280,-5.63,3.14,-5.63,3.14,-8.77
37.303,-5.63,3.31,-5.63,3.31,-8.94
37.327,-5.26,3.68,-5.63,3.31,-8.94
37.332,-5.26,3.68,-5.26,3.68,-8.94
37.336,-5.26,3.83,-5.26,3.83,-9.08
37.372,-5.26,4.02,-5.26,4.02,-9.28
37.377,-6.55,2.73,-5.26,4.02,-9.28
37.380,-6.55,2.73,-6.55,2.73,-9.28
37.404,-6.55,2.87,-6.55,2.87,-9.42
37.427,-6.55,2.87,-6.55,2.87,-9.42
37.432,-6.55,2.87,-6.55,2.87,-9.42
37.438,-6.55,3.22,-6.55,3.22,-9.77
37.474,-6.55,3.37,-6.55,3.37,-9.92
37.479,-6.55,3.37,-6.55,3.37,-9.92
37.483,-6.55,3.37,-6.55,3.37,-9.92
37.506,-6.55,3.60,-6.55,3.60,-10.15
37.530,-6.55,3.60,-6.55,3.60,-10.15
37.535,-6.55,3.60,-6.55,3.60,-10.15
37.542,-6.55,3.76,-6.55,3.76,-10.31
37.580,-6.55,3.76,-6.55,3.76,-10.31
37.583,-6.55,3.76,-6.55,3.76,-10.31
37.584,-6.55,4.01,-6.55,4.01,-10.56
37.609,-6.55,4.36,-6.55,4.36,-10.91
37.631,-6.55,4.36,-6.55,4.36,-10.91
37.635,-6.55,4.36,-6.55,4.36,-10.91
37.646,-6.55,4.58,-6.55,4.58,-11.13
37.677,-6.55,4.77,-6.55,4.77,-11.32
37.682,-6.55,4.77,-6.55,4.77,-11.32
37.686,-6.55,4.77,-6.55,4.77,-11.32
37.713,-6.55,4.94,-6.55,4.94,-11.49
37.732,-6.55,4.94,-6.55,4.94,-11.49
37.738,-6.55,4.94,-6.55,4.94,-11.49
37.749,-6.55,5.19,-6.55,5.19,-11.74
37.781,-6.55,5.43,-6.55,5.43,-11.98
37.785,-6.55,5.43,-6.55,5.43,-11.98
37.788,-6.55,5.43,-6.55,5.43,-11.98
37.820,-6.55,5.67,-6.55,5.67,-12.22
37.834,-6.55,5.67,-6.55,5.67,-12.22
37.838,-6.55,5.67,-6.55,5.67,-12.22
37.857,-6.55,5.83,-6.55,5.83,-12.38
37.885,-6.55,5.83,-6.55,5.83,-12.38
37.889,-6.55,6.04,-6.55,6.04,-12.59
37.892,-6.55,6.04,-6.55,6.04,-12.59
37.923,-6.55,6.50,-6.55,6.50,-13.05
37.935,-6.41,6.63,-6.55,6.50,-13.05
37.939,-6.41,6.63,-6.41,6.63,-13.05
37.954,-6.41,6.87,-6.41,6.87,-13.28
37.985,-7.64,5.64,-6.41,6.87,-13.28
37.988,-7.64,5.64,-7.64,5.64,-13.28
37.992,-7.64,5.78,-7.64,5.78,-13.42
38.025,-7.64,5.94,-7.64,5.94,-13.58
38.036,-7.64,5.94,-7.64,5.94,-13.58
38.041,-7.64,5.94,-7.64,5.94,-13.58
38.058,-7.64,6.17,-7.64,6.17,-13.81
38.087,-7.64,6.17,-7.64,6.17,-13.81
38.090,-7.64,6.17,-7.64,6.17,-13.81
38.098,-7.64,6.36,-7.64,6.36,-14.00
38.133,-7.64,6.58,-7.64,6.58,-14.22
38.141,-7.64,6.58,-7.64,6.58,-14.22
38.146,-7.64,6.58,-7.64,6.58,-14.22
38.162,-7.64,6.80,-7.64,6.80,-14.44
38.192,-7.64,6.80,-7.64,6.80,-14.44
38.196,-7.64,6.80,-7.64,6.80,-14.44
38.198,-7.64,6.96,-7.64,6.96,-14.60
38.231,-7.64,7.20,-7.64,7.20,-14.84
38.243,-7.64,7.20,-7.64,7.20,-14.84
38.248,-7.64,7.20,-7.64,7.20,-14.84
38.267,-7.64,7.41,-7.64,7.41,-15.05
38.292,-7.64,7.41,-7.64,7.41,-15.05
38.296,-7.64,7.41,-7.64,7.41,-15.05
38.301,-7.64,7.64,-7.64,7.64,-15.28
38.336,-7.64,7.88,-7.64,7.88,-15.52
38.343,-7.64,7.88,-7.64,7.88,-15.52
38.348,-7.64,7.88,-7.64,7.88,-15.52
38.371,-7.64,8.12,-7.64,8.12,-15.76
38.395,-7.64,8.12,-7.64,8.12,-15.76
38.399,-7.64,8.12,-7.64,8.12,-15.76
38.407,-7.64,8.33,-7.64,8.33,-15.96
38.442,-7.64,8.56,-7.64,8.56,-16.20
38.447,-7.64,8.56,-7.64,8.56,-16.20
38.450,-7.64,8.56,-7.64,8.56,-16.20
38.475,-7.64,8.82,-7.64,8.82,-16.46
38.495,-7.64,8.82,-7.64,8.82,-16.46
38.500,-7.64,8.82,-7.64,8.82,-16.46
38.506,-7.64,9.06,-7.64,9.06,-16.70
38.542,-7.64,9.33,-7.64,9.33,-16.97
38.546,-10.65,6.32,-7.64,9.33,-16.97
38.549,-10.65,6.32,-10.65,6.32,-16.97
38.579,-10.65,6.46,-10.65,6.46,-17.11
38.597,-12.03,5.08,-10.65,6.46,-17.11
38.600,-12.03,5.08,-12.03,5.08,-17.11
38.612,-12.03,5.33,-12.03,5.33,-17.35
38.647,-12.03,5.66,-12.03,5.66,-17.69
38.651,-12.03,5.66,-12.03,5.66,-17.69
38.653,-12.03,5.66,-12.03,5.66,-17.69
38.681,-12.03,6.02,-12.03,6.02,-18.04
38.697,-12.03,6.02,-12.03,6.02,-18.04
38.700,-12.03,6.02,-12.03,6.02,-18.04
38.713,-12.03,6.06,-12.03,6.06,-18.08
38.748,-12.03,6.06,-12.03,6.06,-18.08
38.751,-12.03,6.06,-12.03,6.06,-18.08
38.754,-12.03,6.33,-12.03,6.33,-18.35
38.781,-12.03,6.56,-12.03,6.56,-18.59
38.799,-12.03,6.56,-12.03,6.56,-18.59
38.805,-12.03,6.56,-12.03,6.56,-18.59
38.819,-12.03,6.80,-12.03,6.80,-18.82
38.851,-12.03,6.80,-12.03,6.80,-18.82
38.854,-12.03,6.80,-12.03,6.80,-18.82
38.858,-12.03,6.91,-12.03,6.91,-18.94
38.886,-12.03,7.45,-12.03,7.45,-19.48
38.901,-12.03,7.45,-12.03,7.45,-19.48
38.906,-12.03,7.45,-12.03,7.45,-19.48
38.921,-12.03,7.56,-12.03,7.56,-19.59
38.952,-12.03,7.56,-12.03,7.56,-19.59
38.955,-12.03,7.56,-12.03,7.56,-19.59
38.958,-12.03,7.63,-12.03,7.63,-19.65
38.990,-12.03,7.87,-12.03,7.87,-19.89
39.003,-12.03,7.87,-12.03,7.87,-19.89
39.008,-12.03,7.87,-12.03,7.87,-19.89
39.027,-12.03,8.17,-12.03,8.17,-20.20
39.053,-12.03,8.17,-12.03,8.17,-20.20
39.058,-12.03,8.17,-12.03,8.17,-20.20
39.062,-12.03,8.45,-12.03,8.45,-20.47
39.096,-12.03,8.62,-12.03,8.62,-20.65
39.103,-12.03,8.62,-12.03,8.62,-20.65
39.108,-12.03,8.62,-12.03,8.62,-20.65
39.130,-12.03,8.72,-12.03,8.72,-20.74
39.155,-14.57,6.17,-12.03,8.72,-20.74
39.160,-14.57,6.17,-14.57,6.17,-20.74
39.165,-14.57,6.50,-14.57,6.50,-21.07
39.198,-14.57,6.78,-14.57,6.78,-21.36
39.206,-18.44,2.91,-14.57,6.78,-21.36
39.210,-18.44,2.91,-18.44,2.91,-21.36
39.235,-18.44,3.05,-18.44,3.05,-21.49
39.256,-18.44,3.05,-18.44,3.05,-21.49
39.261,-18.44,3.05,-18.44,3.05,-21.49
39.265,-18.44,3.24,-18.44,3.24,-21.68
39.302,-18.44,3.45,-18.44,3.45,-21.89
39.306,-18.44,3.45,-18.44,3.45,-21.89
39.310,-18.44,3.45,-18.44,3.45,-21.89
39.333,-18.44,3.71,-18.44,3.71,-22.15
39.358,-18.44,3.71,-18.44,3.71,-22.15
39.362,-18.44,3.71,-18.44,3.71,-22.15
39.372,-18.44,3.93,-18.44,3.93,-22.37
39.405,-18.44,4.16,-18.44,4.16,-22.61
39.407,-18.44,4.16,-18.44,4.16,-22.61
39.408,-18.44,4.16,-18.44,4.16,-22.61
39.437,-18.44,4.41,-18.44,4.41,-22.85
39.458,-18.44,4.41,-18.44,4.41,-22.85
39.463,-18.44,4.41,-18.44,4.41,-22.85
39.473,-18.44,4.59,-18.44,4.59,-23.03
39.509,-18.44,4.59,-18.44,4.59,-23.03
39.512,-18.44,4.59,-18.44,4.59,-23.03
39.516,-18.44,4.83,-18.44,4.83,-23.27
39.543,-18.44,5.09,-18.44,5.09,-23.53
39.561,-18.44,5.09,-18.44,5.09,-23.53
39.566,-18.44,5.09,-18.44,5.09,-23.53
39.578,-18.44,5.23,-18.44,5.23,-23.67
39.611,-18.44,5.23,-18.44,5.23,-23.67
39.615,-18.44,5.23,-18.44,5.23,-23.67
39.619,-18.44,5.46,-18.44,5.46,-23.90
39.646,-18.44,5.68,-18.44,5.68,-24.13
39.661,-18.44,5.68,-18.44,5.68,-24.13
39.667,-18.44,5.68,-18.44,5.68,-24.13
39.682,-18.44,5.76,-18.44,5.76,-24.20
39.712,-18.44,5.76,-18.44,5.76,-24.20
39.716,-18.44,5.99,-18.44,5.99,-24.43
39.719,-18.44,5.99,-18.44,5.99,-24.43
39.751,-18.44,6.08,-18.44,6.08,-24.53
39.763,-18.92,5.61,-18.44,6.08,-24.53
39.764,-18.92,5.61,-18.92,5.61,-24.53
39.787,-18.92,5.89,-18.92,5.89,-24.81
39.814,-19.50,5.30,-18.92,5.89,-24.81
39.820,-19.50,5.30,-19.50,5.30,-24.81
39.824,-19.50,5.48,-19.50,5.48,-24.98
39.854,-19.50,5.55,-19.50,5.55,-25.05
39.864,-19.50,5.55,-19.50,5.55,-25.05
39.869,-19.50,5.55,-19.50,5.55,-25.05
39.887,-19.50,6.06,-19.50,6.06,-25.56
39.915,-19.50,6.06,-19.50,6.06,-25.56
39.917,-19.50,6.06,-19.50,6.06,-25.56
39.921,-19.50,6.22,-19.50,6.22,-25.72
39.958,-19.50,6.36,-19.50,6.36,-25.86
39.966,-19.50,6.36,-19.50,6.36,-25.86
39.970,-19.50,6.36,-19.50,6.36,-25.86
39.991,-19.50,6.49,-19.50,6.49,-25.99
40.017,-19.50,6.49,-19.50,6.49,-25.99
40.021,-19.50,6.49,-19.50,6.49,-25.99
40.027,-19.50,6.63,-19.50,6.63,-26.14
40.063,-19.50,6.75,-19.50,6.75,-26.25
40.066,-19.50,6.75,-19.50,6.75,-26.25
40.068,-19.50,6.75,-19.50,6.75,-26.25
40.094,-19.50,6.88,-19.50,6.88,-26.39
40.118,-19.50,6.88,-19.50,6.88,-26.39
40.122,-19.50,6.88,-19.50,6.88,-26.39
40.130,-19.50,7.04,-19.50,7.04,-26.54
40.162,-19.50,7.19,-19.50,7.19,-26.70
40.169,-19.50,7.19,-19.50,7.19,-26.70
40.172,-19.50,7.19,-19.50,7.19,-26.70
40.198,-19.50,7.29,-19.50,7.29,-26.79
40.220,-19.50,7.29,-19.50,7.29,-26.79
40.224,-19.50,7.29,-19.50,7.29,-26.79
40.235,-19.50,7.35,-19.50,7.35,-26.85
40.267,-19.50,7.47,-19.50,7.47,-26.97
40.271,-19.50,7.47,-19.50,7.47,-26.97
40.276,-19.50,7.47,-19.50,7.47,-26.97
40.304,-19.50,7.59,-19.50,7.59,-27.10
40.322,-19.50,7.59,-19.50,7.59,-27.10
40.326,-19.50,7.59,-19.50,7.59,-27.10
40.338,-19.50,7.75,-19.50,7.75,-27.26
40.373,-19.50,7.85,-19.50,7.85,-27.36
40.377,-22.10,5.25,-19.50,7.85,-27.36
40.381,-22.10,5.25,-22.10,5.25,-27.36
40.419,-22.10,5.29,-22.10,5.29,-27.39
40.426,-22.10,5.29,-22.10,5.29,-27.39
40.430,-22.10,5.29,-22.10,5.29,-27.39
40.437,-22.10,5.43,-22.10,5.43,-27.54
40.474,-22.10,5.67,-22.10,5.67,-27.77
40.478,-22.10,5.67,-22.10,5.67,-27.77
40.481,-22.10,5.67,-22.10,5.67,-27.77
40.510,-22.10,5.77,-22.10,5.77,-27.87
40.528,-22.10,5.77,-22.10,5.77,-27.87
40.532,-22.10,5.77,-22.10,5.77,-27.87
40.543,-22.10,5.83,-22.10,5.83,-27.94
40.578,-22.10,5.83,-22.10,5.83,-27.94
40.582,-22.10,5.83,-22.10,5.83,-27.94
40.584,-22.10,5.95,-22.10,5.95,-28.06
40.613,-22.10,6.14,-22.10,6.14,-28.24
40.629,-25.37,2.87,-22.10,6.14,-28.24
40.634,-25.37,2.87,-25.37,2.87,-28.24
40.649,-25.37,3.00,-25.37,3.00,-28.37
40.679,-25.37,3.00,-25.37,3.00,-28.37
40.683,-25.37,3.00,-25.37,3.00,-28.37
40.684,-25.37,3.10,-25.37,3.10,-28.48
40.714,-25.37,3.24,-25.37,3.24,-28.62
40.729,-25.37,3.24,-25.37,3.24,-28.62
40.733,-25.37,3.24,-25.37,3.24,-28.62
40.751,-25.37,3.33,-25.37,3.33,-28.70
40.781,-25.37,3.33,-25.37,3.33,-28.70
40.784,-25.37,3.33,-25.37,3.33,-28.70
40.787,-25.37,3.38,-25.37,3.38,-28.75
40.819,-25.37,3.43,-25.37,3.43,-28.80
40.831,-25.37,3.43,-25.37,3.43,-28.80
40.833,-25.37,3.43,-25.37,3.43,-28.80
40.854,-25.37,3.50,-25.37,3.50,-28.87
40.882,-25.37,3.50,-25.37,3.50,-28.87
40.885,-25.37,3.50,-25.37,3.50,-28.87
40.889,-25.37,3.65,-25.37,3.65,-29.02
40.922,-25.37,3.81,-25.37,3.81,-29.18
40.933,-25.37,3.81,-25.37,3.81,-29.18
40.938,-25.37,3.81,-25.37,3.81,-29.18
40.957,-25.37,3.86,-25.37,3.86,-29.23
40.984,-25.37,3.86,-25.37,3.86,-29.23
40.989,-25.37,3.86,-25.37,3.86,-29.23
40.993,-25.37,3.90,-25.37,3.90,-29.27
41.028,-25.37,3.99,-25.37,3.99,-29.37
41.035,-25.37,3.99,-25.37,3.99,-29.37
41.039,-25.37,3.99,-25.37,3.99,-29.37
41.061,-25.37,4.12,-25.37,4.12,-29.49
41.086,-25.37,4.12,-25.37,4.12,-29.49
41.090,-25.37,4.12,-25.37,4.12,-29.49
41.096,-25.37,4.17,-25.37,4.17,-29.54
41.130,-25.37,4.31,-25.37,4.31,-29.68
41.136,-25.37,4.31,-25.37,4.31,-29.68
41.140,-25.37,4.31,-25.37,4.31,-29.68
41.167,-25.37,4.36,-25.37,4.36,-29.73
41.187,-25.18,4.56,-25.37,4.36,-29.73
41.192,-25.18,4.56,-25.18,4.56,-29.73
41.198,-25.18,4.62,-25.18,4.62,-29.80
41.236,-25.18,4.67,-25.18,4.67,-29.85
41.240,-25.18,4.67,-25.18,4.67,-29.85
41.244,-25.18,4.67,-25.18,4.67,-29.85
41.267,-25.18,4.75,-25.18,4.75,-29.92
41.289,-25.18,4.75,-25.18,4.75,-29.92
41.294,-25.18,4.75,-25.18,4.75,-29.92
41.304,-25.18,4.77,-25.18,4.77,-29.95
41.337,-25.18,4.86,-25.18,4.86,-30.03
41.342,-25.18,4.86,-25.18,4.86,-30.03
41.345,-25.18,4.86,-25.18,4.86,-30.03
41.370,-25.18,4.87,-25.18,4.87,-30.04
41.390,-25.18,4.87,-25.18,4.87,-30.04
41.395,-25.18,4.87,-25.18,4.87,-30.04
41.405,-25.18,4.99,-25.18,4.99,-30.17
41.440,-25.18,4.99,-25.18,4.99,-30.17
41.444,-25.18,4.99,-25.18,4.99,-30.17
41.448,-25.18,5.07,-25.18,5.07,-30.25
41.475,-25.18,5.13,-25.18,5.13,-30.31
41.491,-25.18,5.13,-25.18,5.13,-30.31
41.496,-25.18,5.13,-25.18,5.13,-30.31
41.512,-25.18,5.19,-25.18,5.19,-30.37
41.542,-25.18,5.19,-25.18,5.19,-30.37
41.545,-25.18,5.19,-25.18,5.19,-30.37
41.549,-25.18,5.36,-25.18,5.36,-30.53
41.579,-25.18,5.34,-25.18,5.34,-30.52
41.594,-25.18,5.34,-25.18,5.34,-30.52
41.598,-25.18,5.34,-25.18,5.34,-30.52
41.613,-25.18,5.45,-25.18,5.45,-30.62
41.644,-30.27,0.36,-25.18,5.45,-30.62
41.647,-30.27,0.36,-30.27,0.36,-30.62
41.651,-30.27,0.30,-30.27,0.30,-30.56
41.684,-30.27,0.41,-30.27,0.41,-30.68
41.694,-30.27,0.41,-30.27,0.41,-30.68
41.699,-30.27,0.41,-30.27,0.41,-30.68
41.719,-30.27,0.45,-30.27,0.45,-30.71
41.745,-30.27,0.45,-30.27,0.45,-30.71
41.749,-30.27,0.45,-30.27,0.45,-30.71
41.753,-30.27,0.45,-30.27,0.45,-30.72
41.786,-30.27,0.43,-30.27,0.43,-30.69
41.796,-30.27,0.43,-30.27,0.43,-30.69
41.800,-30.27,0.43,-30.27,0.43,-30.69
41.819,-30.27,0.40,-30.27,0.40,-30.66
41.848,-30.27,0.40,-30.27,0.40,-30.66
41.852,-30.27,0.40,-30.27,0.40,-30.66
41.867,-30.27,0.48,-30.27,0.48,-30.74
41.897,-30.27,0.48,-30.27,0.48,-30.74
41.901,-30.27,0.48,-30.27,0.48,-30.74
41.906,-30.27,0.51,-30.27,0.51,-30.77
41.926,-30.27,0.52,-30.27,0.52,-30.79
41.948,-30.27,0.52,-30.27,0.52,-30.79
41.954,-30.27,0.52,-30.27,0.52,-30.79
41.963,-30.27,0.57,-30.27,0.57,-30.83
41.993,-30.27,0.62,-30.27,0.62,-30.89
41.998,-30.27,0.62,-29.56,1.33,-30.89
42.003,-29.56,1.33,-29.56,1.33,-30.89
42.027,-29.56,1.40,-29.56,1.40,-30.96
42.050,-29.56,1.40,-29.56,1.40,-30.96
42.055,-29.56,1.40,-29.56,1.40,-30.96
42.062,-29.56,1.40,-29.56,1.40,-30.96
42.093,-29.56,1.44,-29.56,1.44,-31.00
42.101,-29.56,1.44,-29.56,1.44,-31.00
42.104,-29.56,1.44,-29.56,1.44,-31.00
42.130,-29.56,1.49,-29.56,1.49,-31.05
42.152,-29.56,1.49,-29.56,1.49,-31.05
42.157,-29.56,1.49,-29.56,1.49,-31.05
42.167,-29.56,1.55,-29.56,1.55,-31.11
42.198,-29.56,1.55,-29.56,1.55,-31.11
42.202,-29.56,1.55,-29.56,1.55,-31.11
42.206,-29.56,1.55,-29.56,1.55,-31.11
42.235,-29.56,1.64,-29.56,1.64,-31.20
42.254,-29.56,1.64,-29.56,1.64,-31.20
42.258,-29.56,1.64,-29.56,1.64,-31.20
42.270,-29.56,1.68,-29.56,1.68,-31.23
42.303,-29.56,1.71,-29.56,1.71,-31.27
42.308,-29.56,1.71,-29.56,1.71,-31.27
42.311,-29.56,1.71,-29.56,1.71,-31.27
42.338,-29.56,1.80,-29.56,1.80,-31.36
42.355,-29.56,1.80,-29.56,1.80,-31.36
42.360,-29.56,1.80,-29.56,1.80,-31.36
42.370,-29.56,1.80,-29.56,1.80,-31.36
42.405,-29.56,1.80,-29.56,1.80,-31.36
42.409,-29.56,1.80,-29.56,1.80,-31.36
42.413,-29.56,1.87,-29.56,1.87,-31.43
42.444,-29.56,1.90,-29.56,1.90,-31.46
42.457,-29.56,1.90,-29.56,1.90,-31.46
42.461,-29.56,1.90,-29.56,1.90,-31.46
42.473,-29.56,1.97,-29.56,1.97,-31.53
42.507,-29.56,1.97,-29.56,1.97,-31.53
42.511,-29.56,1.97,-29.56,1.97,-31.53
42.512,-29.56,2.13,-29.56,2.13,-31.68
42.545,-29.56,2.07,-29.56,2.07,-31.62
42.557,-29.56,2.07,-29.56,2.07,-31.62
42.563,-29.56,2.07,-29.56,2.07,-31.62
42.578,-29.56,2.20,-29.56,2.20,-31.76
42.608,-29.56,2.20,-29.56,2.20,-31.76
42.611,-29.56,2.20,-29.56,2.20,-31.76
42.615,-29.56,2.18,-29.56,2.18,-31.74
42.645,-29.56,2.32,-29.56,2.32,-31.88
42.658,-31.89,0.01,-29.56,2.32,-31.88
42.660,-31.89,0.01,-31.89,0.01,-31.88
42.681,-31.89,0.06,-31.89,0.06,-31.95
42.709,-31.89,0.06,-31.89,0.06,-31.95
42.712,-31.89,0.06,-31.89,0.06,-31.95
42.719,-31.89,0.14,-31.89,0.14,-32.03
42.752,-31.89,0.16,-31.89,0.16,-32.04
42.760,-31.89,0.16,-31.89,0.16,-32.04
42.764,-31.89,0.16,-31.89,0.16,-32.04
42.786,-31.89,0.20,-31.89,0.20,-32.09
42.811,-31.89,0.20,-31.89,0.20,-32.09
42.815,-31.89,0.20,-31.89,0.20,-32.09
42.822,-31.89,0.30,-31.89,0.30,-32.19
42.854,-31.89,0.30,-31.89,0.30,-32.19
42.862,-31.89,0.30,-31.89,0.30,-32.19
42.864,-31.89,0.30,-31.89,0.30,-32.19
42.891,-31.89,0.26,-31.89,0.26,-32.15
42.912,-31.89,0.26,-31.89,0.26,-32.15
42.917,-31.89,0.26,-31.89,0.26,-32.15
42.923,-31.89,0.27,-31.89,0.27,-32.16
42.957,-31.89,0.27,-31.89,0.27,-32.16
42.962,-31.89,0.27,-31.89,0.27,-32.16
42.966,-31.89,0.27,-31.89,0.27,-32.16
42.993,-31.89,0.37,-31.89,0.37,-32.26
43.013,-32.41,0.16,-31.89,0.37,-32.26
43.015,-32.41,0.16,-32.41,0.16,-32.26
43.025,-32.41,0.05,-32.41,0.05,-32.37
43.061,-32.41,0.03,-32.41,0.03,-32.38
43.065,-32.41,0.03,-32.41,0.03,-32.38
43.068,-32.41,0.03,-32.41,0.03,-32.38
43.097,-32.41,0.03,-32.41,0.03,-32.38
43.116,-32.41,0.03,-32.41,0.03,-32.38
43.120,-32.41,0.03,-32.41,0.03,-32.38
43.131,-32.41,0.02,-32.41,0.02,-32.40
43.168,-32.41,0.02,-32.41,0.02,-32.40
43.172,-32.41,0.02,-32.41,0.02,-32.40
43.176,-32.41,0.08,-32.41,0.08,-32.49
43.199,-32.41,0.05,-32.41,0.05,-32.46
43.218,-32.41,0.05,-32.41,0.05,-32.46
43.222,-32.41,0.05,-32.41,0.05,-32.46
43.234,-32.41,0.04,-32.41,0.04,-32.45
43.268,-32.41,0.04,-32.41,0.04,-32.45
43.271,-32.41,0.04,-32.41,0.04,-32.45
43.274,-32.41,0.12,-32.41,0.12,-32.53
43.302,-32.41,0.16,-32.41,0.16,-32.57
43.319,-32.41,0.16,-32.41,0.16,-32.57
43.325,-32.41,0.16,-32.41,0.16,-32.57
43.338,-32.41,0.23,-32.41,0.23,-32.64
43.371,-32.41,0.23,-32.41,0.23,-32.64
43.374,-32.41,0.23,-32.41,0.23,-32.64
43.377,-32.41,0.25,-32.41,0.25,-32.66
43.407,-32.41,0.25,-32.41,0.25,-32.66
43.421,-32.41,0.25,-32.41,0.25,-32.66
43.426,-32.41,0.25,-32.41,0.25,-32.66
43.443,-32.41,0.28,-32.41,0.28,-32.69
43.472,-32.41,0.28,-32.41,0.28,-32.69
43.475,-32.41,0.28,-32.41,0.28,-32.69
43.476,-32.41,0.35,-32.41,0.35,-32.76
43.509,-32.41,0.49,-32.41,0.49,-32.90
43.522,-32.41,0.49,-32.41,0.49,-32.90
43.524,-32.41,0.49,-32.41,0.49,-32.90
43.545,-32.41,0.44,-32.41,0.44,-32.85
43.575,-32.41,0.44,-32.41,0.44,-32.85
43.580,-32.41,0.56,-32.41,0.56,-32.97
43.583,-32.41,0.56,-32.41,0.56,-32.97
43.615,-32.41,0.60,-32.41,0.60,-33.01
43.623,-32.41,0.60,-32.41,0.60,-33.01
43.627,-32.41,0.60,-32.41,0.60,-33.01
43.651,-32.41,0.49,-32.41,0.49,-32.91
43.674,-37.91,5.01,-32.41,0.49,-32.91
43.678,-37.91,5.01,-37.91,5.01,-32.91
43.681,-37.91,4.88,-37.91,4.88,-33.03
43.718,-37.91,4.79,-37.91,4.79,-33.13
43.724,-37.91,4.79,-37.91,4.79,-33.13
43.726,-37.91,4.79,-37.91,4.79,-33.13
43.749,-37.91,4.79,-37.91,4.79,-33.12
43.775,-37.91,4.79,-37.91,4.79,-33.12
43.778,-37.91,4.79,-37.91,4.79,-33.12
43.787,-37.91,4.82,-37.91,4.82,-33.10
43.823,-37.91,4.78,-37.91,4.78,-33.14
43.827,-36.65,3.52,-37.91,4.78,-33.14
43.830,-36.65,3.52,-36.65,3.52,-33.14
43.855,-36.65,3.45,-36.65,3.45,-33.21
43.877,-36.65,3.45,-36.65,3.45,-33.21
43.881,-36.65,3.45,-36.65,3.45,-33.21
43.891,-36.65,3.39,-36.65,3.39,-33.26
43.925,-36.65,3.35,-36.65,3.35,-33.30
43.929,-36.65,3.35,-36.65,3.35,-33.30
43.932,-36.65,3.35,-36.65,3.35,-33.30
43.957,-36.65,3.42,-36.65,3.42,-33.23
43.977,-36.65,3.42,-36.65,3.42,-33.23
43.979,-36.65,3.42,-36.65,3.42,-33.23
43.993,-36.65,3.52,-36.65,3.52,-33.13
44.025,-36.65,3.52,-36.65,3.52,-33.13
44.029,-36.65,3.52,-36.65,3.52,-33.13
44.030,-36.65,3.52,-36.65,3.52,-33.13
44.061,-36.65,3.45,-36.65,3.45,-33.20
44.080,-36.65,3.45,-36.65,3.45,-33.20
44.084,-36.65,3.45,-36.65,3.45,-33.20
44.100,-36.65,3.23,-36.65,3.23,-33.42
44.132,-36.65,3.23,-36.65,3.23,-33.42
44.136,-36.65,3.23,-36.65,3.23,-33.42
44.139,-36.65,3.24,-36.65,3.24,-33.41
44.167,-36.65,3.25,-36.65,3.25,-33.40
44.182,-36.65,3.25,-36.65,3.25,-33.40
44.187,-36.65,3.25,-36.65,3.25,-33.40
44.201,-36.65,3.30,-36.65,3.30,-33.35
44.233,-36.65,3.30,-36.65,3.30,-33.35
44.237,-36.65,3.30,-36.65,3.30,-33.35
44.241,-36.65,3.22,-36.65,3.22,-33.43
44.271,-36.65,3.05,-36.65,3.05,-33.60
44.284,-36.65,3.05,-36.65,3.05,-33.60
44.288,-36.65,3.05,-36.65,3.05,-33.60
44.303,-36.65,3.15,-36.65,3.15,-33.50
44.335,-36.65,3.15,-36.65,3.15,-33.50
44.339,-36.65,3.15,-36.65,3.15,-33.50
44.343,-36.65,3.06,-36.65,3.06,-33.59
44.373,-36.65,3.04,-36.65,3.04,-33.62
44.386,-36.65,3.04,-36.65,3.04,-33.62
44.387,-36.65,3.04,-36.65,3.04,-33.62
44.408,-36.65,3.08,-36.65,3.08,-33.57
44.437,-36.65,3.08,-36.65,3.08,-33.57
44.440,-36.65,3.08,-36.65,3.08,-33.57
44.442,-36.65,3.16,-36.65,3.16,-33.49
44.477,-36.65,3.21,-36.65,3.21,-33.44
44.488,-36.65,3.21,-36.65,3.21,-33.44
44.491,-36.65,3.21,-36.65,3.21,-33.44
44.510,-36.65,3.22,-36.65,3.22,-33.43
44.538,-36.65,3.22,-36.65,3.22,-33.43
44.542,-36.65,3.22,-36.65,3.22,-33.43
44.548,-36.65,3.20,-36.65,3.20,-33.45
44.577,-36.65,3.24,-36.65,3.24,-33.41
44.589,-36.65,3.24,-36.65,3.24,-33.41
44.594,-36.65,3.24,-36.65,3.24,-33.41
44.614,-36.65,3.19,-36.65,3.19,-33.47
44.640,-36.65,3.19,-36.65,3.19,-33.47
44.644,-36.65,3.19,-36.65,3.19,-33.47
44.649,-36.65,3.16,-36.65,3.16,-33.50
44.681,-36.65,3.10,-36.65,3.10,-33.55
44.691,-36.65,3.10,-36.65,3.10,-33.55
44.696,-36.65,3.10,-36.65,3.10,-33.55
44.720,-36.65,2.97,-36.65,2.97,-33.68
44.741,-36.65,2.97,-36.65,2.97,-33.68
44.742,-36.65,2.97,-36.65,2.97,-33.68
44.755,-36.65,2.93,-36.65,2.93,-33.72
44.795,-36.65,2.95,-36.65,2.95,-33.70
44.796,-36.65,2.95,-36.65,2.95,-33.70
44.797,-36.65,2.95,-36.65,2.95,-33.70
44.824,-36.65,3.00,-36.65,3.00,-33.65
44.848,-32.98,0.67,-36.65,3.00,-33.65
44.849,-32.98,0.67,-32.98,0.67,-33.65
44.855,-32.98,0.63,-32.98,0.63,-33.62
44.888,-32.98,0.60,-32.98,0.60,-33.58
44.898,-35.25,1.68,-32.98,0.60,-33.58
44.899,-35.25,1.68,-35.25,1.68,-33.58
44.926,-35.25,1.58,-35.25,1.58,-33.68
44.949,-35.25,1.58,-35.25,1.58,-33.68
44.950,-35.25,1.58,-35.25,1.58,-33.68
44.957,-35.25,1.50,-35.25,1.50,-33.75
44.993,-35.25,1.41,-35.25,1.41,-33.85
45.000,-35.25,1.41,-35.25,1.41,-33.85
45.001,-35.25,1.41,-35.25,1.41,-33.85
45.031,-35.25,1.33,-35.25,1.33,-33.93
45.050,-35.25,1.33,-35.25,1.33,-33.93
45.052,-35.25,1.33,-35.25,1.33,-33.93
45.061,-35.25,1.33,-35.25,1.33,-33.93
45.098,-35.25,1.32,-35.25,1.32,-33.93
45.102,-35.25,1.32,-35.25,1.32,-33.93
45.105,-35.25,1.32,-35.25,1.32,-33.93
45.128,-35.25,1.37,-35.25,1.37,-33.88
45.152,-35.25,1.37,-35.25,1.37,-33.88
45.155,-35.25,1.37,-35.25,1.37,-33.88
45.165,-35.25,1.39,-35.25,1.39,-33.86
45.204,-35.25,1.39,-35.25,1.39,-33.86
45.208,-35.25,1.39,-35.25,1.39,-33.86
45.212,-35.25,1.40,-35.25,1.40,-33.86
45.233,-35.25,1.37,-35.25,1.37,-33.88
45.254,-35.25,1.37,-35.25,1.37,-33.88
45.257,-35.25,1.37,-35.25,1.37,-33.88
45.272,-35.25,1.44,-35.25,1.44,-33.81
45.305,-35.25,1.44,-35.25,1.44,-33.81
45.309,-35.25,1.44,-35.25,1.44,-33.81
45.312,-35.25,1.50,-35.25,1.50,-33.76
45.338,-35.25,1.49,-35.25,1.49,-33.76
45.355,-35.25,1.49,-35.25,1.49,-33.76
45.359,-35.25,1.49,-35.25,1.49,-33.76
45.373,-35.25,1.51,-35.25,1.51,-33.74
45.405,-35.25,1.51,-35.25,1.51,-33.74
45.409,-35.25,1.51,-35.25,1.51,-33.74
45.413,-35.25,1.51,-35.25,1.51,-33.74
45.441,-35.25,1.47,-35.25,1.47,-33.78
45.456,-35.25,1.47,-35.25,1.47,-33.78
45.461,-35.25,1.47,-35.25,1.47,-33.78
45.479,-35.25,1.28,-35.25,1.28,-33.97
45.507,-35.25,1.28,-35.25,1.28,-33.97
45.510,-35.25,1.28,-35.25,1.28,-33.97
45.513,-35.25,1.30,-35.25,1.30,-33.96
45.544,-35.25,1.35,-35.25,1.35,-33.91
45.558,-35.25,1.35,-35.25,1.35,-33.91
45.562,-35.25,1.35,-35.25,1.35,-33.91
45.581,-35.25,1.35,-35.25,1.35,-33.91
45.608,-35.25,1.35,-35.25,1.35,-33.91
45.610,-35.25,1.35,-35.25,1.35,-33.91
45.613,-35.25,1.38,-35.25,1.38,-33.87
45.649,-35.25,1.38,-35.25,1.38,-33.87
45.659,-35.25,1.38,-35.25,1.38,-33.87
45.663,-35.25,1.38,-35.25,1.38,-33.87
45.681,-35.25,1.34,-35.25,1.34,-33.91
45.710,-35.25,1.34,-35.25,1.34,-33.91
45.713,-35.25,1.34,-35.25,1.34,-33.91
45.718,-35.25,1.33,-35.25,1.33,-33.92
45.755,-35.25,1.24,-35.25,1.24,-34.01
45.760,-35.25,1.24,-35.25,1.24,-34.01
45.763,-35.25,1.24,-35.25,1.24,-34.01
45.787,-35.25,1.09,-35.25,1.09,-34.17
45.811,-35.25,1.09,-35.25,1.09,-34.17
45.815,-35.25,1.09,-35.25,1.09,-34.17
45.822,-35.25,1.05,-35.25,1.05,-34.21
45.857,-35.25,1.11,-35.25,1.11,-34.15
45.862,-33.45,0.70,-35.25,1.11,-34.15
45.866,-33.45,0.70,-33.45,0.70,-34.15
45.889,-33.45,0.65,-33.45,0.65,-34.11
45.912,-37.41,3.30,-33.45,0.65,-34.11
45.916,-37.41,3.30,-37.41,3.30,-34.11
45.927,-37.41,3.34,-37.41,3.34,-34.06
45.957,-37.41,3.35,-37.41,3.35,-34.06
45.963,-37.41,3.35,-37.41,3.35,-34.06
45.965,-37.41,3.35,-37.41,3.35,-34.06
45.994,-37.41,3.37,-37.41,3.37,-34.04
46.013,-37.41,3.37,-37.41,3.37,-34.04
46.015,-37.41,3.37,-37.41,3.37,-34.04
46.029,-37.41,3.36,-37.41,3.36,-34.05
46.060,-37.41,3.37,-37.41,3.37,-34.04
46.065,-37.41,3.37,-37.41,3.37,-34.04
46.068,-37.41,3.37,-37.41,3.37,-34.04
46.097,-37.41,3.39,-37.41,3.39,-34.02
46.116,-37.41,3.39,-37.41,3.39,-34.02
46.119,-37.41,3.39,-37.41,3.39,-34.02
46.134,-37.41,3.40,-37.41,3.40,-34.01
46.166,-37.41,3.40,-37.41,3.40,-34.01
46.169,-37.41,3.40,-37.41,3.40,-34.01
46.172,-37.41,3.40,-37.41,3.40,-34.01
46.204,-37.41,3.43,-37.41,3.43,-33.97
46.217,-37.41,3.43,-37.41,3.43,-33.97
46.220,-37.41,3.43,-37.41,3.43,-33.97
46.235,-37.41,3.38,-37.41,3.38,-34.02
46.268,-37.41,3.38,-37.41,3.38,-34.02
46.271,-37.41,3.38,-37.41,3.38,-34.02
46.274,-37.41,3.39,-37.41,3.39,-34.01
46.305,-37.41,3.36,-37.41,3.36,-34.04
46.318,-37.41,3.36,-37.41,3.36,-34.04
46.322,-37.41,3.36,-37.41,3.36,-34.04
46.337,-37.41,3.37,-37.41,3.37,-34.04
46.369,-37.41,3.37,-37.41,3.37,-34.04
46.371,-37.41,3.37,-37.41,3.37,-34.04
46.374,-37.41,3.32,-37.41,3.32,-34.09
46.410,-37.41,3.26,-37.41,3.26,-34.15
46.419,-37.41,3.26,-37.41,3.26,-34.15
46.424,-37.41,3.26,-37.41,3.26,-34.15
46.443,-37.41,3.18,-37.41,3.18,-34.22
46.470,-37.41,3.18,-37.41,3.18,-34.22
46.473,-37.41,3.18,-37.41,3.18,-34.22
46.476,-37.41,3.21,-37.41,3.21,-34.19
46.510,-37.41,3.22,-37.41,3.22,-34.19
46.521,-37.41,3.22,-37.41,3.22,-34.19
46.526,-37.41,3.22,-37.41,3.22,-34.19
46.545,-37.41,3.25,-37.41,3.25,-34.16
46.572,-37.41,3.25,-37.41,3.25,-34.16
46.576,-37.41,3.25,-37.41,3.25,-34.16
46.582,-37.41,3.24,-37.41,3.24,-34.16
46.614,-37.41,3.24,-37.41,3.24,-34.17
46.622,-37.41,3.24,-37.41,3.24,-34.17
46.626,-37.41,3.24,-37.41,3.24,-34.17
46.653,-37.41,3.28,-37.41,3.28,-34.12
46.673,-37.41,3.28,-37.41,3.28,-34.12
46.676,-37.41,3.28,-37.41,3.28,-34.12
46.685,-37.41,3.33,-37.41,3.33,-34.08
46.719,-37.41,3.38,-37.41,3.38,-34.03
46.723,-37.41,3.38,-37.41,3.38,-34.03
46.727,-37.41,3.38,-37.41,3.38,-34.03
46.753,-37.41,3.40,-37.41,3.40,-34.01
46.775,-37.41,3.40,-37.41,3.40,-34.01
46.778,-37.41,3.40,-37.41,3.40,-34.01
46.786,-37.41,3.36,-37.41,3.36,-34.05
46.821,-37.41,3.31,-37.41,3.31,-34.10
46.825,-37.41,3.31,-37.41,3.31,-34.10
46.829,-37.41,3.31,-37.41,3.31,-34.10
46.859,-37.41,3.34,-37.41,3.34,-34.06
46.876,-37.41,3.34,-37.41,3.34,-34.06
46.879,-37.41,3.34,-37.41,3.34,-34.06
46.891,-37.41,3.56,-37.41,3.56,-33.85
46.926,-37.41,3.56,-37.41,3.56,-33.85
46.929,-37.41,3.56,-37.41,3.56,-33.85
46.932,-37.41,3.56,-37.41,3.56,-33.85
46.961,-37.41,3.57,-37.41,3.57,-33.83
46.976,-37.41,3.57,-37.41,3.57,-33.83
46.977,-37.41,3.57,-37.41,3.57,-33.83
46.993,-37.41,3.51,-37.41,3.51,-33.89
47.027,-37.41,3.51,-37.41,3.51,-33.89
47.030,-37.41,3.51,-37.41,3.51,-33.89
47.033,-37.41,3.42,-37.41,3.42,-33.99
47.062,-37.41,3.49,-37.41,3.49,-33.92
47.080,-34.45,0.53,-37.41,3.49,-33.92
47.084,-34.45,0.53,-34.45,0.53,-33.92
47.099,-34.45,0.55,-34.45,0.55,-33.90
47.131,-34.45,0.55,-34.45,0.55,-33.90
47.134,-34.45,0.55,-34.45,0.55,-33.90
47.138,-34.45,0.77,-34.45,0.77,-33.68
47.166,-34.45,0.80,-34.45,0.80,-33.64
47.181,-34.45,0.80,-34.45,0.80,-33.64
47.185,-34.45,0.80,-34.45,0.80,-33.64
47.202,-34.45,0.77,-34.45,0.77,-33.68
47.232,-34.45,0.77,-34.45,0.77,-33.68
47.236,-34.45,0.77,-34.45,0.77,-33.68
47.239,-34.45,0.70,-34.45,0.70,-33.74
47.271,-34.45,0.65,-34.45,0.65,-33.80
47.283,-34.45,0.65,-34.45,0.65,-33.80
47.287,-34.45,0.65,-34.45,0.65,-33.80
47.305,-34.45,0.65,-34.45,0.65,-33.80
47.334,-34.45,0.65,-34.45,0.65,-33.80
47.337,-34.45,0.65,-34.45,0.65,-33.80
47.339,-34.45,0.70,-34.45,0.70,-33.74
47.375,-34.45,0.87,-34.45,0.87,-33.58
47.385,-34.45,0.87,-34.45,0.87,-33.58
47.389,-34.45,0.87,-34.45,0.87,-33.58
47.409,-34.45,0.95,-34.45,0.95,-33.50
47.436,-34.45,0.95,-34.45,0.95,-33.50
47.440,-34.45,0.95,-34.45,0.95,-33.50
47.443,-34.45,0.98,-34.45,0.98,-33.47
47.476,-34.45,1.04,-34.45,1.04,-33.41
47.486,-34.45,1.04,-34.45,1.04,-33.41
47.491,-34.45,1.04,-34.45,1.04,-33.41
47.513,-34.45,1.01,-34.45,1.01,-33.43
47.537,-34.45,1.01,-34.45,1.01,-33.43
47.540,-34.45,1.01,-34.45,1.01,-33.43
47.545,-34.45,0.91,-34.45,0.91,-33.54
47.585,-34.45,0.88,-34.45,0.88,-33.57
47.590,-34.45,0.88,-34.45,0.88,-33.57
47.593,-34.45,0.88,-34.45,0.88,-33.57
47.616,-34.45,0.84,-34.45,0.84,-33.61
47.639,-34.45,0.84,-34.45,0.84,-33.61
47.643,-34.45,0.84,-34.45,0.84,-33.61
47.651,-34.45,0.84,-34.45,0.84,-33.61
47.685,-34.45,0.86,-34.45,0.86,-33.59
47.690,-34.45,0.86,-34.45,0.86,-33.59
47.692,-34.45,0.86,-34.45,0.86,-33.59
47.717,-34.45,0.91,-34.45,0.91,-33.53
47.741,-34.45,0.91,-34.45,0.91,-33.53
47.745,-34.45,0.91,-34.45,0.91,-33.53
47.754,-34.45,1.04,-34.45,1.04,-33.40
47.790,-34.45,1.23,-34.45,1.23,-33.22
47.793,-34.45,1.23,-34.45,1.23,-33.22
47.795,-34.45,1.23,-34.45,1.23,-33.22
47.823,-34.45,1.22,-34.45,1.22,-33.23
47.843,-34.45,1.22,-34.45,1.22,-33.23
47.846,-34.45,1.22,-34.45,1.22,-33.23
47.860,-34.45,1.15,-34.45,1.15,-33.29
47.891,-34.45,1.10,-34.45,1.10,-33.35
47.894,-34.45,1.10,-34.45,1.10,-33.35
47.897,-34.45,1.10,-34.45,1.10,-33.35
47.925,-34.45,1.10,-34.45,1.10,-33.34
47.944,-34.45,1.10,-34.45,1.10,-33.34
47.948,-34.45,1.10,-34.45,1.10,-33.34
47.960,-34.45,1.07,-34.45,1.07,-33.38
47.993,-34.45,1.11,-34.45,1.11,-33.33
47.996,-34.45,1.11,-34.45,1.11,-33.33
47.999,-34.45,1.11,-34.45,1.11,-33.33
48.031,-34.45,1.15,-34.45,1.15,-33.30
48.045,-34.45,1.15,-34.45,1.15,-33.30
48.049,-34.45,1.15,-34.45,1.15,-33.30
48.065,-34.45,1.18,-34.45,1.18,-33.27
48.097,-34.45,1.18,-34.45,1.18,-33.27
48.100,-34.45,1.18,-34.45,1.18,-33.27
48.104,-34.45,1.19,-34.45,1.19,-33.25
48.136,-34.45,1.30,-34.45,1.30,-33.15
48.147,-34.45,1.30,-34.45,1.30,-33.15
48.151,-34.45,1.30,-34.45,1.30,-33.15
48.166,-34.45,1.33,-34.45,1.33,-33.11
48.197,-34.45,1.33,-34.45,1.33,-33.11
48.201,-34.45,1.33,-34.45,1.33,-33.11
48.204,-34.45,1.31,-34.45,1.31,-33.14
48.239,-34.45,1.34,-34.45,1.34,-33.11
48.248,-34.45,1.34,-34.45,1.34,-33.11
48.252,-34.45,1.34,-34.45,1.34,-33.11
48.271,-34.45,1.31,-34.45,1.31,-33.13
48.300,-34.45,1.31,-34.45,1.31,-33.13
48.303,-34.45,1.31,-34.45,1.31,-33.13
48.307,-34.45,1.32,-34.45,1.32,-33.13
48.341,-34.45,1.29,-34.45,1.29,-33.16
48.351,-34.45,1.29,-34.45,1.29,-33.16
48.355,-34.45,1.29,-34.45,1.29,-33.16
48.374,-34.45,1.36,-34.45,1.36,-33.09
48.401,-34.45,1.36,-34.45,1.36,-33.09
48.405,-34.45,1.36,-34.45,1.36,-33.09
48.408,-34.45,1.48,-34.45,1.48,-32.96
48.441,-34.45,1.56,-34.45,1.56,-32.88
48.452,-34.45,1.56,-34.45,1.56,-32.88
48.457,-34.45,1.56,-34.45,1.56,-32.88
48.476,-34.45,1.52,-34.45,1.52,-32.93
48.503,-34.45,1.52,-34.45,1.52,-32.93
48.506,-34.45,1.52,-34.45,1.52,-32.93
48.515,-34.45,1.46,-34.45,1.46,-32.99
48.545,-34.45,1.38,-34.45,1.38,-33.07
48.553,-34.45,1.38,-34.45,1.38,-33.07
48.558,-34.45,1.38,-34.45,1.38,-33.07
48.580,-34.45,1.44,-34.45,1.44,-33.01
48.603,-34.45,1.44,-34.45,1.44,-33.01
48.606,-34.45,1.44,-34.45,1.44,-33.01
48.619,-34.45,1.66,-34.45,1.66,-32.79
48.648,-34.45,1.74,-34.45,1.74,-32.70
48.654,-34.45,1.74,-34.45,1.74,-32.70
48.658,-34.45,1.74,-34.45,1.74,-32.70
48.685,-34.45,1.56,-34.45,1.56,-32.89
48.705,-36.99,4.10,-34.45,1.56,-32.89
48.708,-36.99,4.10,-36.99,4.10,-32.89
48.717,-36.99,4.11,-36.99,4.11,-32.88
48.754,-36.99,4.34,-36.99,4.34,-32.65
48.758,-36.99,4.34,-36.99,4.34,-32.65
48.761,-36.99,4.34,-36.99,4.34,-32.65
48.791,-36.99,4.19,-36.99,4.19,-32.79
48.806,-36.99,4.19,-36.99,4.19,-32.79
48.811,-36.99,4.19,-36.99,4.19,-32.79
48.824,-36.99,4.42,-36.99,4.42,-32.57
48.857,-36.99,4.42,-36.99,4.42,-32.57
48.861,-36.99,4.42,-36.99,4.42,-32.57
48.865,-36.99,4.52,-36.99,4.52,-32.46
48.893,-36.99,4.42,-36.99,4.42,-32.57
48.908,-36.99,4.42,-36.99,4.42,-32.57
48.911,-36.99,4.42,-36.99,4.42,-32.57
48.925,-36.99,4.42,-36.99,4.42,-32.56
48.958,-36.99,4.42,-36.99,4.42,-32.56
48.960,-36.99,4.42,-36.99,4.42,-32.56
48.962,-36.99,4.56,-36.99,4.56,-32.43
48.994,-36.99,4.58,-36.99,4.58,-32.40
49.009,-36.99,4.58,-36.99,4.58,-32.40
49.011,-36.99,4.58,-36.99,4.58,-32.40
49.028,-36.99,4.58,-36.99,4.58,-32.41
49.061,-36.99,4.58,-36.99,4.58,-32.41
49.065,-36.99,4.58,-36.99,4.58,-32.41
49.069,-36.99,4.55,-36.99,4.55,-32.44
49.097,-36.99,4.54,-36.99,4.54,-32.45
49.111,-36.99,4.54,-36.99,4.54,-32.45
49.115,-36.99,4.54,-36.99,4.54,-32.45
49.134,-36.99,4.52,-36.99,4.52,-32.47
49.161,-36.99,4.52,-36.99,4.52,-32.47
49.164,-36.99,4.52,-36.99,4.52,-32.47
49.169,-36.99,4.54,-36.99,4.54,-32.45
49.202,-36.99,4.53,-36.99,4.53,-32.46
49.212,-36.99,4.53,-36.99,4.53,-32.46
49.216,-36.99,4.53,-36.99,4.53,-32.46
49.244,-36.99,4.49,-36.99,4.49,-32.49
49.264,-36.99,4.49,-36.99,4.49,-32.49
49.268,-36.99,4.49,-36.99,4.49,-32.49
49.279,-36.99,4.48,-36.99,4.48,-32.51
49.310,-36.99,4.51,-36.99,4.51,-32.48
49.317,-36.99,4.51,-36.99,4.51,-32.48
49.321,-36.99,4.51,-36.99,4.51,-32.48
49.342,-36.99,4.57,-36.99,4.57,-32.42
49.367,-36.99,4.57,-36.99,4.57,-32.42
49.370,-36.99,4.57,-36.99,4.57,-32.42
49.376,-36.99,4.57,-36.99,4.57,-32.42
49.411,-36.99,4.58,-36.99,4.58,-32.41
49.418,-36.99,4.58,-36.99,4.58,-32.41
49.422,-36.99,4.58,-36.99,4.58,-32.41
49.445,-36.99,4.57,-36.99,4.57,-32.42
49.468,-36.99,4.57,-36.99,4.57,-32.42
49.472,-36.99,4.57,-36.99,4.57,-32.42
49.477,-36.99,4.67,-36.99,4.67,-32.32
49.514,-36.99,4.70,-36.99,4.70,-32.29
49.519,-36.99,4.70,-36.99,4.70,-32.29
49.522,-36.99,4.70,-36.99,4.70,-32.29
49.546,-36.99,4.68,-36.99,4.68,-32.31
49.570,-36.99,4.68,-36.99,4.68,-32.31
49.571,-36.99,4.68,-36.99,4.68,-32.31
49.583,-36.99,4.66,-36.99,4.66,-32.33
49.618,-36.99,4.64,-36.99,4.64,-32.35
49.622,-36.99,4.64,-36.99,4.64,-32.35
49.626,-36.99,4.64,-36.99,4.64,-32.35
49.649,-36.99,4.70,-36.99,4.70,-32.29
49.672,-36.99,4.70,-36.99,4.70,-32.29
49.675,-36.99,4.70,-36.99,4.70,-32.29
49.685,-36.99,4.75,-36.99,4.75,-32.24
49.721,-36.99,4.78,-36.99,4.78,-32.20
49.725,-36.99,4.78,-36.99,4.78,-32.20
49.728,-36.99,4.78,-36.99,4.78,-32.20
49.755,-36.99,4.72,-36.99,4.72,-32.27
49.773,-36.99,4.72,-36.99,4.72,-32.27
49.774,-36.99,4.72,-36.99,4.72,-32.27
49.789,-36.99,4.71,-36.99,4.71,-32.27
49.823,-36.99,4.70,-36.99,4.70,-32.28
49.826,-36.99,4.70,-36.99,4.70,-32.28
49.827,-36.99,4.70,-36.99,4.70,-32.28
49.857,-36.99,4.66,-36.99,4.66,-32.32
49.874,-36.99,4.66,-36.99,4.66,-32.32
49.877,-36.99,4.66,-36.99,4.66,-32.32
49.894,-36.99,4.69,-36.99,4.69,-32.29
49.924,-32.21,0.09,-36.99,4.69,-32.29
49.928,-32.21,0.09,-32.21,0.09,-32.29
49.930,-32.21,0.13,-32.21,0.13,-32.34
49.961,-32.21,0.16,-32.21,0.16,-32.36
49.975,-35.49,3.13,-32.21,0.16,-32.36
49.976,-35.49,3.13,-35.49,3.13,-32.36
50.001,-35.49,3.12,-35.49,3.12,-32.37
50.026,-35.49,3.12,-35.49,3.12,-32.37
50.028,-35.49,3.12,-35.49,3.12,-32.37
50.030,-35.49,3.10,-35.49,3.10,-32.39
50.066,-35.49,3.11,-35.49,3.11,-32.38
50.077,-35.49,3.11,-35.49,3.11,-32.38
50.081,-35.49,3.11,-35.49,3.11,-32.38
50.098,-35.49,3.17,-35.49,3.17,-32.32
50.128,-35.49,3.17,-35.49,3.17,-32.32
50.131,-35.49,3.17,-35.49,3.17,-32.32
50.133,-35.49,3.22,-35.49,3.22,-32.27
50.169,-35.49,3.24,-35.49,3.24,-32.26
50.178,-35.49,3.24,-35.49,3.24,-32.26
50.183,-35.49,3.24,-35.49,3.24,-32.26
50.202,-35.49,3.24,-35.49,3.24,-32.25
50.229,-35.49,3.24,-35.49,3.24,-32.25
50.233,-35.49,3.24,-35.49,3.24,-32.25
50.239,-35.49,3.24,-35.49,3.24,-32.25
50.273,-35.49,3.27,-35.49,3.27,-32.22
50.279,-35.49,3.27,-35.49,3.27,-32.22
50.283,-35.49,3.27,-35.49,3.27,-32.22
50.305,-35.49,3.37,-35.49,3.37,-32.12
50.330,-35.49,3.37,-35.49,3.37,-32.12
50.334,-35.49,3.37,-35.49,3.37,-32.12
50.341,-35.49,3.39,-35.49,3.39,-32.10
50.373,-35.49,3.41,-35.49,3.41,-32.08
50.381,-35.49,3.41,-35.49,3.41,-32.08
50.385,-35.49,3.41,-35.49,3.41,-32.08
50.410,-35.49,3.40,-35.49,3.40,-32.10
50.432,-35.49,3.40,-35.49,3.40,-32.10
50.436,-35.49,3.40,-35.49,3.40,-32.10
50.446,-35.49,3.43,-35.49,3.43,-32.06
50.478,-35.49,3.43,-35.49,3.43,-32.07
50.482,-35.49,3.43,-35.49,3.43,-32.07
50.486,-35.49,3.43,-35.49,3.43,-32.07
50.515,-35.49,3.38,-35.49,3.38,-32.11
50.533,-35.49,3.38,-35.49,3.38,-32.11
50.537,-35.49,3.38,-35.49,3.38,-32.11
50.549,-35.49,3.44,-35.49,3.44,-32.05
50.581,-35.49,3.45,-35.49,3.45,-32.04
50.585,-35.49,3.45,-35.49,3.45,-32.04
50.588,-35.49,3.45,-35.49,3.45,-32.04
50.617,-35.49,3.44,-35.49,3.44,-32.05
50.635,-35.49,3.44,-35.49,3.44,-32.05
50.639,-35.49,3.44,-35.49,3.44,-32.05
50.649,-35.49,3.39,-35.49,3.39,-32.11
50.685,-35.49,3.39,-35.49,3.39,-32.11
50.689,-35.49,3.39,-35.49,3.39,-32.11
50.693,-35.49,3.39,-35.49,3.39,-32.11
50.724,-35.49,3.43,-35.49,3.43,-32.06
50.736,-35.49,3.43,-35.49,3.43,-32.06
50.741,-35.49,3.43,-35.49,3.43,-32.06
50.755,-35.49,3.40,-35.49,3.40,-32.09
50.787,-35.49,3.40,-35.49,3.40,-32.09
50.790,-35.49,3.40,-35.49,3.40,-32.09
50.794,-35.49,3.40,-35.49,3.40,-32.09
50.825,-35.49,3.42,-35.49,3.42,-32.07
50.837,-35.49,3.42,-35.49,3.42,-32.07
50.841,-35.49,3.42,-35.49,3.42,-32.07
50.859,-35.49,3.48,-35.49,3.48,-32.01
50.887,-35.49,3.48,-35.49,3.48,-32.01
50.889,-35.49,3.48,-35.49,3.48,-32.01
50.895,-35.49,3.52,-35.49,3.52,-31.97
50.925,-35.49,3.56,-35.49,3.56,-31.93
50.939,-35.49,3.56,-35.49,3.56,-31.93
50.944,-35.49,3.56,-35.49,3.56,-31.93
50.963,-35.49,3.58,-35.49,3.58,-31.92
50.989,-35.49,3.58,-35.49,3.58,-31.92
50.992,-35.49,3.58,-35.49,3.58,-31.92
50.997,-35.49,3.59,-35.49,3.59,-31.90
51.030,-35.49,3.60,-35.49,3.60,-31.90
51.040,-35.49,3.60,-35.49,3.60,-31.90
51.045,-35.49,3.60,-35.49,3.60,-31.90
51.065,-35.49,3.54,-35.49,3.54,-31.95
51.090,-35.49,3.54,-35.49,3.54,-31.95
51.094,-35.49,3.54,-35.49,3.54,-31.95
51.104,-35.49,3.52,-35.49,3.52,-31.97
51.134,-35.49,3.52,-35.49,3.52,-31.98
51.143,-33.45,1.47,-35.49,3.52,-31.98
51.147,-33.45,1.47,-33.45,1.47,-31.98
51.170,-33.45,1.50,-33.45,1.50,-31.95
51.193,-33.45,1.50,-33.45,1.50,-31.95
51.197,-33.45,1.50,-33.45,1.50,-31.95
51.204,-33.45,1.51,-33.45,1.51,-31.94
51.239,-33.45,1.51,-33.45,1.51,-31.94
51.243,-33.45,1.51,-33.45,1.51,-31.94
51.244,-33.45,1.51,-33.45,1.51,-31.94
51.274,-33.45,1.52,-33.45,1.52,-31.93
51.294,-33.45,1.52,-33.45,1.52,-31.93
51.297,-33.45,1.52,-33.45,1.52,-31.93
51.305,-33.45,1.58,-33.45,1.58,-31.87
51.341,-33.45,1.59,-33.45,1.59,-31.86
51.344,-33.45,1.59,-33.45,1.59,-31.86
51.347,-33.45,1.59,-33.45,1.59,-31.86
51.379,-33.45,1.65,-33.45,1.65,-31.80
51.396,-33.45,1.65,-33.45,1.65,-31.80
51.400,-33.45,1.65,-33.45,1.65,-31.80
51.411,-33.45,1.69,-33.45,1.69,-31.76
51.445,-33.45,1.75,-33.45,1.75,-31.70
51.448,-33.45,1.75,-33.45,1.75,-31.70
51.449,-33.45,1.75,-33.45,1.75,-31.70
51.478,-33.45,1.78,-33.45,1.78,-31.67
51.496,-33.45,1.78,-33.45,1.78,-31.67
51.497,-33.45,1.78,-33.45,1.78,-31.67
51.513,-33.45,1.72,-33.45,1.72,-31.73
51.548,-33.45,1.72,-39.36,7.63,-31.73
51.552,-33.45,1.74,-39.36,7.66,-31.70
51.555,-39.36,7.66,-39.36,7.66,-31.70
51.582,-39.36,7.68,-39.36,7.68,-31.68
51.598,-39.36,7.68,-39.36,7.68,-31.68
51.603,-39.36,7.68,-39.36,7.68,-31.68
51.620,-39.36,7.74,-39.36,7.74,-31.62
51.649,-39.36,7.74,-39.36,7.74,-31.62
51.653,-39.36,7.74,-39.36,7.74,-31.62
51.657,-39.36,7.77,-39.36,7.77,-31.59
51.685,-39.36,7.86,-39.36,7.86,-31.51
51.700,-39.36,7.86,-39.36,7.86,-31.51
51.706,-39.36,7.86,-39.36,7.86,-31.51
51.723,-39.36,7.88,-39.36,7.88,-31.49
51.751,-39.36,7.88,-39.36,7.88,-31.49
51.756,-39.36,7.88,-39.36,7.88,-31.49
51.761,-39.36,7.87,-39.36,7.87,-31.49
51.790,-39.36,7.88,-39.36,7.88,-31.49
51.802,-39.36,7.88,-39.36,7.88,-31.49
51.807,-39.36,7.88,-39.36,7.88,-31.49
51.826,-39.36,7.96,-39.36,7.96,-31.41
51.852,-39.36,7.96,-39.36,7.96,-31.41
51.853,-39.36,7.96,-39.36,7.96,-31.41
51.859,-39.36,8.00,-39.36,8.00,-31.36
51.894,-39.36,7.99,-39.36,7.99,-31.37
51.903,-39.36,7.99,-39.36,7.99,-31.37
51.907,-39.36,7.99,-39.36,7.99,-31.37
51.930,-39.36,8.01,-39.36,8.01,-31.35
51.954,-39.36,8.01,-39.36,8.01,-31.35
51.955,-39.36,8.01,-39.36,8.01,-31.35
51.961,-39.36,8.12,-39.36,8.12,-31.25
51.998,-39.36,8.12,-39.36,8.12,-31.24
52.004,-39.36,8.12,-39.36,8.12,-31.24
52.008,-39.36,8.12,-39.36,8.12,-31.24
52.029,-39.36,8.11,-39.36,8.11,-31.25
52.055,-39.36,8.11,-39.36,8.11,-31.25
52.059,-39.36,8.11,-39.36,8.11,-31.25
52.065,-39.36,8.12,-39.36,8.12,-31.24
52.102,-39.36,8.10,-39.36,8.10,-31.26
52.105,-39.36,8.10,-39.36,8.10,-31.26
52.108,-39.36,8.10,-39.36,8.10,-31.26
52.135,-39.36,8.17,-39.36,8.17,-31.20
52.156,-39.36,8.17,-39.36,8.17,-31.20
52.161,-39.36,8.17,-39.36,8.17,-31.20
52.169,-39.36,8.23,-39.36,8.23,-31.13
52.206,-39.36,8.29,-39.36,8.29,-31.07
52.211,-39.36,8.29,-39.36,8.29,-31.07
52.215,-39.36,8.29,-39.36,8.29,-31.07
52.237,-39.36,8.27,-39.36,8.27,-31.09
52.258,-39.36,8.27,-39.36,8.27,-31.09
52.262,-39.36,8.27,-39.36,8.27,-31.09
52.274,-39.36,8.25,-39.36,8.25,-31.11
52.307,-39.36,8.26,-39.36,8.26,-31.10
52.311,-39.36,8.26,-39.36,8.26,-31.10
52.314,-39.36,8.26,-39.36,8.26,-31.10
52.343,-39.36,8.24,-39.36,8.24,-31.12
52.360,-39.36,8.24,-39.36,8.24,-31.12
52.365,-39.36,8.24,-39.36,8.24,-31.12
52.378,-39.36,8.24,-39.36,8.24,-31.12
52.410,-39.36,8.28,-39.36,8.28,-31.09
52.415,-39.36,8.28,-39.36,8.28,-31.09
52.418,-39.36,8.28,-39.36,8.28,-31.09
52.447,-39.36,8.26,-39.36,8.26,-31.10
52.461,-39.36,8.26,-39.36,8.26,-31.10
52.465,-39.36,8.26,-39.36,8.26,-31.10
52.481,-39.36,8.33,-39.36,8.33,-31.03
52.512,-39.36,8.33,-39.36,8.33,-31.03
52.515,-39.36,8.33,-39.36,8.33,-31.03
52.519,-39.36,8.42,-39.36,8.42,-30.94
52.550,-39.36,8.43,-39.36,8.43,-30.93
52.563,-39.36,8.43,-39.36,8.43,-30.93
52.567,-39.36,8.43,-39.36,8.43,-30.93
52.582,-39.36,8.43,-39.36,8.43,-30.93
52.615,-39.36,8.43,-39.36,8.43,-30.93
52.619,-39.36,8.43,-39.36,8.43,-30.93
52.623,-39.36,8.53,-39.36,8.53,-30.83
52.654,-39.36,8.60,-39.36,8.60,-30.76
52.665,-39.36,8.60,-39.36,8.60,-30.76
52.669,-39.36,8.60,-39.36,8.60,-30.76
52.687,-39.36,8.62,-39.36,8.62,-30.75
52.716,-39.36,8.62,-39.36,8.62,-30.75
52.719,-39.36,8.62,-39.36,8.62,-30.75
52.721,-39.36,8.62,-39.36,8.62,-30.74
52.758,-39.36,8.61,-39.36,8.61,-30.75
52.767,-39.36,8.61,-39.36,8.61,-30.75
52.772,-39.36,8.61,-39.36,8.61,-30.75
52.789,-39.36,8.67,-39.36,8.67,-30.69
52.817,-39.36,8.67,-39.36,8.67,-30.69
52.821,-39.36,8.67,-39.36,8.67,-30.69
52.827,-39.36,8.78,-39.36,8.78,-30.59
52.860,-39.36,8.74,-39.36,8.74,-30.62
52.869,-39.36,8.74,-39.36,8.74,-30.62
52.873,-39.36,8.74,-39.36,8.74,-30.62
52.895,-39.36,8.74,-39.36,8.74,-30.62
52.919,-39.36,8.74,-39.36,8.74,-30.62
52.923,-39.36,8.74,-39.36,8.74,-30.62
52.930,-39.36,8.81,-39.36,8.81,-30.55
52.961,-39.36,8.93,-39.36,8.93,-30.43
52.969,-39.36,8.93,-39.36,8.93,-30.43
52.971,-39.36,8.93,-39.36,8.93,-30.43
52.997,-39.36,8.94,-39.36,8.94,-30.42
53.020,-39.36,8.94,-39.36,8.94,-30.42
53.022,-39.36,8.94,-39.36,8.94,-30.42
53.035,-39.36,8.93,-39.36,8.93,-30.43
53.067,-39.36,8.94,-39.36,8.94,-30.42
53.070,-39.36,8.94,-39.36,8.94,-30.42
53.073,-39.36,8.94,-39.36,8.94,-30.42
53.102,-39.36,9.01,-39.36,9.01,-30.36
53.121,-39.36,9.01,-39.36,9.01,-30.36
53.124,-39.36,9.01,-39.36,9.01,-30.36
53.134,-39.36,9.12,-39.36,9.12,-30.24
53.169,-39.36,9.10,-39.36,9.10,-30.26
53.173,-39.36,9.10,-39.36,9.10,-30.26
53.176,-39.36,9.10,-39.36,9.10,-30.26
53.205,-39.36,9.08,-39.36,9.08,-30.28
53.222,-39.36,9.08,-39.36,9.08,-30.28
53.227,-39.36,9.08,-39.36,9.08,-30.28
53.237,-39.36,9.15,-39.36,9.15,-30.21
53.273,-39.36,9.15,-39.36,9.15,-30.21
53.276,-39.36,9.15,-39.36,9.15,-30.21
53.280,-39.36,9.22,-39.36,9.22,-30.15
53.311,-39.36,9.26,-39.36,9.26,-30.10
53.323,-39.36,9.26,-39.36,9.26,-30.10
53.328,-39.36,9.26,-39.36,9.26,-30.10
53.342,-39.36,9.23,-39.36,9.23,-30.13
53.374,-39.36,9.23,-39.36,9.23,-30.13
53.378,-39.36,9.23,-39.36,9.23,-30.13
53.381,-39.36,9.25,-39.36,9.25,-30.12
53.409,-39.36,9.36,-39.36,9.36,-30.00
53.424,-39.36,9.36,-39.36,9.36,-30.00
53.426,-39.36,9.36,-39.36,9.36,-30.00
53.445,-39.36,9.34,-39.36,9.34,-30.02
53.475,-39.36,9.34,-39.36,9.34,-30.02
53.479,-39.36,9.34,-39.36,9.34,-30.02
53.483,-39.36,9.37,-39.36,9.37,-29.99
53.514,-39.36,9.44,-39.36,9.44,-29.92
53.526,-39.36,9.44,-39.36,9.44,-29.92
53.530,-39.36,9.44,-39.36,9.44,-29.92
53.551,-39.36,9.53,-39.36,9.53,-29.83
53.577,-39.36,9.53,-39.36,9.53,-29.83
53.579,-39.36,9.53,-39.36,9.53,-29.83
53.586,-39.36,9.52,-39.36,9.52,-29.84
53.618,-39.36,9.51,-39.36,9.51,-29.85
53.628,-39.36,9.51,-39.36,9.51,-29.85
53.632,-39.36,9.51,-39.36,9.51,-29.85
53.654,-39.36,9.66,-39.36,9.66,-29.70
53.682,-39.36,9.66,-39.36,9.66,-29.70
53.686,-39.36,9.66,-39.36,9.66,-29.70
53.691,-39.36,9.68,-39.36,9.68,-29.68
53.723,-39.36,9.70,-39.36,9.70,-29.66
53.731,-39.36,9.70,-39.36,9.70,-29.66
53.736,-39.36,9.70,-39.36,9.70,-29.66
53.763,-39.36,9.75,-39.36,9.75,-29.61
53.782,-39.36,9.75,-39.36,9.75,-29.61
53.786,-39.36,9.75,-39.36,9.75,-29.61
53.792,-39.36,9.75,-39.36,9.75,-29.62
53.829,-39.36,9.84,-39.36,9.84,-29.53
53.833,-39.36,9.84,-39.36,9.84,-29.53
53.838,-39.36,9.84,-39.36,9.84,-29.53
53.861,-39.36,9.83,-39.36,9.83,-29.53
53.887,-39.36,9.83,-39.36,9.83,-29.53
53.890,-39.36,9.83,-39.36,9.83,-29.53
53.895,-39.36,9.88,-39.36,9.88,-29.48
53.929,-39.36,9.94,-39.36,9.94,-29.43
53.936,-39.36,9.94,-39.36,9.94,-29.43
53.938,-39.36,9.94,-39.36,9.94,-29.43
53.961,-39.36,9.94,-39.36,9.94,-29.42
53.988,-39.36,9.94,-39.36,9.94,-29.42
53.990,-39.36,9.94,-39.36,9.94,-29.42
53.999,-39.36,9.95,-39.36,9.95,-29.41
54.035,-39.36,9.98,-39.36,9.98,-29.38
54.038,-39.36,9.98,-39.36,9.98,-29.38
54.041,-39.36,9.98,-39.36,9.98,-29.38
54.067,-39.36,9.95,-39.36,9.95,-29.41
54.089,-39.36,9.95,-39.36,9.95,-29.41
54.094,-39.36,9.95,-39.36,9.95,-29.41
54.101,-39.36,9.96,-39.36,9.96,-29.40
54.138,-39.36,10.03,-39.36,10.03,-29.33
54.142,-39.36,10.03,-39.36,10.03,-29.33
54.145,-39.36,10.03,-39.36,10.03,-29.33
54.170,-39.36,10.04,-39.36,10.04,-29.32
54.191,-39.36,10.04,-39.36,10.04,-29.32
54.195,-39.36,10.04,-39.36,10.04,-29.32
54.205,-39.36,10.10,-39.36,10.10,-29.26
54.239,-39.36,10.12,-39.36,10.12,-29.24
54.244,-39.36,10.12,-39.36,10.12,-29.24
54.247,-39.36,10.12,-39.36,10.12,-29.24
54.273,-39.36,10.18,-39.36,10.18,-29.18
54.292,-39.36,10.18,-39.36,10.18,-29.18
54.297,-39.36,10.18,-39.36,10.18,-29.18
54.311,-39.36,10.24,-39.36,10.24,-29.12
54.341,-39.36,10.22,-39.36,10.22,-29.14
54.345,-39.36,10.22,-39.36,10.22,-29.14
54.347,-39.36,10.22,-39.36,10.22,-29.14
54.377,-39.36,10.22,-39.36,10.22,-29.14
54.393,-39.36,10.22,-39.36,10.22,-29.14
54.397,-39.36,10.22,-39.36,10.22,-29.14
54.414,-39.36,10.33,-39.36,10.33,-29.03
54.444,-39.36,10.33,-39.36,10.33,-29.03
54.447,-39.36,10.33,-39.36,10.33,-29.03
54.451,-39.36,10.39,-39.36,10.39,-28.98
54.483,-39.36,10.39,-39.36,10.39,-28.98
54.494,-39.36,10.39,-39.36,10.39,-28.98
54.499,-39.36,10.39,-39.36,10.39,-28.98
54.516,-39.36,10.35,-39.36,10.35,-29.02
53.549,-39.36,10.35,-39.36,10.35,-29.02
53.552,-39.36,10.35,-39.36,10.35,-29.02
53.556,-39.36,10.41,-39.36,10.41,-28.95
53.589,-39.36,10.59,-39.36,10.59,-28.77
53.600,-39.36,10.59,-39.36,10.59,-28.77
53.604,-39.36,10.59,-39.36,10.59,-28.77
53.622,-39.36,10.53,-39.36,10.53,-28.83
53.650,-39.36,10.53,-39.36,10.53,-28.83
53.653,-39.36,10.53,-39.36,10.53,-28.83
53.657,-39.36,10.70,-39.36,10.70,-28.66
53.696,-39.36,10.68,-39.36,10.68,-28.68
53.701,-39.36,10.68,-39.36,10.68,-28.68
53.705,-39.36,10.68,-39.36,10.68,-28.68
53.726,-39.36,10.66,-39.36,10.66,-28.70
53.751,-39.36,10.66,-39.36,10.66,-28.70
53.755,-39.36,10.66,-39.36,10.66,-28.70
53.766,-39.36,10.72,-39.36,10.72,-28.65
53.794,-39.36,10.78,-39.36,10.78,-28.59
53.803,-39.36,10.78,-39.36,10.78,-28.59
53.805,-39.36,10.78,-39.36,10.78,-28.59
53.829,-39.36,10.78,-39.36,10.78,-28.58
53.854,-39.36,10.78,-39.36,10.78,-28.58
53.857,-39.36,10.78,-39.36,10.78,-28.58
53.865,-39.36,10.77,-39.36,10.77,-28.60
53.897,-39.36,10.77,-39.36,10.77,-28.60
53.906,-39.36,10.77,-39.36,10.77,-28.60
53.909,-39.36,10.77,-39.36,10.77,-28.60
53.934,-39.36,10.82,-39.36,10.82,-28.54
53.955,-39.36,10.82,-39.36,10.82,-28.54
53.958,-39.36,10.82,-39.36,10.82,-28.54
53.971,-39.36,10.86,-39.36,10.86,-28.50
54.003,-39.36,10.84,-39.36,10.84,-28.52
54.006,-39.36,10.84,-39.36,10.84,-28.52
54.009,-39.36,10.84,-39.36,10.84,-28.52
54.038,-39.36,10.88,-39.36,10.88,-28.48
54.057,-39.36,10.88,-39.36,10.88,-28.48
54.061,-39.36,10.88,-39.36,10.88,-28.48
54.070,-39.36,11.02,-39.36,11.02,-28.34
54.106,-39.36,10.96,-39.36,10.96,-28.40
54.109,-39.36,10.96,-39.36,10.96,-28.40
54.111,-39.36,10.96,-39.36,10.96,-28.40
54.142,-39.36,11.00,-39.36,11.00,-28.36
54.157,-39.36,11.00,-39.36,11.00,-28.36
54.161,-39.36,11.00,-39.36,11.00,-28.36
54.175,-39.36,11.15,-39.36,11.15,-28.21
54.209,-39.36,11.15,-39.36,11.15,-28.21
54.212,-39.36,11.15,-39.36,11.15,-28.21
54.213,-39.36,11.16,-39.36,11.16,-28.20
54.245,-39.36,11.12,-39.36,11.12,-28.24
54.260,-39.36,11.12,-39.36,11.12,-28.24
54.265,-39.36,11.12,-39.36,11.12,-28.24
54.280,-39.36,11.13,-39.36,11.13,-28.23
54.310,-39.36,11.13,-39.36,11.13,-28.23
54.314,-39.36,11.13,-39.36,11.13,-28.23
54.318,-39.36,11.25,-39.36,11.25,-28.11
54.345,-39.36,11.33,-39.36,11.33,-28.03
54.361,-39.36,11.33,-39.36,11.33,-28.03
54.366,-39.36,11.33,-39.36,11.33,-28.03
54.384,-39.36,11.22,-39.36,11.22,-28.14
54.413,-39.36,11.22,-39.36,11.22,-28.14
54.416,-39.36,11.22,-39.36,11.22,-28.14
54.421,-39.36,11.25,-39.36,11.25,-28.12
54.451,-39.36,11.37,-39.36,11.37,-27.99
54.463,-39.36,11.37,-39.36,11.37,-27.99
54.469,-39.36,11.37,-39.36,11.37,-27.99
54.486,-39.36,11.35,-39.36,11.35,-28.01
54.514,-39.36,11.35,-39.36,11.35,-28.01
54.517,-39.36,11.35,-39.36,11.35,-28.01
54.522,-39.36,11.30,-39.36,11.30,-28.06
54.554,-39.36,11.44,-39.36,11.44,-27.92
54.564,-39.36,11.44,-39.36,11.44,-27.92
54.570,-39.36,11.44,-39.36,11.44,-27.92
54.591,-39.36,11.55,-39.36,11.55,-27.81
54.615,-39.36,11.55,-39.36,11.55,-27.81
54.619,-39.36,11.55,-39.36,11.55,-27.81
54.623,-39.36,11.45,-39.36,11.45,-27.92
54.659,-39.36,11.71,-39.36,11.71,-27.65
54.665,-39.36,11.71,-39.36,11.71,-27.65
54.668,-39.36,11.71,-39.36,11.71,-27.65
54.693,-39.36,11.77,-39.36,11.77,-27.60
54.716,-39.36,11.77,-39.36,11.77,-27.60
54.720,-39.36,11.77,-39.36,11.77,-27.60
54.727,-39.36,11.67,-39.36,11.67,-27.69
54.761,-39.36,11.65,-39.36,11.65,-27.71
54.767,-39.36,11.65,-39.36,11.65,-27.71
54.770,-39.36,11.65,-39.36,11.65,-27.71
54.797,-39.36,11.88,-39.36,11.88,-27.49
54.817,-39.36,11.88,-39.36,11.88,-27.49
54.821,-39.36,11.88,-39.36,11.88,-27.49
54.829,-39.36,11.87,-39.36,11.87,-27.49
54.869,-39.36,11.87,-39.36,11.87,-27.49
54.873,-39.36,11.87,-39.36,11.87,-27.49
54.882,-39.36,11.79,-39.36,11.79,-27.57
54.898,-39.36,11.84,-39.36,11.84,-27.52
54.922,-39.36,11.84,-39.36,11.84,-27.52
54.925,-39.36,11.84,-39.36,11.84,-27.52
54.940,-39.36,11.91,-39.36,11.91,-27.45
54.973,-39.36,11.91,-39.36,11.91,-27.45
54.975,-39.36,11.91,-39.36,11.91,-27.45
54.978,-39.36,11.91,-39.36,11.91,-27.45
55.003,-39.36,11.91,-39.36,11.91,-27.45
55.024,-33.60,6.15,-39.36,11.91,-27.45
55.026,-33.60,6.15,-33.60,6.15,-27.45
55.038,-33.60,6.17,-33.60,6.17,-27.43
55.075,-33.60,6.25,-33.60,6.25,-27.36
55.078,-33.60,6.25,-33.60,6.25,-27.36
55.081,-33.60,6.25,-33.60,6.25,-27.36
55.106,-33.60,6.27,-33.60,6.27,-27.33
55.126,-33.60,6.27,-33.60,6.27,-27.33
55.130,-33.60,6.27,-33.60,6.27,-27.33
55.143,-33.60,6.42,-33.60,6.42,-27.18
55.176,-33.60,6.36,-33.60,6.36,-27.24
55.180,-33.60,6.36,-33.60,6.36,-27.24
55.184,-33.60,6.36,-33.60,6.36,-27.24
55.210,-33.60,6.51,-33.60,6.51,-27.10
55.227,-33.60,6.51,-33.60,6.51,-27.10
55.232,-33.60,6.51,-33.60,6.51,-27.10
55.245,-33.60,6.58,-33.60,6.58,-27.03
55.277,-33.60,6.66,-33.60,6.66,-26.94
55.280,-33.60,6.66,-33.60,6.66,-26.94
55.282,-33.60,6.66,-33.60,6.66,-26.94
55.314,-33.60,6.63,-33.60,6.63,-26.97
55.329,-33.60,6.63,-33.60,6.63,-26.97
55.333,-33.60,6.63,-33.60,6.63,-26.97
55.349,-33.60,6.78,-33.60,6.78,-26.82
55.380,-33.60,6.78,-33.60,6.78,-26.82
55.384,-33.60,6.78,-33.60,6.78,-26.82
55.388,-33.60,6.80,-33.60,6.80,-26.80
55.419,-33.60,6.89,-33.60,6.89,-26.71
55.431,-33.60,6.89,-33.60,6.89,-26.71
55.437,-33.60,6.89,-33.60,6.89,-26.71
55.450,-33.60,6.99,-33.60,6.99,-26.61
55.482,-33.60,6.99,-33.60,6.99,-26.61
55.486,-33.60,6.99,-33.60,6.99,-26.61
55.490,-33.60,6.95,-33.60,6.95,-26.65
55.522,-33.60,7.13,-33.60,7.13,-26.47
55.532,-33.60,7.13,-33.60,7.13,-26.47
55.535,-33.60,7.13,-33.60,7.13,-26.47
55.553,-33.60,7.08,-33.60,7.08,-26.53
55.582,-33.60,7.08,-33.60,7.08,-26.53
55.585,-33.60,7.08,-33.60,7.08,-26.53
55.590,-33.60,7.22,-33.60,7.22,-26.38
55.627,-33.60,7.26,-33.60,7.26,-26.34
55.633,-33.60,7.26,-33.60,7.26,-26.34
55.637,-33.60,7.26,-33.60,7.26,-26.34
55.660,-33.60,7.29,-33.60,7.29,-26.31
55.684,-33.60,7.29,-33.60,7.29,-26.31
55.687,-33.60,7.29,-33.60,7.29,-26.31
55.694,-33.60,7.34,-33.60,7.34,-26.26
55.727,-33.60,7.53,-33.60,7.53,-26.07
55.734,-33.60,7.53,-33.60,7.53,-26.07
55.738,-33.60,7.53,-33.60,7.53,-26.07
55.761,-33.60,7.59,-33.60,7.59,-26.02
55.785,-33.60,7.59,-33.60,7.59,-26.02
55.789,-33.60,7.59,-33.60,7.59,-26.02
55.797,-33.60,7.56,-33.60,7.56,-26.04
55.829,-33.60,7.72,-33.60,7.72,-25.89
55.836,-33.60,7.72,-33.60,7.72,-25.89
55.839,-33.60,7.72,-33.60,7.72,-25.89
55.869,-33.60,7.70,-33.60,7.70,-25.90
55.887,-33.60,7.70,-33.60,7.70,-25.90
55.891,-33.60,7.70,-33.60,7.70,-25.90
55.904,-33.60,7.84,-33.60,7.84,-25.76
55.935,-33.60,7.77,-33.60,7.77,-25.83
55.939,-33.60,7.77,-33.60,7.77,-25.83
55.942,-33.60,7.77,-33.60,7.77,-25.83
55.969,-33.60,8.05,-33.60,8.05,-25.55
55.988,-33.60,8.05,-33.60,8.05,-25.55
55.989,-33.60,8.05,-33.60,8.05,-25.55
56.002,-33.60,7.95,-33.60,7.95,-25.66
56.038,-33.60,8.19,-33.60,8.19,-25.41
56.042,-33.60,8.19,-33.60,8.19,-25.41
56.045,-33.60,8.19,-33.60,8.19,-25.41
56.075,-33.60,8.20,-33.60,8.20,-25.41
56.091,-33.60,8.20,-33.60,8.20,-25.41
56.095,-33.60,8.20,-33.60,8.20,-25.41
56.109,-33.60,8.14,-33.60,8.14,-25.46
56.141,-33.60,8.14,-33.60,8.14,-25.46
56.144,-33.60,8.14,-33.60,8.14,-25.46
56.145,-33.60,8.35,-33.60,8.35,-25.25
56.178,-33.60,8.20,-33.60,8.20,-25.40
56.192,-33.60,8.20,-33.60,8.20,-25.40
56.195,-33.60,8.20,-33.60,8.20,-25.40
56.210,-33.60,8.42,-33.60,8.42,-25.19
56.242,-33.60,8.42,-33.60,8.42,-25.19
56.244,-33.60,8.42,-33.60,8.42,-25.19
56.245,-33.60,8.44,-33.60,8.44,-25.17
56.278,-33.60,8.58,-33.60,8.58,-25.03
56.293,-42.08,17.06,-33.60,8.58,-25.03
56.298,-42.08,17.06,-42.08,17.06,-25.03
56.315,-42.08,17.21,-42.08,17.21,-24.87
56.344,-42.08,17.21,-42.08,17.21,-24.87
56.349,-42.08,17.21,-42.08,17.21,-24.87
56.352,-42.08,17.28,-42.08,17.28,-24.80
56.383,-42.08,17.39,-42.08,17.39,-24.69
56.394,-42.08,17.39,-42.08,17.39,-24.69
56.399,-42.08,17.39,-42.08,17.39,-24.69
56.417,-42.08,17.20,-42.08,17.20,-24.88
56.445,-42.08,17.20,-42.08,17.20,-24.88
56.450,-42.08,17.20,-42.08,17.20,-24.88
56.453,-42.08,17.46,-42.08,17.46,-24.62
56.486,-42.08,17.25,-42.08,17.25,-24.84
56.496,-42.08,17.25,-42.08,17.25,-24.84
56.501,-42.08,17.25,-42.08,17.25,-24.84
56.523,-42.08,17.59,-42.08,17.59,-24.49
56.546,-42.08,17.59,-42.08,17.59,-24.49
56.550,-42.08,17.59,-42.08,17.59,-24.49
56.555,-42.08,17.45,-42.08,17.45,-24.63
56.593,-42.08,17.77,-42.08,17.77,-24.31
56.596,-42.08,17.77,-42.08,17.77,-24.31
56.597,-42.08,17.77,-42.08,17.77,-24.31
56.626,-42.08,17.97,-42.08,17.97,-24.12
56.648,-33.55,9.44,-42.08,17.97,-24.12
56.651,-33.55,9.44,-33.55,9.44,-24.12
56.659,-33.55,9.33,-33.55,9.33,-24.23
56.693,-33.55,9.48,-33.55,9.48,-24.08
56.699,-33.55,9.48,-33.55,9.48,-24.08
56.703,-33.55,9.48,-33.55,9.48,-24.08
56.731,-33.55,9.41,-33.55,9.41,-24.14
56.749,-33.55,9.41,-33.55,9.41,-24.14
56.754,-33.55,9.41,-33.55,9.41,-24.14
56.763,-33.55,9.61,-33.55,9.61,-23.94
56.797,-33.55,9.58,-33.55,9.58,-23.97
56.800,-33.55,9.58,-33.55,9.58,-23.97
56.801,-33.55,9.58,-33.55,9.58,-23.97
56.832,-33.55,9.75,-33.55,9.75,-23.81
56.851,-33.55,9.75,-33.55,9.75,-23.81
56.852,-33.55,9.75,-33.55,9.75,-23.81
56.866,-33.55,9.95,-33.55,9.95,-23.60
56.901,-33.55,9.95,-33.55,9.95,-23.60
56.903,-33.55,9.95,-33.55,9.95,-23.60
56.906,-33.55,9.86,-33.55,9.86,-23.69
56.932,-33.55,10.17,-33.55,10.17,-23.38
56.951,-33.55,10.17,-33.55,10.17,-23.38
56.956,-33.55,10.17,-33.55,10.17,-23.38
56.969,-33.55,10.15,-33.55,10.15,-23.40
57.001,-33.55,10.15,-33.55,10.15,-23.40
57.003,-33.55,10.15,-33.55,10.15,-23.40
57.008,-33.55,10.16,-33.55,10.16,-23.39
57.040,-33.55,10.28,-33.55,10.28,-23.27
57.054,-33.55,10.28,-33.55,10.28,-23.27
57.057,-33.55,10.28,-33.55,10.28,-23.27
57.075,-33.55,10.18,-33.55,10.18,-23.38
57.105,-33.55,10.18,-33.55,10.18,-23.38
57.107,-33.55,10.18,-33.55,10.18,-23.38
57.110,-33.55,10.31,-33.55,10.31,-23.25
57.143,-33.55,10.41,-33.55,10.41,-23.14
57.156,-33.55,10.41,-33.55,10.41,-23.14
57.160,-33.55,10.41,-33.55,10.41,-23.14
57.177,-33.55,10.72,-33.55,10.72,-22.83
57.205,-33.55,10.72,-33.55,10.72,-22.83
57.208,-33.55,10.72,-33.55,10.72,-22.83
57.210,-33.55,10.74,-33.55,10.74,-22.81
57.245,-33.55,10.78,-33.55,10.78,-22.78
57.256,-33.55,10.78,-33.55,10.78,-22.78
57.261,-33.55,10.78,-33.55,10.78,-22.78
57.280,-33.55,10.89,-33.55,10.89,-22.66
57.307,-33.55,10.89,-33.55,10.89,-22.66
57.310,-33.55,10.89,-33.55,10.89,-22.66
57.315,-33.55,10.85,-33.55,10.85,-22.70
57.349,-33.55,10.90,-33.55,10.90,-22.66
57.357,-33.55,10.90,-33.55,10.90,-22.66
57.360,-33.55,10.90,-33.55,10.90,-22.66
57.383,-33.55,10.98,-33.55,10.98,-22.57
57.407,-33.55,10.98,-33.55,10.98,-22.57
57.410,-33.55,10.98,-33.55,10.98,-22.57
57.417,-33.55,11.10,-33.55,11.10,-22.45
57.454,-33.55,11.30,-33.55,11.30,-22.26
57.459,-33.55,11.30,-33.55,11.30,-22.26
57.463,-33.55,11.30,-33.55,11.30,-22.26
57.487,-33.55,11.36,-33.55,11.36,-22.19
57.509,-33.23,11.04,-33.55,11.36,-22.19
57.512,-33.23,11.04,-33.23,11.04,-22.19
57.523,-33.23,10.97,-33.23,10.97,-22.26
57.557,-33.23,11.03,-33.23,11.03,-22.20
57.560,-33.23,11.03,-33.23,11.03,-22.20
57.562,-33.23,11.03,-33.23,11.03,-22.20
57.590,-33.23,11.55,-33.23,11.55,-21.68
57.611,-33.23,11.55,-33.23,11.55,-21.68
57.615,-33.23,11.55,-33.23,11.55,-21.68
57.625,-33.23,11.72,-33.23,11.72,-21.51
57.658,-33.23,11.52,-33.23,11.52,-21.71
57.661,-33.23,11.52,-33.23,11.52,-21.71
57.662,-33.23,11.52,-33.23,11.52,-21.71
57.693,-33.23,11.76,-33.23,11.76,-21.47
57.713,-33.23,11.76,-33.23,11.76,-21.47
57.717,-33.23,11.76,-33.23,11.76,-21.47
57.729,-33.23,11.79,-33.23,11.79,-21.44
57.763,-33.23,11.79,-33.23,11.79,-21.44
57.766,-33.23,11.79,-33.23,11.79,-21.44
57.768,-33.23,11.75,-33.23,11.75,-21.48
57.799,-33.23,11.97,-33.23,11.97,-21.25
57.813,-33.23,11.97,-33.23,11.97,-21.25
57.816,-33.23,11.97,-33.23,11.97,-21.25
57.835,-33.23,12.03,-33.23,12.03,-21.20
57.865,-28.97,7.77,-33.23,12.03,-21.20
57.867,-28.97,7.77,-28.97,7.77,-21.20
57.868,-28.97,7.95,-28.97,7.95,-21.02
57.902,-28.97,7.95,-28.97,7.95,-21.02
57.914,-28.97,7.95,-28.97,7.95,-21.02
57.916,-28.97,7.95,-28.97,7.95,-21.02
57.933,-28.97,8.04,-28.97,8.04,-20.93
57.965,-28.97,8.04,-28.97,8.04,-20.93
57.969,-28.97,8.04,-28.97,8.04,-20.93
57.970,-28.97,8.27,-28.97,8.27,-20.70
58.007,-28.97,8.37,-28.97,8.37,-20.60
58.015,-28.97,8.37,-28.97,8.37,-20.60
58.017,-28.97,8.37,-28.97,8.37,-20.60
58.041,-28.97,8.21,-28.97,8.21,-20.76
58.067,-28.97,8.21,-28.97,8.21,-20.76
58.069,-28.97,8.21,-28.97,8.21,-20.76
58.074,-28.97,8.45,-28.97,8.45,-20.52
58.110,-28.97,8.73,-28.97,8.73,-20.24
58.118,-28.97,8.73,-28.97,8.73,-20.24
58.122,-28.97,8.73,-28.97,8.73,-20.24
58.142,-28.97,8.69,-28.97,8.69,-20.28
58.168,-28.97,8.69,-28.97,8.69,-20.28
58.171,-28.97,8.69,-28.97,8.69,-20.28
58.180,-28.97,8.72,-28.97,8.72,-20.25
58.210,-28.97,8.95,-28.97,8.95,-20.02
58.218,-28.97,8.95,-28.97,8.95,-20.02
58.222,-28.97,8.95,-28.97,8.95,-20.02
58.247,-28.97,8.98,-28.97,8.98,-19.99
58.270,-28.97,8.98,-28.97,8.98,-19.99
58.274,-28.97,8.98,-28.97,8.98,-19.99
58.282,-28.97,9.06,-28.97,9.06,-19.91
58.313,-28.97,9.21,-28.97,9.21,-19.76
58.321,-28.97,9.21,-28.97,9.21,-19.76
58.326,-28.97,9.21,-28.97,9.21,-19.76
58.351,-28.97,9.32,-28.97,9.32,-19.65
58.372,-28.97,9.32,-28.97,9.32,-19.65
58.376,-28.97,9.32,-28.97,9.32,-19.65
58.385,-28.97,9.33,-28.97,9.33,-19.64
58.417,-28.97,9.51,-28.97,9.51,-19.46
58.422,-28.97,9.51,-28.97,9.51,-19.46
58.425,-28.97,9.51,-28.97,9.51,-19.46
58.454,-28.97,9.58,-28.97,9.58,-19.39
58.473,-28.97,9.58,-28.97,9.58,-19.39
58.478,-28.97,9.58,-28.97,9.58,-19.39
58.485,-28.97,9.68,-28.97,9.68,-19.29
58.522,-28.97,9.74,-28.97,9.74,-19.23
58.526,-28.97,9.74,-28.97,9.74,-19.23
58.530,-28.97,9.74,-28.97,9.74,-19.23
58.559,-28.97,10.06,-28.97,10.06,-18.91
58.574,-28.97,10.06,-28.97,10.06,-18.91
58.577,-28.97,10.06,-28.97,10.06,-18.91
58.590,-28.97,9.98,-28.97,9.98,-18.99
58.624,-28.97,9.98,-28.97,9.98,-18.99
58.628,-28.97,9.98,-28.97,9.98,-18.99
58.632,-28.97,10.29,-28.97,10.29,-18.68
58.663,-28.97,10.19,-28.97,10.19,-18.78
58.675,-28.97,10.19,-28.97,10.19,-18.78
58.680,-28.97,10.19,-28.97,10.19,-18.78
58.695,-28.97,10.43,-28.97,10.43,-18.54
58.728,-30.20,11.66,-28.97,10.43,-18.54
58.732,-30.20,11.66,-30.20,11.66,-18.54
58.736,-30.20,11.69,-30.20,11.69,-18.51
58.763,-30.20,11.81,-30.20,11.81,-18.39
58.779,-30.20,11.81,-30.20,11.81,-18.39
58.783,-30.20,11.81,-30.20,11.81,-18.39
58.798,-30.20,11.82,-30.20,11.82,-18.38
58.829,-30.20,11.82,-30.20,11.82,-18.38
58.832,-30.20,11.82,-30.20,11.82,-18.38
58.836,-30.20,11.91,-30.20,11.91,-18.29
58.867,-30.20,12.07,-30.20,12.07,-18.13
58.879,-30.20,12.07,-30.20,12.07,-18.13
58.884,-30.20,12.07,-30.20,12.07,-18.13
58.904,-30.20,12.26,-30.20,12.26,-17.94
58.930,-30.20,12.26,-30.20,12.26,-17.94
58.933,-30.20,12.26,-30.20,12.26,-17.94
58.939,-30.20,12.42,-30.20,12.42,-17.78
58.969,-30.20,12.47,-30.20,12.47,-17.73
58.980,-30.20,12.47,-30.20,12.47,-17.73
58.981,-30.20,12.47,-30.20,12.47,-17.73
59.006,-30.20,12.53,-30.20,12.53,-17.68
59.032,-30.20,12.53,-30.20,12.53,-17.68
59.036,-30.20,12.53,-30.20,12.53,-17.68
59.040,-30.20,12.63,-30.20,12.63,-17.57
59.076,-30.20,12.68,-30.20,12.68,-17.52
59.082,-24.74,7.21,-30.20,12.68,-17.52
59.086,-24.74,7.21,-24.74,7.21,-17.52
59.110,-24.74,7.34,-24.74,7.34,-17.40
59.132,-24.74,7.34,-24.74,7.34,-17.40
59.134,-24.74,7.34,-24.74,7.34,-17.40
59.142,-24.74,7.49,-24.74,7.49,-17.25
59.180,-24.74,7.61,-24.74,7.61,-17.13
59.183,-24.74,7.61,-24.74,7.61,-17.13
59.186,-24.74,7.61,-24.74,7.61,-17.13
59.218,-24.74,7.78,-24.74,7.78,-16.96
59.234,-24.74,7.78,-24.74,7.78,-16.96
59.238,-24.74,7.78,-24.74,7.78,-16.96
59.247,-24.74,7.93,-24.74,7.93,-16.80
59.283,-24.74,8.04,-24.74,8.04,-16.70
59.286,-24.74,8.04,-24.74,8.04,-16.70
59.289,-24.74,8.04,-24.74,8.04,-16.70
59.315,-24.74,7.98,-24.74,7.98,-16.75
59.336,-24.74,7.98,-24.74,7.98,-16.75
59.340,-24.74,7.98,-24.74,7.98,-16.75
59.354,-24.74,8.19,-24.74,8.19,-16.54
59.392,-24.74,8.19,-24.74,8.19,-16.54
59.396,-24.74,8.19,-24.74,8.19,-16.54
59.399,-24.74,8.51,-24.74,8.51,-16.23
59.421,-24.74,8.11,-24.74,8.11,-16.62
59.444,-24.74,8.11,-24.74,8.11,-16.62
59.448,-24.74,8.11,-24.74,8.11,-16.62
59.455,-24.74,8.20,-24.74,8.20,-16.53
59.492,-24.74,8.57,-24.74,8.57,-16.16
59.496,-24.74,8.57,-24.74,8.57,-16.16
59.499,-24.74,8.57,-24.74,8.57,-16.16
59.522,-24.74,8.58,-24.74,8.58,-16.15
59.546,-24.74,8.58,-24.74,8.58,-16.15
59.549,-24.74,8.58,-24.74,8.58,-16.15
59.557,-24.74,9.15,-24.74,9.15,-15.59
59.591,-24.74,9.11,-24.74,9.11,-15.63
59.596,-24.74,9.11,-24.74,9.11,-15.63
59.598,-24.74,9.11,-24.74,9.11,-15.63
59.628,-24.74,9.13,-24.74,9.13,-15.61
59.647,-24.74,9.13,-24.74,9.13,-15.61
59.651,-24.74,9.13,-24.74,9.13,-15.61
59.663,-24.74,9.25,-24.74,9.25,-15.49
59.695,-24.74,9.52,-24.74,9.52,-15.22
59.698,-24.74,9.52,-24.74,9.52,-15.22
59.701,-24.74,9.52,-24.74,9.52,-15.22
59.731,-24.74,9.62,-24.74,9.62,-15.12
59.749,-24.74,9.62,-24.74,9.62,-15.12
59.752,-24.74,9.62,-24.74,9.62,-15.12
59.766,-24.74,9.58,-24.74,9.58,-15.16
59.799,-24.74,9.72,-24.74,9.72,-15.02
59.803,-24.74,9.72,-24.74,9.72,-15.02
59.806,-24.74,9.72,-24.74,9.72,-15.02
59.837,-24.74,9.96,-24.74,9.96,-14.77
59.850,-24.74,9.96,-24.74,9.96,-14.77
59.854,-24.74,9.96,-24.74,9.96,-14.77
59.868,-24.74,10.16,-24.74,10.16,-14.58
59.902,-24.74,10.16,-24.74,10.16,-14.58
59.905,-24.74,10.16,-24.74,10.16,-14.58
59.908,-24.74,10.26,-24.74,10.26,-14.47
59.939,-24.74,10.32,-24.74,10.32,-14.42
59.952,-25.47,11.05,-24.74,10.32,-14.42
59.957,-25.47,11.05,-25.47,11.05,-14.42
59.973,-25.47,11.18,-25.47,11.18,-14.29
60.002,-25.47,11.18,-25.47,11.18,-14.29
60.004,-25.47,11.18,-25.47,11.18,-14.29
60.006,-25.47,11.25,-25.47,11.25,-14.22
60.044,-25.47,11.38,-25.47,11.38,-14.08
60.053,-25.47,11.38,-25.47,11.38,-14.08
60.057,-25.47,11.38,-25.47,11.38,-14.08
60.076,-25.47,11.58,-25.47,11.58,-13.88
60.107,-21.50,7.61,-25.47,11.58,-13.88
60.111,-21.50,7.61,-21.50,7.61,-13.88
60.114,-21.50,7.86,-21.50,7.86,-13.64
60.144,-21.50,7.84,-21.50,7.84,-13.66
60.157,-21.50,7.84,-21.50,7.84,-13.66
60.161,-21.50,7.84,-21.50,7.84,-13.66
60.179,-21.50,7.68,-21.50,7.68,-13.82
60.207,-21.50,7.68,-21.50,7.68,-13.82
60.212,-21.50,7.68,-21.50,7.68,-13.82
60.215,-21.50,7.79,-21.50,7.79,-13.70
60.247,-21.50,8.15,-21.50,8.15,-13.35
60.258,-21.50,8.15,-21.50,8.15,-13.35
60.262,-21.50,8.15,-21.50,8.15,-13.35
60.283,-21.50,8.46,-21.50,8.46,-13.04
60.308,-21.50,8.46,-21.50,8.46,-13.04
60.312,-21.50,8.46,-21.50,8.46,-13.04
60.319,-21.50,8.67,-21.50,8.67,-12.82
60.351,-21.50,8.55,-21.50,8.55,-12.95
60.360,-21.50,8.55,-21.50,8.55,-12.95
60.363,-21.50,8.55,-21.50,8.55,-12.95
60.389,-21.50,8.49,-21.50,8.49,-13.01
60.410,-21.50,8.49,-21.50,8.49,-13.01
60.413,-21.50,8.49,-21.50,8.49,-13.01
60.420,-21.50,8.81,-21.50,8.81,-12.69
60.455,-21.50,8.97,-21.50,8.97,-12.52
60.460,-21.50,8.97,-21.50,8.97,-12.52
60.463,-21.50,8.97,-21.50,8.97,-12.52
60.492,-21.50,8.95,-21.50,8.95,-12.54
60.511,-21.50,8.95,-21.50,8.95,-12.54
60.516,-21.50,8.95,-21.50,8.95,-12.54
60.524,-21.50,8.99,-21.50,8.99,-12.51
60.561,-21.50,9.48,-21.50,9.48,-12.02
60.565,-21.50,9.48,-21.50,9.48,-12.02
60.569,-21.50,9.48,-21.50,9.48,-12.02
60.596,-21.50,9.53,-21.50,9.53,-11.96
60.612,-21.50,9.53,-21.50,9.53,-11.96
60.616,-21.50,9.53,-21.50,9.53,-11.96
60.628,-21.50,9.48,-21.50,9.48,-12.02
60.662,-21.50,9.68,-21.50,9.68,-11.82
60.666,-21.50,9.68,-21.50,9.68,-11.82
60.669,-21.50,9.68,-21.50,9.68,-11.82
60.694,-21.50,9.86,-21.50,9.86,-11.64
60.714,-21.50,9.86,-21.50,9.86,-11.64
60.717,-21.50,9.86,-21.50,9.86,-11.64
60.732,-21.50,9.87,-21.50,9.87,-11.62
60.765,-21.50,9.87,-21.50,9.87,-11.62
60.770,-21.50,9.87,-21.50,9.87,-11.62
60.773,-21.50,9.99,-21.50,9.99,-11.51
60.799,-21.50,10.32,-21.50,10.32,-11.18
60.816,-21.50,10.32,-21.50,10.32,-11.18
60.819,-21.50,10.32,-21.50,10.32,-11.18
60.836,-21.50,10.30,-21.50,10.30,-11.19
60.866,-21.50,10.30,-21.50,10.30,-11.19
60.869,-21.50,10.30,-21.50,10.30,-11.19
60.873,-21.50,10.32,-21.50,10.32,-11.18
60.903,-21.50,10.54,-21.50,10.54,-10.95
60.917,-21.50,10.54,-21.50,10.54,-10.95
60.920,-21.50,10.54,-21.50,10.54,-10.95
60.940,-21.50,10.65,-21.50,10.65,-10.85
60.967,-21.50,10.65,-21.50,10.65,-10.85
60.969,-21.50,10.65,-21.50,10.65,-10.85
60.971,-21.50,10.65,-21.50,10.65,-10.84
61.009,-21.50,10.70,-21.50,10.70,-10.80
61.017,-21.50,10.70,-21.50,10.70,-10.80
61.020,-21.50,10.70,-21.50,10.70,-10.80
61.045,-21.50,11.20,-21.50,11.20,-10.30
61.068,-21.50,11.20,-21.50,11.20,-10.30
61.072,-21.50,11.20,-21.50,11.20,-10.30
61.078,-21.50,11.09,-21.50,11.09,-10.41
61.112,-21.50,11.07,-21.50,11.07,-10.43
61.118,-21.50,11.07,-21.50,11.07,-10.43
61.120,-21.50,11.07,-21.50,11.07,-10.43
61.147,-21.50,11.46,-21.50,11.46,-10.03
61.170,-21.50,11.46,-21.50,11.46,-10.03
61.173,-21.50,11.46,-21.50,11.46,-10.03
61.179,-21.50,11.37,-21.50,11.37,-10.13
61.218,-21.50,11.36,-21.50,11.36,-10.14
61.221,-21.50,11.36,-21.50,11.36,-10.14
61.223,-21.50,11.36,-21.50,11.36,-10.14
61.248,-21.50,11.69,-21.50,11.69,-9.80
61.272,-21.50,11.69,-21.50,11.69,-9.80
61.275,-21.50,11.69,-21.50,11.69,-9.80
61.282,-21.50,11.97,-21.50,11.97,-9.53
61.319,-21.50,12.18,-21.50,12.18,-9.31
61.323,-21.00,11.69,-21.50,12.18,-9.31
61.325,-21.00,11.69,-21.00,11.69,-9.31
61.350,-21.00,11.80,-21.00,11.80,-9.20
61.372,-21.00,11.80,-21.00,11.80,-9.20
61.376,-21.00,11.80,-21.00,11.80,-9.20
61.387,-21.00,11.97,-21.00,11.97,-9.03
61.425,-21.00,11.96,-21.00,11.96,-9.05
61.428,-21.00,11.96,-21.00,11.96,-9.05
61.431,-21.00,11.96,-21.00,11.96,-9.05
61.455,-21.00,11.89,-21.00,11.89,-9.11
61.473,-21.00,11.89,-21.00,11.89,-9.11
61.477,-21.00,11.89,-21.00,11.89,-9.11
61.493,-21.00,12.23,-21.00,12.23,-8.77
61.524,-21.00,12.23,-21.00,12.23,-8.77
61.527,-21.00,12.23,-21.00,12.23,-8.77
61.528,-21.00,12.04,-21.00,12.04,-8.97
61.563,-21.00,11.97,-21.00,11.97,-9.03
61.575,-21.00,11.97,-21.00,11.97,-9.03
61.581,-21.00,11.97,-21.00,11.97,-9.03
61.597,-21.00,12.14,-21.00,12.14,-8.87
61.627,-21.00,12.14,-21.00,12.14,-8.87
61.630,-21.00,12.14,-21.00,12.14,-8.87
61.638,-21.00,12.34,-21.00,12.34,-8.66
61.664,-21.00,12.43,-21.00,12.43,-8.57
61.677,-21.00,12.43,-21.00,12.43,-8.57
61.682,-21.00,12.43,-21.00,12.43,-8.57
61.699,-21.00,12.23,-21.00,12.23,-8.77
61.732,-21.00,12.23,-21.00,12.23,-8.77
61.736,-21.00,12.23,-21.00,12.23,-8.77
61.739,-21.00,12.58,-21.00,12.58,-8.43
61.767,-21.00,12.48,-21.00,12.48,-8.52
61.781,-21.00,12.48,-21.00,12.48,-8.52
61.785,-21.00,12.48,-21.00,12.48,-8.52
61.801,-21.00,12.36,-21.00,12.36,-8.64
61.832,-21.00,12.36,-21.00,12.36,-8.64
61.837,-21.00,12.36,-21.00,12.36,-8.64
61.840,-21.00,12.32,-21.00,12.32,-8.68
61.880,-21.00,12.22,-21.00,12.22,-8.78
61.885,-21.00,12.22,-21.00,12.22,-8.78
61.888,-21.00,12.22,-21.00,12.22,-8.78
61.905,-21.00,12.14,-21.00,12.14,-8.86
61.935,-21.00,12.14,-21.00,12.14,-8.86
61.941,-21.00,12.14,-21.00,12.14,-8.86
61.944,-21.00,12.28,-21.00,12.28,-8.73
61.976,-21.00,12.35,-21.00,12.35,-8.65
61.985,-21.00,12.35,-21.00,12.35,-8.65
61.987,-21.00,12.35,-21.00,12.35,-8.65
62.009,-21.00,12.39,-21.00,12.39,-8.61
62.036,-21.00,12.39,-21.00,12.39,-8.61
62.039,-21.00,12.39,-21.00,12.39,-8.61
62.045,-21.00,12.63,-21.00,12.63,-8.37
62.076,-21.00,12.72,-21.00,12.72,-8.28
62.087,-21.00,12.72,-21.00,12.72,-8.28
62.092,-21.00,12.72,-21.00,12.72,-8.28
62.111,-21.00,12.57,-21.00,12.57,-8.44
62.138,-21.00,12.57,-21.00,12.57,-8.44
62.142,-21.00,12.57,-21.00,12.57,-8.44
62.149,-21.00,12.48,-21.00,12.48,-8.53
62.181,-21.00,12.52,-21.00,12.52,-8.48
62.188,-21.00,12.52,-21.00,12.52,-8.48
62.197,-21.00,12.52,-21.00,12.52,-8.48
62.218,-21.00,12.56,-21.00,12.56,-8.45
62.240,-21.00,12.56,-21.00,12.56,-8.45
62.243,-21.00,12.56,-21.00,12.56,-8.45
62.250,-21.00,12.50,-21.00,12.50,-8.50
62.286,-21.00,12.55,-21.00,12.55,-8.45
62.290,-21.00,12.55,-21.00,12.55,-8.45
62.293,-21.00,12.55,-21.00,12.55,-8.45
62.319,-21.00,12.54,-21.00,12.54,-8.46
62.342,-21.00,12.54,-21.00,12.54,-8.46
62.346,-21.00,12.54,-21.00,12.54,-8.46
62.351,-21.00,12.53,-21.00,12.53,-8.47
62.388,-21.00,12.78,-21.00,12.78,-8.23
62.392,-21.00,12.78,-21.00,12.78,-8.23
62.395,-21.00,12.78,-21.00,12.78,-8.23
62.425,-21.00,12.86,-21.00,12.86,-8.14
62.444,-21.00,12.86,-21.00,12.86,-8.14
62.448,-21.00,12.86,-21.00,12.86,-8.14
62.457,-21.00,12.78,-21.00,12.78,-8.23
62.494,-21.00,12.78,-21.00,12.78,-8.23
62.496,-21.00,12.78,-21.00,12.78,-8.23
62.499,-21.00,12.95,-21.00,12.95,-8.05
62.530,-21.00,12.86,-21.00,12.86,-8.14
62.544,-21.00,12.86,-21.00,12.86,-8.14
62.549,-21.00,12.86,-21.00,12.86,-8.14
62.561,-21.00,12.86,-21.00,12.86,-8.14
62.594,-21.00,12.86,-21.00,12.86,-8.14
62.598,-21.00,12.91,-21.00,12.91,-8.09
62.601,-21.00,12.91,-21.00,12.91,-8.09
62.629,-21.00,13.01,-21.00,13.01,-7.99
62.646,-21.00,13.01,-21.00,13.01,-7.99
62.651,-21.00,13.01,-21.00,13.01,-7.99
62.663,-21.00,13.27,-21.00,13.27,-7.73
62.696,-21.00,13.27,-21.00,13.27,-7.73
62.699,-21.00,13.27,-21.00,13.27,-7.73
62.703,-21.00,13.23,-21.00,13.23,-7.77
62.732,-21.00,13.12,-21.00,13.12,-7.89
62.748,-21.00,13.12,-21.00,13.12,-7.89
62.752,-21.00,13.12,-21.00,13.12,-7.89
62.768,-21.00,13.43,-21.00,13.43,-7.57
62.798,-21.00,13.43,-21.00,13.43,-7.57
62.802,-21.00,13.43,-21.00,13.43,-7.57
62.805,-21.00,13.21,-21.00,13.21,-7.79
62.835,-21.00,13.55,-21.00,13.55,-7.45
62.849,-21.00,13.55,-21.00,13.55,-7.45
62.854,-21.00,13.55,-21.00,13.55,-7.45
62.871,-21.00,13.48,-21.00,13.48,-7.52
62.899,-21.00,13.48,-21.00,13.48,-7.52
62.902,-21.00,13.48,-21.00,13.48,-7.52
62.906,-21.00,13.68,-21.00,13.68,-7.32
62.941,-21.00,13.81,-21.00,13.81,-7.19
62.950,-21.00,13.81,-21.00,13.81,-7.19
62.951,-21.00,13.81,-21.00,13.81,-7.19
62.975,-21.00,13.57,-21.00,13.57,-7.43
63.002,-21.00,13.57,-21.00,13.57,-7.43
63.004,-21.00,13.57,-21.00,13.57,-7.43
63.009,-21.00,13.92,-21.00,13.92,-7.09
63.043,-21.00,13.90,-21.00,13.90,-7.10
63.052,-21.00,13.90,-21.00,13.90,-7.10
63.057,-21.00,13.90,-21.00,13.90,-7.10
63.080,-21.00,13.79,-21.00,13.79,-7.21
63.102,-21.00,13.79,-21.00,13.79,-7.21
63.105,-21.00,13.79,-21.00,13.79,-7.21
63.110,-21.00,14.17,-21.00,14.17,-6.83
63.149,-21.00,13.90,-21.00,13.90,-7.10
63.154,-21.00,13.90,-21.00,13.90,-7.10
63.156,-21.00,13.90,-21.00,13.90,-7.10
63.179,-21.00,14.26,-21.00,14.26,-6.74
63.204,-21.00,14.26,-21.00,14.26,-6.74
63.207,-21.00,14.26,-21.00,14.26,-6.74
63.216,-21.00,14.23,-21.00,14.23,-6.77
63.252,-21.00,14.17,-21.00,14.17,-6.83
63.256,-21.00,14.17,-21.00,14.17,-6.83
63.261,-21.00,14.17,-21.00,14.17,-6.83
63.283,-21.00,14.62,-21.00,14.62,-6.38
63.305,-21.00,14.62,-21.00,14.62,-6.38
63.310,-21.00,14.62,-21.00,14.62,-6.38
63.318,-21.00,14.47,-21.00,14.47,-6.53
63.355,-21.00,14.67,-21.00,14.67,-6.33
63.358,-21.00,14.67,-21.00,14.67,-6.33
63.359,-21.00,14.67,-21.00,14.67,-6.33
63.387,-21.00,14.72,-21.00,14.72,-6.28
63.407,-21.00,14.72,-21.00,14.72,-6.28
63.409,-21.00,14.72,-21.00,14.72,-6.28
63.423,-21.00,14.78,-21.00,14.78,-6.22
63.455,-21.00,14.93,-21.00,14.93,-6.08
63.457,-21.00,14.93,-21.00,14.93,-6.08
63.458,-21.00,14.93,-21.00,14.93,-6.08
63.493,-21.00,14.88,-21.00,14.88,-6.13
63.507,-21.00,14.88,-21.00,14.88,-6.13
63.509,-21.00,14.88,-21.00,14.88,-6.13
63.529,-21.00,15.08,-21.00,15.08,-5.92
63.558,-21.00,15.36,-21.00,15.36,-5.64
63.563,-21.00,15.36,-21.00,15.36,-5.64
63.567,-21.00,15.36,-21.00,15.36,-5.64
63.595,-21.00,15.53,-21.00,15.53,-5.47
63.609,-21.00,15.53,-21.00,15.53,-5.47
63.614,-21.00,15.53,-21.00,15.53,-5.47
63.632,-21.00,15.41,-21.00,15.41,-5.59
63.660,-21.00,15.41,-21.00,15.41,-5.59
63.665,-21.00,15.41,-21.00,15.41,-5.59
63.668,-21.00,15.59,-21.00,15.59,-5.41
63.700,-21.00,15.90,-21.00,15.90,-5.10
63.710,-21.00,15.90,-21.00,15.90,-5.10
63.715,-21.00,15.90,-21.00,15.90,-5.10
63.732,-21.00,15.80,-21.00,15.80,-5.20
63.761,-21.00,15.80,-21.00,15.80,-5.20
63.765,-21.00,15.80,-21.00,15.80,-5.20
63.769,-21.00,15.93,-21.00,15.93,-5.07
63.803,-21.00,16.40,-21.00,16.40,-4.60
63.812,-21.00,16.40,-21.00,16.40,-4.60
63.816,-21.00,16.40,-21.00,16.40,-4.60
63.835,-21.00,16.15,-21.00,16.15,-4.85
63.862,-21.00,16.15,-21.00,16.15,-4.85
63.866,-21.00,16.15,-21.00,16.15,-4.85
63.870,-21.00,16.35,-21.00,16.35,-4.65
63.909,-21.00,16.62,-21.00,16.62,-4.38
63.912,-21.00,16.62,-21.00,16.62,-4.38
63.915,-21.00,16.62,-21.00,16.62,-4.38
63.941,-21.00,16.48,-21.00,16.48,-4.52
63.964,-21.00,16.48,-21.00,16.48,-4.52
63.967,-21.00,16.48,-21.00,16.48,-4.52
63.976,-21.00,16.67,-21.00,16.67,-4.33
64.009,-21.00,16.84,-21.00,16.84,-4.16
64.014,-21.00,16.84,-21.00,16.84,-4.16
64.018,-21.00,16.84,-21.00,16.84,-4.16
64.044,-21.00,16.83,-21.00,16.83,-4.17
64.065,-21.00,16.83,-21.00,16.83,-4.17
64.067,-21.00,16.83,-21.00,16.83,-4.17
64.078,-21.00,16.91,-21.00,16.91,-4.09
64.111,-21.00,17.02,-21.00,17.02,-3.98
64.116,-21.00,17.02,-21.00,17.02,-3.98
64.118,-21.00,17.02,-21.00,17.02,-3.98
64.146,-21.00,17.20,-21.00,17.20,-3.81
64.166,-21.00,17.20,-21.00,17.20,-3.81
64.168,-21.00,17.20,-21.00,17.20,-3.81
64.184,-21.00,17.37,-21.00,17.37,-3.63
64.216,-21.00,17.50,-21.00,17.50,-3.50
64.219,-21.00,17.50,-21.00,17.50,-3.50
64.221,-21.00,17.50,-21.00,17.50,-3.50
64.251,-21.00,17.74,-21.00,17.74,-3.26
64.268,-21.00,17.74,-21.00,17.74,-3.26
64.271,-21.00,17.74,-21.00,17.74,-3.26
64.283,-21.00,17.87,-21.00,17.87,-3.13
64.319,-21.00,17.87,-21.00,17.87,-3.13
64.323,-21.00,17.87,-21.00,17.87,-3.13
64.326,-21.00,18.01,-21.00,18.01,-2.99
64.355,-21.00,18.15,-21.00,18.15,-2.85
64.370,-21.00,18.15,-21.00,18.15,-2.85
64.372,-21.00,18.15,-21.00,18.15,-2.85
64.387,-21.00,18.08,-21.00,18.08,-2.92
64.421,-21.00,18.08,-21.00,18.08,-2.92
64.422,-21.00,18.08,-21.00,18.08,-2.92
64.424,-21.00,18.25,-21.00,18.25,-2.75
64.460,-21.00,18.32,-21.00,18.32,-2.69
64.471,-21.00,18.32,-21.00,18.32,-2.69
64.474,-21.00,18.32,-21.00,18.32,-2.69
64.493,-21.00,18.54,-21.00,18.54,-2.46
64.523,-21.00,18.54,-21.00,18.54,-2.46
64.525,-21.00,18.54,-21.00,18.54,-2.46
64.529,-21.00,18.80,-21.00,18.80,-2.20
64.561,-21.00,19.15,-21.00,19.15,-1.85
64.574,-21.00,19.15,-21.00,19.15,-1.85
64.579,-21.00,19.15,-21.00,19.15,-1.85
64.594,-21.00,19.24,-21.00,19.24,-1.76
64.624,-21.00,19.24,-21.00,19.24,-1.76
64.627,-21.00,19.24,-21.00,19.24,-1.76
64.632,-21.00,19.32,-21.00,19.32,-1.68
64.663,-21.00,19.40,-21.00,19.40,-1.60
64.674,-21.00,19.40,-21.00,19.40,-1.60
64.676,-21.00,19.40,-21.00,19.40,-1.60
64.700,-21.00,19.47,-21.00,19.47,-1.54
64.725,-21.00,19.47,-21.00,19.47,-1.54
64.726,-21.00,19.47,-21.00,19.47,-1.54
64.734,-21.00,19.62,-21.00,19.62,-1.38
64.767,-21.00,19.66,-21.00,19.66,-1.34
64.776,-12.37,11.03,-21.00,19.66,-1.34
64.780,-12.37,11.03,-12.37,11.03,-1.34
64.803,-12.37,11.10,-12.37,11.10,-1.26
64.826,-12.37,11.10,-12.37,11.10,-1.26
64.830,-12.37,11.10,-12.37,11.10,-1.26
64.834,-12.37,11.27,-12.37,11.27,-1.09
64.870,-12.37,11.23,-12.37,11.23,-1.13
64.876,-12.37,11.23,-12.37,11.23,-1.13
64.881,-12.37,11.23,-12.37,11.23,-1.13
64.909,-12.37,11.43,-12.37,11.43,-0.94
64.928,-12.37,11.43,-12.37,11.43,-0.94
64.931,-12.37,11.43,-12.37,11.43,-0.94
64.940,-12.37,11.60,-12.37,11.60,-0.77
64.974,-12.37,11.73,-12.37,11.73,-0.64
64.978,-12.37,11.73,-12.37,11.73,-0.64
64.979,-12.37,11.73,-12.37,11.73,-0.64
65.010,-12.37,11.93,-12.37,11.93,-0.43
65.028,-12.37,11.93,-12.37,11.93,-0.43
65.031,-12.37,11.93,-12.37,11.93,-0.43
65.042,-12.37,12.10,-12.37,12.10,-0.27
65.078,-12.37,12.07,-12.37,12.07,-0.30
65.081,-12.37,12.07,-12.37,12.07,-0.30
65.082,-12.37,12.07,-12.37,12.07,-0.30
65.110,-12.37,12.17,-12.37,12.17,-0.20
65.130,-12.37,12.17,-12.37,12.17,-0.20
65.133,-12.37,12.17,-12.37,12.17,-0.20
65.148,-12.37,12.41,-12.37,12.41,0.05
65.182,-12.37,12.41,-12.37,12.41,0.05
65.184,-12.37,12.41,-12.37,12.41,0.05
65.185,-12.37,12.29,-12.37,12.29,-0.08
65.214,-12.37,12.59,-12.37,12.59,0.23
65.233,-12.37,12.59,-12.37,12.59,0.23
65.237,-12.37,12.59,-12.37,12.59,0.23
65.250,-12.37,12.73,-12.37,12.73,0.36
65.283,-12.37,12.73,-12.37,12.73,0.36
65.284,-12.37,12.73,-12.37,12.73,0.36
65.286,-12.37,12.83,-12.37,12.83,0.47
65.319,-12.37,12.91,-12.37,12.91,0.55
65.334,-12.37,12.91,-12.37,12.91,0.55
65.338,-12.37,12.91,-12.37,12.91,0.55
65.355,-12.37,13.07,-12.37,13.07,0.71
65.385,-12.37,13.07,-12.37,13.07,0.71
65.387,-12.37,13.07,-12.37,13.07,0.71
65.389,-12.37,13.57,-12.37,13.57,1.20
65.424,-12.37,13.44,-12.37,13.44,1.07
65.436,-12.37,13.44,-12.37,13.44,1.07
65.438,-12.37,13.44,-12.37,13.44,1.07
65.459,-12.37,13.58,-12.37,13.58,1.22
65.488,-12.37,13.58,-12.37,13.58,1.22
65.491,-12.37,13.58,-12.37,13.58,1.22
65.492,-12.37,13.66,-12.37,13.66,1.30
65.526,-12.37,13.83,-12.37,13.83,1.46
65.537,-12.37,13.83,-12.37,13.83,1.46
65.538,-12.37,13.83,-12.37,13.83,1.46
65.564,-12.37,13.91,-12.37,13.91,1.54
65.588,-12.37,13.91,-12.37,13.91,1.54
65.589,-12.37,13.91,-12.37,13.91,1.54
65.594,-12.37,14.00,-12.37,14.00,1.63
65.634,-12.37,14.10,-12.37,14.10,1.74
65.639,-12.37,14.10,-12.37,14.10,1.74
65.643,-12.37,14.10,-12.37,14.10,1.74
65.663,-12.37,14.31,-12.37,14.31,1.95
65.690,-12.37,14.31,-12.37,14.31,1.95
65.693,-12.37,14.31,-12.37,14.31,1.95
65.699,-12.37,14.50,-12.37,14.50,2.13
65.734,-12.37,14.63,-12.37,14.63,2.26
65.742,-12.37,14.63,-12.37,14.63,2.26
65.744,-12.37,14.63,-12.37,14.63,2.26
65.767,-12.37,14.77,-12.37,14.77,2.40
65.792,-12.37,14.77,-12.37,14.77,2.40
65.795,-12.37,14.77,-12.37,14.77,2.40
65.803,-12.37,14.94,-12.37,14.94,2.57
65.840,-12.37,15.01,-12.37,15.01,2.65
65.841,-12.16,14.80,-12.37,15.01,2.65
65.843,-12.16,14.80,-12.16,14.80,2.65
65.873,-12.16,14.87,-12.16,14.87,2.72
65.892,-12.16,14.87,-12.16,14.87,2.72
65.896,-12.16,14.87,-12.16,14.87,2.72
65.907,-12.16,15.14,-12.16,15.14,2.98
65.939,-12.16,15.37,-12.16,15.37,3.21
65.947,-12.16,15.37,-12.16,15.37,3.21
65.950,-12.16,15.37,-12.16,15.37,3.21
65.974,-12.16,15.45,-12.16,15.45,3.30
65.995,-5.82,9.12,-12.16,15.45,3.30
66.000,-5.82,9.12,-5.82,9.12,3.30
66.011,-5.82,9.14,-5.82,9.14,3.32
66.044,-5.82,9.18,-5.82,9.18,3.36
66.047,-5.82,9.18,-5.82,9.18,3.36
66.049,-5.82,9.18,-5.82,9.18,3.36
66.081,-5.82,9.26,-5.82,9.26,3.44
66.097,-5.82,9.26,-5.82,9.26,3.44
66.101,-5.82,9.26,-5.82,9.26,3.44
66.114,-5.82,9.61,-5.82,9.61,3.79
66.148,-5.82,9.61,-5.82,9.61,3.79
66.152,-5.82,9.61,-5.82,9.61,3.79
66.156,-5.82,9.61,-5.82,9.61,3.79
66.182,-5.82,9.80,-5.82,9.80,3.98
66.200,-5.82,9.80,-5.82,9.80,3.98
66.204,-5.82,9.80,-5.82,9.80,3.98
66.215,-5.82,10.03,-5.82,10.03,4.21
66.251,-5.82,10.30,-5.82,10.30,4.48
66.255,-5.82,10.30,-5.82,10.30,4.48
66.259,-5.82,10.30,-5.82,10.30,4.48
66.288,-5.82,10.28,-5.82,10.28,4.46
66.301,-5.82,10.28,-5.82,10.28,4.46
66.307,-5.82,10.28,-5.82,10.28,4.46
66.320,-5.82,10.28,-5.82,10.28,4.45
66.352,-5.82,10.28,-5.82,10.28,4.45
66.353,-5.82,10.28,-5.82,10.28,4.45
66.354,-5.82,10.55,-5.82,10.55,4.73
66.390,-5.82,10.29,-5.82,10.29,4.47
66.403,-5.82,10.29,-5.82,10.29,4.47
66.406,-5.82,10.29,-5.82,10.29,4.47
66.424,-5.82,10.65,-5.82,10.65,4.83
66.454,-5.82,10.65,-5.82,10.65,4.83
66.458,-5.82,10.65,-5.82,10.65,4.83
66.461,-5.82,10.86,-5.82,10.86,5.04
66.490,-5.82,10.80,-5.82,10.80,4.98
66.504,-5.82,10.80,-5.82,10.80,4.98
66.508,-5.82,10.80,-5.82,10.80,4.98
66.526,-5.82,10.88,-5.82,10.88,5.06
66.554,-5.82,10.88,-5.82,10.88,5.06
66.556,-5.82,10.88,-5.82,10.88,5.06
66.564,-5.82,11.17,-5.82,11.17,5.35
66.595,-5.82,11.00,-5.82,11.00,5.18
66.606,-5.82,11.00,-5.82,11.00,5.18
66.610,-5.82,11.00,-5.82,11.00,5.18
66.632,-5.82,11.23,-5.82,11.23,5.41
66.656,-5.82,11.23,-5.82,11.23,5.41
66.660,-5.82,11.23,-5.82,11.23,5.41
66.666,-5.82,11.34,-5.82,11.34,5.52
66.698,-5.82,11.11,-5.82,11.11,5.29
66.706,-5.82,11.11,-5.82,11.11,5.29
66.710,-5.82,11.11,-5.82,11.11,5.29
66.735,-5.82,11.22,-5.82,11.22,5.40
66.758,-5.82,11.22,-5.82,11.22,5.40
66.760,-5.82,11.22,-5.82,11.22,5.40
66.768,-5.82,11.52,-5.82,11.52,5.70
66.803,-5.82,11.49,-5.82,11.49,5.67
66.808,-5.82,11.49,-5.82,11.49,5.67
66.811,-5.82,11.49,-5.82,11.49,5.67
66.839,-5.82,11.30,-5.82,11.30,5.48
66.858,-5.82,11.30,-5.82,11.30,5.48
66.861,-5.82,11.30,-5.82,11.30,5.48
66.870,-5.82,11.28,-5.82,11.28,5.46
66.907,-5.82,11.65,-5.82,11.65,5.83
66.912,-5.82,11.65,-5.82,11.65,5.83
66.916,-5.82,11.65,-5.82,11.65,5.83
66.943,-5.82,11.67,-5.82,11.67,5.85
66.961,-5.82,11.67,-5.82,11.67,5.85
66.966,-5.82,11.67,-5.82,11.67,5.85
66.975,-5.82,11.40,-5.82,11.40,5.58
67.011,-5.82,11.40,-5.82,11.40,5.58
67.015,-5.82,11.40,-5.82,11.40,5.58
67.018,-5.82,11.83,-5.82,11.83,6.01
67.042,-5.82,11.85,-5.82,11.85,6.03
67.062,-5.82,11.85,-5.82,11.85,6.03
67.065,-5.82,11.85,-5.82,11.85,6.03
67.080,-5.82,11.82,-5.82,11.82,5.99
67.112,-5.82,11.82,-5.82,11.82,5.99
67.116,-5.82,11.82,-5.82,11.82,5.99
67.119,-5.82,11.54,-5.82,11.54,5.72
67.146,-5.82,11.68,-5.82,11.68,5.86
67.163,-5.82,11.68,-5.82,11.68,5.86
67.166,-5.82,11.68,-5.82,11.68,5.86
67.183,-5.82,11.90,-5.82,11.90,6.08
67.214,-5.82,11.90,-5.82,11.90,6.08
67.218,-5.82,11.90,-5.82,11.90,6.08
67.222,-5.82,11.88,-5.82,11.88,6.06
67.253,-5.82,11.73,-5.82,11.73,5.91
67.264,-5.82,11.73,-5.82,11.73,5.91
67.269,-5.82,11.73,-5.82,11.73,5.91
67.288,-5.82,11.77,-5.82,11.77,5.95
67.316,-5.82,11.77,-5.82,11.77,5.95
67.320,-5.82,11.77,-5.82,11.77,5.95
67.324,-5.82,12.07,-5.82,12.07,6.25
67.355,-5.82,11.97,-5.82,11.97,6.15
67.367,-5.82,11.97,-5.82,11.97,6.15
67.371,-5.82,11.97,-5.82,11.97,6.15
67.391,-5.82,11.93,-5.82,11.93,6.10
67.417,-5.82,11.93,-5.82,11.93,6.10
67.419,-5.82,11.93,-5.82,11.93,6.10
67.423,-5.82,12.14,-5.82,12.14,6.32
67.462,-5.82,12.27,-5.82,12.27,6.45
67.467,-5.82,12.27,-5.82,12.27,6.45
67.470,-5.82,12.27,-5.82,12.27,6.45
67.497,-5.82,12.23,-5.82,12.23,6.41
67.517,-5.82,12.23,-5.82,12.23,6.41
67.519,-5.82,12.23,-5.82,12.23,6.41
67.526,-5.82,12.06,-5.82,12.06,6.24
67.563,-5.82,12.15,-5.82,12.15,6.33
67.568,-5.82,12.15,-5.82,12.15,6.33
67.572,-5.82,12.15,-5.82,12.15,6.33
67.594,-5.82,12.45,-5.82,12.45,6.63
67.620,-5.82,12.45,-5.82,12.45,6.63
67.622,-5.82,12.45,-5.82,12.45,6.63
67.630,-5.82,12.48,-5.82,12.48,6.66
67.667,-5.82,12.36,-5.82,12.36,6.54
67.670,-5.82,12.36,-5.82,12.36,6.54
67.671,-5.82,12.36,-5.82,12.36,6.54
67.699,-5.82,12.52,-5.82,12.52,6.70
67.720,-5.82,12.52,-5.82,12.52,6.70
67.722,-5.82,12.52,-5.82,12.52,6.70
67.736,-5.82,12.56,-5.82,12.56,6.73
67.771,-5.82,12.40,-5.82,12.40,6.58
67.774,-5.82,12.40,-5.82,12.40,6.58
67.777,-5.82,12.40,-5.82,12.40,6.58
67.803,-5.82,12.61,-5.82,12.61,6.79
67.822,-5.82,12.61,-5.82,12.61,6.79
67.826,-5.82,12.61,-5.82,12.61,6.79
67.841,-5.82,12.78,-5.82,12.78,6.96
67.872,-5.82,12.69,-5.82,12.69,6.87
67.876,-5.82,12.69,-5.82,12.69,6.87
67.879,-5.82,12.69,-5.82,12.69,6.87
67.910,-5.82,12.64,-5.82,12.64,6.82
67.925,-5.82,12.64,-5.82,12.64,6.82
67.930,-5.82,12.64,-5.82,12.64,6.82
67.943,-5.82,12.92,-5.82,12.92,7.10
67.976,-5.82,12.92,-5.82,12.92,7.10
67.980,-5.82,12.92,-5.82,12.92,7.10
67.983,-5.82,12.90,-5.82,12.90,7.08
68.010,-5.82,12.88,-5.82,12.88,7.06
68.025,-5.82,12.88,-5.82,12.88,7.06
68.030,-5.82,12.88,-5.82,12.88,7.06
68.047,-5.82,13.08,-5.82,13.08,7.26
68.076,-5.82,13.08,-5.82,13.08,7.26
68.081,-5.82,13.08,-5.82,13.08,7.26
68.084,-5.82,12.90,-5.82,12.90,7.08
68.114,-5.82,13.22,-5.82,13.22,7.40
68.127,-5.82,13.22,-5.82,13.22,7.40
68.132,-5.82,13.22,-5.82,13.22,7.40
68.146,-5.82,13.07,-5.82,13.07,7.25
68.178,-5.82,13.07,-5.82,13.07,7.25
68.182,-5.82,13.07,-5.82,13.07,7.25
68.187,-5.82,13.27,-5.82,13.27,7.45
68.231,-5.82,13.33,-5.82,13.33,7.51
68.236,-5.82,13.33,-5.82,13.33,7.51
68.240,-5.82,13.33,-5.82,13.33,7.51
68.253,-5.82,13.18,-5.82,13.18,7.36
68.288,-5.82,13.18,-5.82,13.18,7.36
68.292,-5.82,13.18,-5.82,13.18,7.36
68.295,-5.82,13.57,-5.82,13.57,7.75
68.323,-5.82,13.30,-5.82,13.30,7.48
68.338,-5.82,13.30,-5.82,13.30,7.48
68.342,-5.82,13.30,-5.82,13.30,7.48
68.357,-5.82,13.75,-5.82,13.75,7.93
68.388,-5.82,13.75,-5.82,13.75,7.93
68.392,-5.82,13.75,-5.82,13.75,7.93
68.396,-5.82,13.59,-5.82,13.59,7.77
68.425,-5.82,13.85,-5.82,13.85,8.03
68.439,-5.82,13.85,-5.82,13.85,8.03
68.444,-5.82,13.85,-5.82,13.85,8.03
68.460,-5.82,14.10,-5.82,14.10,8.28
68.489,-5.82,14.10,-5.82,14.10,8.28
68.493,-5.82,14.10,-5.82,14.10,8.28
68.496,-5.82,14.10,-5.82,14.10,8.28
68.526,-5.82,14.31,-5.82,14.31,8.49
68.539,-5.82,14.31,-5.82,14.31,8.49
68.542,-5.82,14.31,-5.82,14.31,8.49
68.563,-5.82,14.19,-5.82,14.19,8.37
68.590,-5.82,14.19,-5.82,14.19,8.37
68.594,-5.82,14.19,-5.82,14.19,8.37
68.601,-5.82,14.48,-5.82,14.48,8.66
68.632,-5.82,14.48,-5.82,14.48,8.66
68.640,-0.84,9.50,-5.82,14.48,8.66
68.642,-0.84,9.50,-0.84,9.50,8.66
68.670,-0.84,9.67,-0.84,9.67,8.83
68.692,-0.84,9.67,-0.84,9.67,8.83
68.694,-0.84,9.67,-0.84,9.67,8.83
68.700,-0.84,9.53,-0.84,9.53,8.69
68.737,-0.84,9.86,-0.84,9.86,9.02
68.742,-0.84,9.86,-0.84,9.86,9.02
68.744,-0.84,9.86,-0.84,9.86,9.02
68.774,-0.84,9.63,-0.84,9.63,8.79
68.792,-0.84,9.63,-0.84,9.63,8.79
68.794,-0.84,9.63,-0.84,9.63,8.79
68.802,-0.84,10.09,-0.84,10.09,9.25
68.839,-0.84,10.00,-0.84,10.00,9.17
68.844,-0.84,10.00,-0.84,10.00,9.17
68.845,-0.84,10.00,-0.84,10.00,9.17
68.876,-0.84,10.13,-0.84,10.13,9.29
68.895,-0.84,10.13,-0.84,10.13,9.29
68.897,-0.84,10.13,-0.84,10.13,9.29
68.908,-0.84,10.35,-0.84,10.35,9.51
68.945,-0.84,10.23,-0.84,10.23,9.39
68.947,-0.84,10.23,-0.84,10.23,9.39
68.949,-0.84,10.23,-0.84,10.23,9.39
68.976,-0.84,10.43,-0.84,10.43,9.59
68.996,-0.84,10.43,-0.84,10.43,9.59
68.998,-0.84,10.43,-0.84,10.43,9.59
69.011,-0.84,10.46,-0.84,10.46,9.62
69.046,-0.84,10.62,-0.84,10.62,9.78
69.047,-0.84,10.62,-0.84,10.62,9.78
69.049,-0.84,10.62,-0.84,10.62,9.78
69.081,-0.84,10.92,-0.84,10.92,10.08
69.097,-0.84,10.92,-0.84,10.92,10.08
69.099,-0.84,10.92,-0.84,10.92,10.08
69.114,-0.84,10.71,-0.84,10.71,9.87
69.150,-0.84,10.71,-0.84,10.71,9.87
69.152,-0.84,10.71,-0.84,10.71,9.87
69.156,-0.84,11.00,-0.84,11.00,10.16
69.184,-0.84,11.26,-0.84,11.26,10.42
69.201,-0.84,11.26,-0.84,11.26,10.42
69.204,-0.84,11.26,-0.84,11.26,10.42
69.220,-0.84,11.03,-0.84,11.03,10.19
69.253,-0.84,11.37,-0.84,11.37,10.53
69.256,-0.84,11.37,-0.84,11.37,10.53
69.260,-0.84,11.37,-0.84,11.37,10.53
69.291,-0.84,11.54,-0.84,11.54,10.70
69.304,-0.84,11.54,-0.84,11.54,10.70
69.307,-0.84,11.54,-0.84,11.54,10.70
69.324,-0.84,11.41,-0.84,11.41,10.57
69.354,-0.84,11.41,-0.84,11.41,10.57
69.356,-0.84,11.41,-0.84,11.41,10.57
69.358,-0.84,11.72,-0.84,11.72,10.88
69.392,-0.84,11.87,-0.84,11.87,11.03
69.405,-0.84,11.87,-0.84,11.87,11.03
69.407,-0.84,11.87,-0.84,11.87,11.03
69.428,-0.84,12.08,-0.84,12.08,11.24
69.456,-0.84,12.08,-0.84,12.08,11.24
69.460,-0.84,12.08,-0.84,12.08,11.24
69.465,-0.84,11.99,-0.84,11.99,11.15
69.495,-0.84,12.32,-0.84,12.32,11.48
69.508,-0.64,12.11,-0.84,12.32,11.48
69.512,-0.64,12.11,-0.64,12.11,11.48
69.530,-0.64,12.09,-0.64,12.09,11.46
69.558,-0.64,12.09,-0.64,12.09,11.46
69.563,-0.64,12.09,-0.64,12.09,11.46
69.568,-0.64,12.25,-0.64,12.25,11.62
69.599,-0.64,12.37,-0.64,12.37,11.74
69.607,-0.64,12.37,-0.64,12.37,11.74
69.610,-0.64,12.37,-0.64,12.37,11.74
69.630,-0.64,12.43,-0.64,12.43,11.80
69.658,3.20,8.60,-0.64,12.43,11.80
69.660,3.20,8.60,3.20,8.60,11.80
69.667,3.20,8.64,3.20,8.64,11.84
69.703,3.20,8.72,3.20,8.72,11.92
69.710,3.20,8.72,3.20,8.72,11.92
69.711,3.20,8.72,3.20,8.72,11.92
69.743,3.20,8.85,3.20,8.85,12.05
69.762,3.20,8.85,3.20,8.85,12.05
69.764,3.20,8.85,3.20,8.85,12.05
69.782,3.20,8.73,3.20,8.73,11.93
69.811,3.20,8.73,3.20,8.73,11.93
69.815,3.20,8.73,3.20,8.73,11.93
69.819,3.20,9.02,3.20,9.02,12.22
69.841,3.20,8.89,3.20,8.89,12.09
69.862,3.20,8.89,3.20,8.89,12.09
69.863,3.20,8.89,3.20,8.89,12.09
69.878,3.20,9.22,3.20,9.22,12.41
69.908,3.20,9.02,3.20,9.02,12.22
69.912,3.20,9.02,3.20,9.02,12.22
69.913,3.20,9.02,3.20,9.02,12.22
69.947,3.20,9.14,3.20,9.14,12.34
69.963,3.20,9.14,3.20,9.14,12.34
69.965,3.20,9.14,3.20,9.14,12.34
69.980,3.20,9.06,3.20,9.06,12.26
70.013,3.20,9.16,3.20,9.16,12.36
70.015,3.20,9.16,3.20,9.16,12.36
70.017,3.20,9.16,3.20,9.16,12.36
70.047,3.20,9.52,3.20,9.52,12.72
70.065,3.20,9.52,3.20,9.52,12.72
70.066,3.20,9.52,3.20,9.52,12.72
70.080,3.20,9.47,3.20,9.47,12.67
70.115,3.20,9.47,3.20,9.47,12.67
70.117,3.20,9.47,3.20,9.47,12.67
70.118,3.20,9.48,3.20,9.48,12.68
70.152,3.20,9.62,3.20,9.62,12.82
70.166,3.20,9.62,3.20,9.62,12.82
70.168,3.20,9.62,3.20,9.62,12.82
70.184,3.20,9.60,3.20,9.60,12.80
70.219,3.20,9.60,3.20,9.60,12.80
70.221,3.20,9.60,3.20,9.60,12.80
70.223,3.20,9.59,3.20,9.59,12.79
70.255,3.20,9.72,3.20,9.72,12.92
70.270,3.20,9.72,3.20,9.72,12.92
70.273,3.20,9.72,3.20,9.72,12.92
70.287,3.20,9.76,3.20,9.76,12.96
70.321,3.20,9.76,3.20,9.76,12.96
70.323,3.20,9.76,3.20,9.76,12.96
70.325,3.20,9.74,3.20,9.74,12.94
70.355,3.20,9.64,3.20,9.64,12.84
70.371,3.20,9.64,3.20,9.64,12.84
70.372,3.20,9.64,3.20,9.64,12.84
70.393,3.20,9.66,3.20,9.66,12.86
70.422,3.20,9.66,3.20,9.66,12.86
70.426,3.20,9.66,3.20,9.66,12.86
70.433,3.20,9.65,3.20,9.65,12.85
70.459,3.20,9.70,3.20,9.70,12.90
70.473,3.20,9.70,3.20,9.70,12.90
70.475,3.20,9.70,3.20,9.70,12.90
70.496,3.20,9.66,3.20,9.66,12.86
70.524,3.20,9.66,3.20,9.66,12.86
70.526,3.20,9.66,3.20,9.66,12.86
70.531,3.20,9.71,3.20,9.71,12.90
70.563,3.20,9.70,3.20,9.70,12.90
70.576,3.20,9.70,3.20,9.70,12.90
70.581,3.20,9.70,3.20,9.70,12.90
70.599,3.20,9.70,3.20,9.70,12.90
70.626,3.20,9.70,3.20,9.70,12.90
70.629,3.20,9.70,3.20,9.70,12.90
70.633,3.20,9.72,3.20,9.72,12.91
70.669,3.20,9.69,3.20,9.69,12.88
70.677,3.20,9.69,3.20,9.69,12.88
70.679,3.20,9.69,3.20,9.69,12.88
70.705,3.20,9.70,3.20,9.70,12.90
70.728,3.20,9.70,3.20,9.70,12.90
70.733,3.20,9.70,3.20,9.70,12.90
70.736,3.20,9.67,3.20,9.67,12.87
70.771,3.20,9.74,3.20,9.74,12.94
70.778,3.20,9.74,3.20,9.74,12.94
70.780,3.20,9.74,3.20,9.74,12.94
70.808,3.20,9.78,3.20,9.78,12.98
70.830,3.20,9.78,3.20,9.78,12.98
70.835,3.20,9.78,3.20,9.78,12.98
70.841,3.20,9.81,3.20,9.81,13.00
70.876,3.20,9.81,3.20,9.81,13.01
70.881,3.20,9.81,3.20,9.81,13.01
70.885,3.20,9.81,3.20,9.81,13.01
70.910,3.20,9.84,3.20,9.84,13.04
70.930,3.20,9.84,3.20,9.84,13.04
70.931,3.20,9.84,3.20,9.84,13.04
70.946,3.20,9.84,3.20,9.84,13.04
70.979,3.20,9.82,3.20,9.82,13.02
70.982,3.20,9.82,3.20,9.82,13.02
70.985,3.20,9.82,3.20,9.82,13.02
71.010,3.20,9.90,3.20,9.90,13.10
71.031,3.20,9.90,3.20,9.90,13.10
71.032,3.20,9.90,3.20,9.90,13.10
71.047,3.20,9.90,3.20,9.90,13.10
71.083,3.20,9.90,3.20,9.90,13.10
71.086,3.20,9.90,3.20,9.90,13.10
71.088,3.20,9.85,3.20,9.85,13.05
71.116,3.20,9.80,3.20,9.80,13.00
71.134,3.20,9.80,3.20,9.80,13.00
71.137,3.20,9.80,3.20,9.80,13.00
71.152,3.20,9.87,3.20,9.87,13.07
71.183,3.20,9.87,3.20,9.87,13.07
71.185,3.20,9.88,3.20,9.88,13.08
71.187,3.20,9.88,3.20,9.88,13.08
71.218,3.20,9.93,3.20,9.93,13.13
71.234,3.20,9.93,3.20,9.93,13.13
71.235,3.20,9.93,3.20,9.93,13.13
71.256,3.20,10.00,3.20,10.00,13.20
71.285,3.20,10.00,3.20,10.00,13.20
71.288,3.20,10.00,3.20,10.00,13.20
71.292,3.20,10.05,3.20,10.05,13.24
71.323,3.20,10.01,3.20,10.01,13.21
71.336,3.20,10.01,3.20,10.01,13.21
71.342,3.20,10.01,3.20,10.01,13.21
71.362,3.20,9.98,3.20,9.98,13.18
71.387,3.20,9.98,3.20,9.98,13.18
71.390,3.20,9.98,3.20,9.98,13.18
71.392,3.20,10.09,3.20,10.09,13.29
71.426,3.20,10.16,3.20,10.16,13.36
71.437,3.20,10.16,3.20,10.16,13.36
71.439,3.20,10.16,3.20,10.16,13.36
71.462,3.20,10.13,3.20,10.13,13.33
71.490,3.20,10.13,3.20,10.13,13.33
71.494,3.20,10.13,3.20,10.13,13.33
71.499,3.20,10.11,3.20,10.11,13.31
71.532,3.20,10.23,3.20,10.23,13.43
71.540,3.20,10.23,3.20,10.23,13.43
71.543,3.20,10.23,3.20,10.23,13.43
71.564,3.20,10.29,3.20,10.29,13.49
71.590,3.20,10.29,3.20,10.29,13.49
71.593,3.20,10.29,3.20,10.29,13.49
71.601,3.20,10.27,3.20,10.27,13.47
71.636,3.20,10.31,3.20,10.31,13.50
71.640,3.20,10.31,3.20,10.31,13.50
71.641,3.20,10.31,3.20,10.31,13.50
71.667,3.20,10.44,3.20,10.44,13.63
71.691,3.20,10.44,3.20,10.44,13.63
71.693,3.20,10.44,3.20,10.44,13.63
71.703,3.20,10.59,3.20,10.59,13.79
71.734,3.20,10.38,3.20,10.38,13.58
71.742,3.20,10.38,3.20,10.38,13.58
71.744,3.20,10.38,3.20,10.38,13.58
71.771,3.20,10.58,3.20,10.58,13.77
71.793,3.20,10.58,3.20,10.58,13.77
71.794,3.20,10.58,3.20,10.58,13.77
71.807,3.20,10.73,3.20,10.73,13.93
71.841,3.20,10.57,3.20,10.57,13.77
71.844,3.20,10.57,3.20,10.57,13.77
71.845,3.20,10.57,3.20,10.57,13.77
71.876,3.20,10.68,3.20,10.68,13.88
71.895,3.20,10.68,3.20,10.68,13.88
71.899,3.20,10.68,3.20,10.68,13.88
71.914,3.20,10.93,3.20,10.93,14.13
71.944,3.20,10.72,3.20,10.72,13.92
71.949,3.20,10.72,3.20,10.72,13.92
71.953,3.20,10.72,3.20,10.72,13.92
71.979,3.20,10.81,3.20,10.81,14.01
71.996,3.20,10.81,3.20,10.81,14.01
72.000,3.20,10.81,3.20,10.81,14.01
72.011,3.20,11.05,3.20,11.05,14.25
72.047,3.20,11.05,3.20,11.05,14.25
72.050,3.20,11.05,3.20,11.05,14.25
72.055,3.20,10.71,3.20,10.71,13.91
72.084,3.20,11.04,3.20,11.04,14.24
72.098,3.20,11.04,3.20,11.04,14.24
72.099,3.20,11.04,3.20,11.04,14.24
72.116,3.20,11.02,3.20,11.02,14.22
72.148,3.20,11.02,3.20,11.02,14.22
72.150,3.20,11.02,3.20,11.02,14.22
72.153,3.20,10.89,3.20,10.89,14.09
72.187,3.20,11.36,3.20,11.36,14.56
72.198,3.20,11.36,3.20,11.36,14.56
72.200,3.20,11.36,3.20,11.36,14.56
72.218,3.20,11.05,3.20,11.05,14.24
72.249,3.20,11.05,3.20,11.05,14.24
72.250,3.20,11.05,3.20,11.05,14.24
72.256,3.20,11.30,3.20,11.30,14.50
72.288,3.20,11.39,3.20,11.39,14.59
72.300,3.20,11.39,3.20,11.39,14.59
72.301,3.20,11.39,3.20,11.39,14.59
72.326,3.20,11.28,3.20,11.28,14.48
72.350,3.20,11.28,3.20,11.28,14.48
72.353,3.20,11.28,3.20,11.28,14.48
72.359,3.20,11.53,3.20,11.53,14.73
72.393,3.20,11.60,3.20,11.60,14.80
72.401,3.20,11.60,3.20,11.60,14.80
72.405,3.20,11.60,3.20,11.60,14.80
72.426,3.20,11.79,3.20,11.79,14.98
72.452,3.20,11.79,3.20,11.79,14.98
72.455,3.20,11.79,3.20,11.79,14.98
72.464,3.20,11.73,3.20,11.73,14.92
72.496,3.20,11.90,3.20,11.90,15.09
72.504,-350.26,365.35,3.20,11.90,15.09
72.511,-350.26,365.35,9.74,5.35,15.09
72.533,-350.26,365.30,9.74,5.30,15.04
72.553,-350.26,365.30,9.74,5.30,15.04
72.555,-350.26,365.30,9.74,5.30,15.04
72.565,-350.26,365.40,9.74,5.40,15.14
72.600,-350.26,365.37,9.74,5.37,15.11
72.604,-350.26,365.37,9.74,5.37,15.11
72.608,-350.26,365.37,9.74,5.37,15.11
72.645,-350.26,365.45,9.74,5.45,15.19
72.654,-350.26,365.45,9.74,5.45,15.19
72.657,-350.26,365.45,9.74,5.45,15.19
72.668,-350.26,365.48,9.74,5.48,15.22
72.704,-350.26,365.59,9.74,5.59,15.33
72.706,-350.26,365.59,9.74,5.59,15.33
72.708,-350.26,365.59,9.74,5.59,15.33
72.742,-350.26,365.67,9.74,5.67,15.41
72.757,-350.26,365.67,9.74,5.67,15.41
72.762,-350.26,365.67,9.74,5.67,15.41
72.771,-350.26,365.66,9.74,5.66,15.41
72.807,-350.26,365.66,9.74,5.66,15.41
72.808,-350.26,365.66,9.74,5.66,15.41
72.810,-350.26,365.92,9.74,5.92,15.66
72.839,-350.26,365.78,9.74,5.78,15.52
72.857,-350.26,365.78,9.74,5.78,15.52
72.860,-350.26,365.78,9.74,5.78,15.52
72.875,-350.26,366.08,9.74,6.08,15.83
72.908,-350.26,366.08,9.74,6.08,15.83
72.912,-350.26,366.08,9.74,6.08,15.83
72.915,-350.26,365.95,9.74,5.95,15.70
72.943,-350.26,366.13,9.74,6.13,15.87
72.959,-350.26,366.13,9.74,6.13,15.87
72.961,-350.26,366.13,9.74,6.13,15.87
72.980,-350.26,366.16,9.74,6.16,15.90
73.009,-350.26,366.16,9.74,6.16,15.90
73.012,-350.26,366.16,9.74,6.16,15.90
73.017,-350.26,366.21,9.74,6.21,15.95
73.049,-350.26,366.29,9.74,6.29,16.03
73.060,-350.26,366.29,9.74,6.29,16.03
73.063,-350.26,366.29,9.74,6.29,16.03
73.084,-350.26,366.33,9.74,6.33,16.07
73.112,-350.26,366.33,9.74,6.33,16.07
73.115,-350.26,366.33,9.74,6.33,16.07
73.117,-350.26,366.36,9.74,6.36,16.10
73.152,-350.26,366.50,9.74,6.50,16.24
73.162,-350.26,366.50,9.74,6.50,16.24
73.163,-350.26,366.50,9.74,6.50,16.24
73.188,-350.26,366.56,9.74,6.56,16.30
73.212,-350.26,366.56,9.74,6.56,16.30
73.216,-350.26,366.56,9.74,6.56,16.30
73.221,-350.26,366.41,9.74,6.41,16.15
73.257,-350.26,366.52,9.74,6.52,16.26
73.263,-350.26,366.52,9.74,6.52,16.26
73.265,-350.26,366.52,9.74,6.52,16.26
73.292,-350.26,366.69,9.74,6.69,16.43
73.314,-350.26,366.69,9.74,6.69,16.43
73.317,-350.26,366.69,9.74,6.69,16.43
73.324,-350.26,366.73,9.74,6.73,16.47
73.359,-350.26,366.62,9.74,6.62,16.36
73.364,-350.26,366.62,9.74,6.62,16.36
73.365,-350.26,366.62,9.74,6.62,16.36
73.391,-350.26,366.95,9.74,6.95,16.69
73.415,-350.26,366.95,9.74,6.95,16.69
73.419,-350.26,366.95,9.74,6.95,16.69
73.428,-350.26,366.79,9.74,6.79,16.53
73.465,-350.26,366.67,9.74,6.67,16.41
73.469,-350.26,366.67,9.74,6.67,16.41
73.470,-350.26,366.67,9.74,6.67,16.41
73.497,-350.26,366.89,9.74,6.89,16.63
73.516,-350.26,366.89,9.74,6.89,16.63
73.519,-350.26,366.89,9.74,6.89,16.63
73.531,-350.26,367.06,9.74,7.06,16.80
73.567,-350.26,367.06,9.74,7.06,16.80
73.570,-350.26,367.06,9.74,7.06,16.80
73.572,-350.26,367.05,9.74,7.05,16.80
73.601,-350.26,366.96,9.74,6.96,16.70
73.618,-350.26,366.96,9.74,6.96,16.70
73.620,-350.26,366.96,9.74,6.96,16.70
73.635,-350.26,366.88,9.74,6.88,16.62
73.667,-350.26,366.94,9.74,6.94,16.68
73.672,-350.26,366.94,9.74,6.94,16.68
73.676,-350.26,366.94,9.74,6.94,16.68
73.705,-350.26,366.93,9.74,6.93,16.67
73.721,-350.26,366.93,9.74,6.93,16.67
73.724,-350.26,366.93,9.74,6.93,16.67
73.741,-350.26,366.89,9.74,6.89,16.63
73.771,-350.26,366.89,9.74,6.89,16.63
73.773,-350.26,366.89,9.74,6.89,16.63
73.774,-350.26,366.74,9.74,6.74,16.48
73.808,-350.26,366.73,9.74,6.73,16.47
73.822,-350.26,366.73,9.74,6.73,16.47
73.826,-350.26,366.73,9.74,6.73,16.47
73.843,-350.26,366.71,9.74,6.71,16.45
73.872,-350.26,366.71,9.74,6.71,16.45
73.873,-350.26,366.71,9.74,6.71,16.45
73.876,-350.26,366.72,9.74,6.72,16.46
73.911,-350.26,366.73,9.74,6.73,16.47
73.922,-350.26,366.73,9.74,6.73,16.47
73.923,-350.26,366.73,9.74,6.73,16.47
73.945,-350.26,366.75,9.74,6.75,16.49
73.973,-350.26,366.75,9.74,6.75,16.49
73.976,-350.26,366.75,9.74,6.75,16.49
73.983,-350.26,366.73,9.74,6.73,16.47
74.016,-350.26,366.73,9.74,6.73,16.47
74.024,-350.26,366.73,9.74,6.73,16.47
74.029,-350.26,366.73,9.74,6.73,16.47
74.048,-350.26,366.76,9.74,6.76,16.50
74.075,-350.26,366.76,9.74,6.76,16.50
74.079,-350.26,366.76,9.74,6.76,16.50
74.084,-350.26,366.77,9.74,6.77,16.51
74.121,-350.26,366.82,9.74,6.82,16.57
74.125,-350.26,366.82,9.74,6.82,16.57
74.126,-350.26,366.82,9.74,6.82,16.57
74.152,-350.26,366.84,9.74,6.84,16.58
74.177,-350.26,366.84,9.74,6.84,16.58
74.181,-350.26,366.84,9.74,6.84,16.58
74.190,-350.26,366.74,9.74,6.74,16.49
74.222,-350.26,366.78,9.74,6.78,16.52
74.226,-350.26,366.78,9.74,6.78,16.52
74.228,-350.26,366.78,9.74,6.78,16.52
74.255,-350.26,366.80,9.74,6.80,16.54
74.277,-350.26,366.80,9.74,6.80,16.54
74.280,-350.26,366.80,9.74,6.80,16.54
74.292,-350.26,366.76,9.74,6.76,16.50
74.323,-350.26,366.74,9.74,6.74,16.48
74.328,-350.26,366.74,9.74,6.74,16.48
74.332,-350.26,366.74,9.74,6.74,16.48
74.359,-350.26,366.83,9.74,6.83,16.57
74.379,-350.26,366.83,9.74,6.83,16.57
74.380,-350.26,366.83,9.74,6.83,16.57
74.398,-350.26,366.86,9.74,6.86,16.61
74.430,-350.26,366.86,9.74,6.86,16.61
74.434,-350.26,366.86,9.74,6.86,16.61
74.438,-350.26,366.77,9.74,6.77,16.52
74.465,-350.26,366.73,9.74,6.73,16.47
74.480,-350.26,366.73,9.74,6.73,16.47
74.481,-350.26,366.73,9.74,6.73,16.47
74.496,-350.26,366.72,9.74,6.72,16.46
74.530,-350.26,366.72,9.74,6.72,16.46
74.534,-350.26,366.72,9.74,6.72,16.46
74.537,-350.26,366.72,9.74,6.72,16.46
74.568,-350.26,366.71,9.74,6.71,16.45
74.582,-350.26,366.71,9.74,6.71,16.45
74.587,-350.26,366.71,9.74,6.71,16.45
74.600,-350.26,366.85,9.74,6.85,16.59
74.632,-350.26,366.85,9.74,6.85,16.59
74.635,-350.26,366.85,9.74,6.85,16.59
74.636,-350.26,366.82,9.74,6.82,16.56
74.673,-350.26,366.80,9.74,6.80,16.54
74.682,-350.26,366.80,9.74,6.80,16.54
74.686,-350.26,366.80,9.74,6.80,16.54
74.705,-350.26,366.75,9.74,6.75,16.49
74.734,-350.26,366.75,9.74,6.75,16.49
74.739,-350.26,366.75,9.74,6.75,16.49
74.743,-350.26,366.77,9.74,6.77,16.51
74.772,-350.26,366.80,9.74,6.80,16.54
74.784,-350.26,366.80,9.74,6.80,16.54
74.788,-350.26,366.80,9.74,6.80,16.54
74.809,-350.26,366.76,9.74,6.76,16.50
74.834,-350.26,366.76,9.74,6.76,16.50
74.839,-350.26,366.76,9.74,6.76,16.50
74.846,-350.26,366.76,9.74,6.76,16.50
74.879,-350.26,366.74,9.74,6.74,16.48
74.885,-350.26,366.74,9.74,6.74,16.48
74.888,-350.26,366.74,9.74,6.74,16.48
74.916,-350.26,366.77,9.74,6.77,16.51
74.936,-350.26,366.77,9.74,6.77,16.51
74.938,-350.26,366.77,9.74,6.77,16.51
74.947,-350.26,366.76,9.74,6.76,16.50
74.979,-350.26,366.73,9.74,6.73,16.47
74.987,-350.26,366.73,9.74,6.73,16.47
74.989,-350.26,366.73,9.74,6.73,16.47
75.016,-350.26,366.81,9.74,6.81,16.55
75.039,-350.26,366.81,9.74,6.81,16.55
75.041,-350.26,366.81,9.74,6.81,16.55
75.047,-350.26,366.78,9.74,6.78,16.52
75.085,-350.26,366.79,9.74,6.79,16.53
75.088,-350.26,366.79,9.74,6.79,16.53
75.089,-350.26,366.79,9.74,6.79,16.53
75.121,-350.26,366.75,9.74,6.75,16.49
75.139,-350.26,366.75,9.74,6.75,16.49
75.141,-350.26,366.75,9.74,6.75,16.49
75.153,-350.26,366.77,9.74,6.77,16.51
75.187,-350.26,366.77,9.74,6.77,16.51
75.190,-350.26,366.77,9.74,6.77,16.51
75.192,-350.26,366.77,9.74,6.77,16.51
75.224,-350.26,366.79,9.74,6.79,16.53
75.239,-350.26,366.79,9.74,6.79,16.53
75.241,-350.26,366.79,9.74,6.79,16.53
75.255,-350.26,366.76,9.74,6.76,16.50
75.290,-350.26,366.76,9.74,6.76,16.50
75.292,-350.26,366.76,9.74,6.76,16.50
75.293,-350.26,366.75,9.74,6.75,16.49
75.323,-350.26,366.78,9.74,6.78,16.52
75.341,-350.26,366.78,9.74,6.78,16.52
75.343,-350.26,366.78,9.74,6.78,16.52
75.360,-350.26,366.76,9.74,6.76,16.50
75.391,-350.26,366.76,9.74,6.76,16.50
75.393,-350.26,366.76,9.74,6.76,16.50
75.395,-350.26,366.81,9.74,6.81,16.56
75.429,-350.26,366.84,9.74,6.84,16.58
75.443,-350.26,366.84,9.74,6.84,16.58
75.444,-350.26,366.84,9.74,6.84,16.58
75.463,-350.26,366.86,9.74,6.86,16.60
75.493,-350.26,366.86,9.74,6.86,16.60
75.494,-350.26,366.86,9.74,6.86,16.60
75.499,-350.26,366.83,9.74,6.83,16.57
75.531,-350.26,366.79,9.74,6.79,16.53
75.543,-350.26,366.79,9.74,6.79,16.53
75.547,-350.26,366.79,9.74,6.79,16.53
75.568,-350.26,366.75,9.74,6.75,16.49
75.594,-350.26,366.75,9.74,6.75,16.49
75.598,-350.26,366.75,9.74,6.75,16.49
75.600,-350.26,366.78,9.74,6.78,16.52
75.636,-350.26,366.77,9.74,6.77,16.51
75.645,-350.26,366.77,9.74,6.77,16.51
75.648,-350.26,366.77,9.74,6.77,16.51
75.672,-350.26,366.73,9.74,6.73,16.47
75.696,-350.26,366.73,9.74,6.73,16.47
75.699,-350.26,366.73,9.74,6.73,16.47
75.703,-350.26,366.72,9.74,6.72,16.46
75.740,-350.26,366.74,9.74,6.74,16.49
75.746,-350.26,366.74,9.74,6.74,16.49
75.749,-350.26,366.74,9.74,6.74,16.49
75.775,-350.26,366.78,9.74,6.78,16.52
75.797,-350.26,366.78,9.74,6.78,16.52
75.799,-350.26,366.78,9.74,6.78,16.52
75.807,-350.26,366.81,9.74,6.81,16.55
75.845,-350.26,366.84,9.74,6.84,16.58
75.848,-350.26,366.84,9.74,6.84,16.58
75.851,-350.26,366.84,9.74,6.84,16.58
75.879,-350.26,366.84,9.74,6.84,16.58
75.898,-350.26,366.84,9.74,6.84,16.58
75.899,-350.26,366.84,9.74,6.84,16.58
75.912,-350.26,366.86,9.74,6.86,16.60
75.947,-350.26,366.80,9.74,6.80,16.55
75.951,-350.26,366.80,9.74,6.80,16.55
75.955,-350.26,366.80,9.74,6.80,16.55
75.980,-350.26,366.80,9.74,6.80,16.54
76.001,-350.26,366.80,9.74,6.80,16.54
76.003,-350.26,366.80,9.74,6.80,16.54
76.016,-350.26,366.78,9.74,6.78,16.53
76.050,-350.26,366.73,9.74,6.73,16.48
76.054,-350.26,366.73,9.74,6.73,16.48
76.058,-350.26,366.73,9.74,6.73,16.48
76.084,-350.26,366.73,9.74,6.73,16.47
76.101,-350.26,366.73,9.74,6.73,16.47
76.104,-350.26,366.73,9.74,6.73,16.47
76.120,-350.26,366.74,9.74,6.74,16.48
76.153,-350.26,366.80,9.74,6.80,16.54
76.154,-350.26,366.80,9.74,6.80,16.54
76.155,-350.26,366.80,9.74,6.80,16.54
76.187,-350.26,366.85,9.74,6.85,16.59
76.204,-350.26,366.85,9.74,6.85,16.59
76.205,-350.26,366.85,9.74,6.85,16.59
76.225,-350.26,366.83,9.74,6.83,16.57
76.255,-350.26,366.83,9.74,6.83,16.57
76.256,-350.26,366.83,9.74,6.83,16.57
76.258,-350.26,366.80,9.74,6.80,16.55
76.291,-350.26,366.77,9.74,6.77,16.51
76.305,-350.26,366.77,9.74,6.77,16.51
76.307,-350.26,366.77,9.74,6.77,16.51
76.329,-350.26,366.78,9.74,6.78,16.52
76.356,-350.26,366.78,9.74,6.78,16.52
76.359,-350.26,366.78,9.74,6.78,16.52
76.361,-350.26,366.77,9.74,6.77,16.51
76.396,-350.26,366.73,9.74,6.73,16.47
76.407,-350.26,366.73,9.74,6.73,16.47
76.408,-350.26,366.73,9.74,6.73,16.47
76.429,-350.26,366.76,9.74,6.76,16.50
76.458,-350.26,366.76,9.74,6.76,16.50
76.461,-350.26,366.76,9.74,6.76,16.50
76.465,-350.26,366.76,9.74,6.76,16.50
76.499,-350.26,366.75,9.74,6.75,16.49
76.508,-350.26,366.75,9.74,6.75,16.49
76.512,-350.26,366.75,9.74,6.75,16.49
76.531,-350.26,366.78,9.74,6.78,16.52
76.559,-350.26,366.78,9.74,6.78,16.52
76.562,-350.26,366.78,9.74,6.78,16.52
76.569,-350.26,366.78,9.74,6.78,16.52
76.609,-350.26,366.78,9.74,6.78,16.52
76.612,-350.26,366.78,9.74,6.78,16.52
76.614,-350.26,366.78,9.74,6.78,16.52
76.637,-350.26,366.78,9.74,6.78,16.52
76.660,-350.26,366.78,9.74,6.78,16.52
76.664,-350.26,366.78,9.74,6.78,16.52
76.673,-350.26,366.76,9.74,6.76,16.50
76.705,-350.26,366.75,9.74,6.75,16.49
76.711,-350.26,366.75,9.74,6.75,16.49
76.715,-350.26,366.75,9.74,6.75,16.49
76.740,-350.26,366.74,9.74,6.74,16.48
76.763,-350.26,366.74,9.74,6.74,16.48
76.767,-350.26,366.74,9.74,6.74,16.48
76.777,-350.26,366.74,9.74,6.74,16.48
76.810,-350.26,366.76,9.74,6.76,16.50
76.814,-350.26,366.76,9.74,6.76,16.50
76.817,-350.26,366.76,9.74,6.76,16.50
76.846,-350.26,366.76,9.74,6.76,16.50
76.864,-350.26,366.76,9.74,6.76,16.50
76.867,-350.26,366.76,9.74,6.76,16.50
76.880,-350.26,366.76,9.74,6.76,16.50
76.912,-350.26,366.76,9.74,6.76,16.50
76.916,-350.26,366.76,9.74,6.76,16.50
76.918,-350.26,366.76,9.74,6.76,16.50
76.947,-350.26,366.78,9.74,6.78,16.52
76.966,-350.26,366.78,9.74,6.78,16.52
76.971,-350.26,366.78,9.74,6.78,16.52
76.979,-350.26,366.77,9.74,6.77,16.51
77.016,-350.26,366.77,9.74,6.77,16.51
77.021,-350.26,366.77,9.74,6.77,16.51
77.026,-350.26,366.76,9.74,6.76,16.50
77.054,-350.26,366.77,9.74,6.77,16.51
77.070,-350.26,366.77,9.74,6.77,16.51
77.075,-350.26,366.77,9.74,6.77,16.51
77.087,-350.26,366.77,9.74,6.77,16.51
77.117,-350.26,366.77,9.74,6.77,16.51
77.118,-350.26,366.77,9.74,6.77,16.51
77.120,-350.26,366.75,9.74,6.75,16.50
77.156,-350.26,366.76,9.74,6.76,16.50
77.168,-350.26,366.76,9.74,6.76,16.50
77.173,-350.26,366.76,9.74,6.76,16.50
77.188,-350.26,366.74,9.74,6.74,16.48
77.218,-350.26,366.74,9.74,6.74,16.48
77.220,-350.26,366.74,9.74,6.74,16.48
77.223,-350.26,366.76,9.74,6.76,16.50
77.256,-350.26,366.76,9.74,6.76,16.50
77.270,-350.26,366.76,9.74,6.76,16.50
77.274,-350.26,366.76,9.74,6.76,16.50
77.292,-350.26,366.76,9.74,6.76,16.50
77.321,-350.26,366.76,9.74,6.76,16.50
77.324,-350.26,366.76,9.74,6.76,16.50
77.329,-350.26,366.75,9.74,6.75,16.49
77.361,-350.26,366.77,9.74,6.77,16.51
77.371,-350.26,366.77,9.74,6.77,16.51
77.374,-350.26,366.77,9.74,6.77,16.51
77.396,-350.26,366.76,9.74,6.76,16.50
77.423,-350.26,366.76,9.74,6.76,16.50
77.427,-350.26,366.76,9.74,6.76,16.50
77.431,-350.26,366.75,9.74,6.75,16.49
77.463,-350.26,366.77,9.74,6.77,16.51
77.473,-350.26,366.77,9.74,6.77,16.51
77.480,-350.26,366.77,9.74,6.77,16.51
77.500,-350.26,366.75,9.74,6.75,16.49
77.523,-350.26,366.75,9.74,6.75,16.49
77.526,-350.26,366.75,9.74,6.75,16.49
77.532,-350.26,366.77,9.74,6.77,16.51
77.570,-350.26,366.75,9.74,6.75,16.49
77.573,-350.26,366.75,9.74,6.75,16.49
77.574,-350.26,366.75,9.74,6.75,16.49
77.603,-350.26,366.74,9.74,6.74,16.48
77.625,-350.26,366.74,9.74,6.74,16.48
77.628,-350.26,366.74,9.74,6.74,16.48
77.636,-350.26,366.77,9.74,6.77,16.51
77.671,-350.26,366.78,9.74,6.78,16.52
77.675,-350.26,366.78,9.74,6.78,16.52
77.677,-350.26,366.78,9.74,6.78,16.52
77.707,-350.26,366.76,9.74,6.76,16.50
77.726,-350.26,366.76,9.74,6.76,16.50
77.730,-350.26,366.76,9.74,6.76,16.50
77.740,-350.26,366.77,9.74,6.77,16.51
77.777,-350.26,366.74,9.74,6.74,16.48
77.781,-350.26,366.74,9.74,6.74,16.48
77.783,-350.26,366.74,9.74,6.74,16.48
77.810,-350.26,366.76,9.74,6.76,16.50
77.828,-350.26,366.76,9.74,6.76,16.50
77.832,-350.26,366.76,9.74,6.76,16.50
77.844,-350.26,366.76,9.74,6.76,16.50
77.879,-350.26,366.76,9.74,6.76,16.50
77.882,-350.26,366.76,9.74,6.76,16.50
77.885,-350.26,366.76,9.74,6.76,16.51
77.911,-350.26,366.73,9.74,6.73,16.47
77.929,-350.26,366.73,9.74,6.73,16.47
77.933,-350.26,366.73,9.74,6.73,16.47
77.948,-350.26,366.80,9.74,6.80,16.54
77.980,-350.26,366.80,9.74,6.80,16.54
77.984,-350.26,366.77,9.74,6.77,16.51
77.987,-350.26,366.77,9.74,6.77,16.51
78.016,-350.26,366.75,9.74,6.75,16.49
78.031,-350.26,366.75,9.74,6.75,16.49
78.035,-350.26,366.75,9.74,6.75,16.49
78.051,-350.26,366.76,9.74,6.76,16.50
78.081,-350.26,366.76,9.74,6.76,16.50
78.085,-350.26,366.76,9.74,6.76,16.50
78.088,-350.26,366.77,9.74,6.77,16.51
78.119,-350.26,366.78,9.74,6.78,16.52
78.132,-350.26,366.78,9.74,6.78,16.52
78.133,-350.26,366.78,9.74,6.78,16.52
78.155,-350.26,366.77,9.74,6.77,16.51
78.183,-350.26,366.77,9.74,6.77,16.51
78.186,-350.26,366.77,9.74,6.77,16.51
78.190,-350.26,366.76,9.74,6.76,16.50
78.225,-350.26,366.75,9.74,6.75,16.49
78.233,-350.26,366.75,9.74,6.75,16.49
78.234,-350.26,366.75,9.74,6.75,16.49
78.261,-350.26,366.77,9.74,6.77,16.51
78.284,-350.26,366.77,9.74,6.77,16.51
78.287,-350.26,366.77,9.74,6.77,16.51
78.293,-350.26,366.77,9.74,6.77,16.52
78.327,-350.26,366.78,9.74,6.78,16.52
78.334,-350.26,366.78,9.74,6.78,16.52
78.338,-350.26,366.78,9.74,6.78,16.52
78.360,-350.26,366.77,9.74,6.77,16.51
78.385,-350.26,366.77,9.74,6.77,16.51
78.389,-350.26,366.77,9.74,6.77,16.51
78.395,-350.26,366.77,9.74,6.77,16.51
78.432,-350.26,366.77,9.74,6.77,16.51
78.436,-350.26,366.77,9.74,6.77,16.51
78.438,-350.26,366.77,9.74,6.77,16.51
78.464,-350.26,366.76,9.74,6.76,16.50
78.486,-350.26,366.76,9.74,6.76,16.50
78.490,-350.26,366.76,9.74,6.76,16.50
78.498,-350.26,366.76,9.74,6.76,16.50
78.536,-350.26,366.78,9.74,6.78,16.52
78.539,-350.26,366.78,9.74,6.78,16.52
78.543,-350.26,366.78,9.74,6.78,16.52
78.567,-350.26,366.79,9.74,6.79,16.53
78.588,-350.26,366.79,9.74,6.79,16.53
78.591,-350.26,366.79,9.74,6.79,16.53
78.603,-350.26,366.79,9.74,6.79,16.54
78.635,-350.26,366.79,9.74,6.79,16.53
78.639,-350.26,366.79,9.74,6.79,16.53
78.642,-350.26,366.79,9.74,6.79,16.53
78.672,-350.26,366.78,9.74,6.78,16.52
78.689,-350.26,366.78,9.74,6.78,16.52
78.693,-350.26,366.78,9.74,6.78,16.52
78.709,-350.26,366.81,9.74,6.81,16.55
78.739,-350.26,366.81,9.74,6.81,16.55
78.742,-350.26,366.79,9.74,6.79,16.53
78.743,-350.26,366.79,9.74,6.79,16.53
78.776,-350.26,366.84,9.74,6.84,16.58
78.790,-350.26,366.84,9.74,6.84,16.58
78.795,-350.26,366.84,9.74,6.84,16.58
78.812,-350.26,366.81,9.74,6.81,16.55
78.841,-350.26,366.81,9.74,6.81,16.55
78.844,-350.26,366.81,9.74,6.81,16.55
78.848,-350.26,366.81,9.74,6.81,16.55
78.879,-350.26,366.83,9.74,6.83,16.57
78.891,-350.26,366.83,9.74,6.83,16.57
78.895,-350.26,366.83,9.74,6.83,16.57
78.911,-350.26,366.82,9.74,6.82,16.56
78.942,-350.26,366.82,9.74,6.82,16.56
78.944,-350.26,366.82,9.74,6.82,16.56
78.946,-350.26,366.79,9.74,6.79,16.53
78.984,-350.26,366.80,9.74,6.80,16.55
78.993,-350.26,366.80,9.74,6.80,16.55
78.995,-350.26,366.80,9.74,6.80,16.55
79.015,-350.26,366.82,9.74,6.82,16.56
79.043,-350.26,366.82,9.74,6.82,16.56
79.046,-350.26,366.82,9.74,6.82,16.56
79.051,-350.26,366.81,9.74,6.81,16.55
79.087,-350.26,366.84,9.74,6.84,16.58
79.094,-350.26,366.84,9.74,6.84,16.58
79.097,-350.26,366.84,9.74,6.84,16.58
79.119,-350.26,366.83,9.74,6.83,16.57
79.145,-350.26,366.83,9.74,6.83,16.57
79.149,-350.26,366.83,9.74,6.83,16.57
79.157,-350.26,366.80,9.74,6.80,16.54
79.187,-350.26,366.79,9.74,6.79,16.53
79.195,-350.26,366.79,9.74,6.79,16.53
79.197,-350.26,366.79,9.74,6.79,16.53
79.223,-350.26,366.79,9.74,6.79,16.53
79.246,-350.26,366.79,9.74,6.79,16.53
79.249,-350.26,366.79,9.74,6.79,16.53
79.261,-350.26,366.81,9.74,6.81,16.55
79.293,-350.26,366.81,9.74,6.81,16.55
79.296,-350.26,366.81,9.74,6.81,16.55
79.297,-350.26,366.81,9.74,6.81,16.55
79.331,-350.26,366.79,9.74,6.79,16.53
79.347,-350.26,366.79,9.74,6.79,16.53
79.351,-350.26,366.79,9.74,6.79,16.53
79.363,-350.26,366.83,9.74,6.83,16.57
79.396,-350.26,366.82,9.74,6.82,16.56
79.399,-350.26,366.82,9.74,6.82,16.56
79.402,-350.26,366.82,9.74,6.82,16.56
79.431,-350.26,366.82,9.74,6.82,16.56
79.449,-350.26,366.82,9.74,6.82,16.56
79.453,-350.26,366.82,9.74,6.82,16.56
79.464,-350.26,366.83,9.74,6.83,16.57
79.499,-350.26,366.81,9.74,6.81,16.55
79.502,-350.26,366.81,9.74,6.81,16.55
79.505,-350.26,366.81,9.74,6.81,16.55
79.535,-350.26,366.83,9.74,6.83,16.57
79.549,-350.26,366.83,9.74,6.83,16.57
79.554,-350.26,366.83,9.74,6.83,16.57
79.567,-350.26,366.80,9.74,6.80,16.54
79.601,-350.26,366.80,9.74,6.80,16.54
79.604,-350.26,366.80,9.74,6.80,16.54
79.607,-350.26,366.82,9.74,6.82,16.56
79.641,-350.26,366.82,9.74,6.82,16.56
79.652,-350.26,366.82,9.74,6.82,16.56
79.656,-350.26,366.82,9.74,6.82,16.56
79.673,-350.26,366.79,9.74,6.79,16.53
79.702,-350.26,366.79,9.74,6.79,16.53
79.706,-350.26,366.79,9.74,6.79,16.53
79.708,-350.26,366.82,9.74,6.82,16.56
79.740,-350.26,366.82,9.74,6.82,16.56
79.754,-350.26,366.82,9.74,6.82,16.56
79.758,-350.26,366.82,9.74,6.82,16.56
79.775,-350.26,366.81,9.74,6.81,16.55
79.805,-350.26,366.81,9.74,6.81,16.55
79.808,-350.26,366.81,9.74,6.81,16.55
79.812,-350.26,366.80,9.74,6.80,16.54
79.843,-350.26,366.81,9.74,6.81,16.55
79.855,-350.26,366.81,9.74,6.81,16.55
79.860,-350.26,366.81,9.74,6.81,16.55
79.881,-350.26,366.81,9.74,6.81,16.55
79.906,-350.26,366.81,9.74,6.81,16.55
79.909,-350.26,366.81,9.74,6.81,16.55
79.914,-350.26,366.82,9.74,6.82,16.56
79.949,-350.26,366.80,9.74,6.80,16.54
79.956,-350.26,366.80,9.74,6.80,16.54
79.960,-350.26,366.80,9.74,6.80,16.54
79.983,-350.26,366.83,9.74,6.83,16.57
80.007,-350.26,366.83,9.74,6.83,16.57
80.009,-350.26,366.83,9.74,6.83,16.57
80.015,-350.26,366.80,9.74,6.80,16.54
80.052,-350.26,366.82,9.74,6.82,16.56
80.058,-350.26,366.82,9.74,6.82,16.56
80.061,-350.26,366.82,9.74,6.82,16.56
80.089,-350.26,366.81,9.74,6.81,16.55
80.109,-350.26,366.81,9.74,6.81,16.55
80.113,-350.26,366.81,9.74,6.81,16.55
80.119,-350.26,366.82,9.74,6.82,16.56
80.157,-350.26,366.81,9.74,6.81,16.56
80.161,-350.26,366.81,9.74,6.81,16.56
80.165,-350.26,366.81,9.74,6.81,16.56
80.192,-350.26,366.81,9.74,6.81,16.55
80.210,-350.26,366.81,9.74,6.81,16.55
80.214,-350.26,366.81,9.74,6.81,16.55
80.224,-350.26,366.82,9.74,6.82,16.56
80.259,-350.26,366.81,9.74,6.81,16.55
80.263,-350.26,366.81,9.74,6.81,16.55
80.266,-350.26,366.81,9.74,6.81,16.55
80.291,-350.26,366.83,9.74,6.83,16.57
80.312,-350.26,366.83,9.74,6.83,16.57
80.315,-350.26,366.83,9.74,6.83,16.57
80.328,-350.26,366.80,9.74,6.80,16.54
80.362,-350.26,366.80,9.74,6.80,16.54
80.365,-350.26,366.80,9.74,6.80,16.54
80.369,-350.26,366.81,9.74,6.81,16.55
80.396,-350.26,366.79,9.74,6.79,16.53
80.413,-350.26,366.79,9.74,6.79,16.53
80.416,-350.26,366.79,9.74,6.79,16.53
80.432,-350.26,366.81,9.74,6.81,16.55
80.463,-350.26,366.81,9.74,6.81,16.55
80.467,-350.26,366.81,9.74,6.81,16.55
80.470,-350.26,366.81,9.74,6.81,16.55
80.499,-350.26,366.82,9.74,6.82,16.56
80.514,-350.26,366.82,9.74,6.82,16.56
80.516,-350.26,366.82,9.74,6.82,16.56
80.535,-350.26,366.80,9.74,6.80,16.55
80.564,-350.26,366.80,9.74,6.80,16.55
80.568,-350.26,366.80,9.74,6.80,16.55
80.570,-350.26,366.81,9.74,6.81,16.55
80.606,-350.26,366.81,9.74,6.81,16.55
80.616,-350.26,366.81,9.74,6.81,16.55
80.619,-350.26,366.81,9.74,6.81,16.55
80.640,-350.26,366.80,9.74,6.80,16.54
80.667,-350.26,366.80,9.74,6.80,16.54
80.670,-350.26,366.80,9.74,6.80,16.54
80.674,-350.26,366.82,9.74,6.82,16.56
80.710,-350.26,366.82,9.74,6.82,16.56
80.718,-350.26,366.82,9.74,6.82,16.56
80.721,-350.26,366.82,9.74,6.82,16.56
80.743,-350.26,366.83,9.74,6.83,16.57
80.769,-350.26,366.83,9.74,6.83,16.57
80.771,-350.26,366.83,9.74,6.83,16.57
80.775,-350.26,366.83,9.74,6.83,16.57
80.812,-350.26,366.80,9.74,6.80,16.54
80.819,-350.26,366.80,9.74,6.80,16.54
80.821,-350.26,366.80,9.74,6.80,16.54
80.848,-350.26,366.81,9.74,6.81,16.55
80.869,-350.26,366.81,9.74,6.81,16.55
80.873,-350.26,366.81,9.74,6.81,16.55
80.880,-350.26,366.82,9.74,6.82,16.56
80.916,-350.26,366.80,9.74,6.80,16.54
80.920,-350.26,366.80,9.74,6.80,16.54
80.923,-350.26,366.80,9.74,6.80,16.54
80.947,-350.26,366.82,9.74,6.82,16.56
80.971,-350.26,366.82,9.74,6.82,16.56
80.975,-350.26,366.82,9.74,6.82,16.56
80.984,-350.26,366.81,9.74,6.81,16.55
81.021,-350.26,366.80,9.74,6.80,16.54
81.024,-350.26,366.80,9.74,6.80,16.54
81.028,-350.26,366.80,9.74,6.80,16.54
81.052,-350.26,366.82,9.74,6.82,16.56
81.073,-350.26,366.82,9.74,6.82,16.56
81.076,-350.26,366.82,9.74,6.82,16.56
81.090,-350.26,366.80,9.74,6.80,16.54
81.121,-350.26,366.78,9.74,6.78,16.52
81.124,-350.26,366.78,9.74,6.78,16.52
81.125,-350.26,366.78,9.74,6.78,16.52
81.156,-350.26,366.80,9.74,6.80,16.54
81.174,-350.26,366.80,9.74,6.80,16.54
81.177,-350.26,366.80,9.74,6.80,16.54
81.191,-350.26,366.84,9.74,6.84,16.58
81.224,-350.26,366.84,9.74,6.84,16.58
81.227,-350.26,366.81,9.74,6.81,16.55
81.230,-350.26,366.81,9.74,6.81,16.55
81.259,-350.26,366.81,9.74,6.81,16.56
81.275,-350.26,366.81,9.74,6.81,16.56
81.280,-350.26,366.81,9.74,6.81,16.56
81.296,-350.26,366.81,9.74,6.81,16.55
81.326,-350.26,366.81,9.74,6.81,16.55
81.330,-350.26,366.81,9.74,6.81,16.55
81.334,-350.26,366.81,9.74,6.81,16.55
81.364,-350.26,366.82,9.74,6.82,16.56
81.376,-350.26,366.82,9.74,6.82,16.56
81.380,-350.26,366.82,9.74,6.82,16.56
81.397,-350.26,366.82,9.74,6.82,16.56
81.427,-350.26,366.82,9.74,6.82,16.56
81.430,-350.26,366.82,9.74,6.82,16.56
81.434,-350.26,366.81,9.74,6.81,16.55
81.467,-350.26,366.82,9.74,6.82,16.56
81.478,-350.26,366.82,9.74,6.82,16.56
81.482,-350.26,366.82,9.74,6.82,16.56
81.500,-350.26,366.80,9.74,6.80,16.54
81.528,-350.26,366.80,9.74,6.80,16.54
81.532,-350.26,366.80,9.74,6.80,16.54
81.536,-350.26,366.81,9.74,6.81,16.55
81.573,-350.26,366.82,9.74,6.82,16.56
81.579,-350.26,366.82,9.74,6.82,16.56
81.582,-350.26,366.82,9.74,6.82,16.56
81.603,-350.26,366.82,9.74,6.82,16.57
81.630,-350.26,366.82,9.74,6.82,16.57
81.633,-350.26,366.82,9.74,6.82,16.57
81.640,-350.26,366.82,9.74,6.82,16.56
81.670,-350.26,366.80,9.74,6.80,16.54
81.681,-350.26,366.80,9.74,6.80,16.54
81.685,-350.26,366.80,9.74,6.80,16.54
81.707,-350.26,366.81,9.74,6.81,16.55
81.731,-350.26,366.81,9.74,6.81,16.55
81.735,-350.26,366.81,9.74,6.81,16.55
81.743,-350.26,366.81,9.74,6.81,16.55
81.775,-350.26,366.80,9.74,6.80,16.54
81.782,-350.26,366.80,9.74,6.80,16.54
81.783,-350.26,366.80,9.74,6.80,16.54
81.812,-350.26,366.81,9.74,6.81,16.56
81.833,-350.26,366.81,9.74,6.81,16.56
81.836,-350.26,366.81,9.74,6.81,16.56
81.850,-350.26,366.81,9.74,6.81,16.55
81.881,-350.26,366.82,9.74,6.82,16.56
81.884,-350.26,366.82,9.74,6.82,16.56
81.887,-350.26,366.82,9.74,6.82,16.56
81.916,-350.26,366.83,9.74,6.83,16.58
81.934,-350.26,366.83,9.74,6.83,16.58
81.936,-350.26,366.83,9.74,6.83,16.58
81.948,-350.26,366.81,9.74,6.81,16.55
81.983,-350.26,366.80,9.74,6.80,16.54
81.986,-350.26,366.80,9.74,6.80,16.54
81.987,-350.26,366.80,9.74,6.80,16.54
82.021,-350.26,366.81,9.74,6.81,16.55
82.036,-350.26,366.81,9.74,6.81,16.55
82.040,-350.26,366.81,9.74,6.81,16.55
82.052,-350.26,366.81,9.74,6.81,16.55
82.087,-350.26,366.81,9.74,6.81,16.55
82.088,-350.26,366.81,9.74,6.81,16.55
82.090,-350.26,366.80,9.74,6.80,16.54
82.125,-350.26,366.81,9.74,6.81,16.55
82.137,-350.26,366.81,9.74,6.81,16.55
82.141,-350.26,366.81,9.74,6.81,16.55
82.156,-350.26,366.81,9.74,6.81,16.56
82.188,-350.26,366.81,9.74,6.81,16.56
82.191,-350.26,366.81,9.74,6.81,16.56
82.193,-350.26,366.83,9.74,6.83,16.58
82.224,-350.26,366.82,9.74,6.82,16.56
82.239,-350.26,366.82,9.74,6.82,16.56
82.242,-350.26,366.82,9.74,6.82,16.56
82.260,-350.26,366.83,9.74,6.83,16.57
82.290,-350.26,366.83,9.74,6.83,16.57
82.293,-350.26,366.83,9.74,6.83,16.57
82.297,-350.26,366.81,9.74,6.81,16.55
82.328,-350.26,366.80,9.74,6.80,16.54
82.340,-350.26,366.80,9.74,6.80,16.54
82.344,-350.26,366.80,9.74,6.80,16.54
82.363,-350.26,366.81,9.74,6.81,16.56
82.390,-350.26,366.81,9.74,6.81,16.56
82.394,-350.26,366.81,9.74,6.81,16.56
82.405,-350.26,366.81,9.74,6.81,16.56
82.433,-350.26,366.81,9.74,6.81,16.55
82.441,-350.26,366.81,9.74,6.81,16.55
82.442,-350.26,366.81,9.74,6.81,16.55
82.469,-350.26,366.80,9.74,6.80,16.55
82.492,-350.26,366.80,9.74,6.80,16.55
82.495,-350.26,366.80,9.74,6.80,16.55
82.500,-350.26,366.80,9.74,6.80,16.54
82.535,-350.26,366.82,9.74,6.82,16.56
82.543,-350.26,366.82,9.74,6.82,16.56
82.547,-350.26,366.82,9.74,6.82,16.56
82.572,-350.26,366.79,9.74,6.79,16.54
82.593,-350.26,366.79,9.74,6.79,16.54
82.596,-350.26,366.79,9.74,6.79,16.54
82.605,-350.26,366.80,9.74,6.80,16.54
82.642,-350.26,366.80,9.74,6.80,16.54
82.645,-350.26,366.80,9.74,6.80,16.54
82.648,-350.26,366.80,9.74,6.80,16.54
82.677,-350.26,366.82,9.74,6.82,16.56
82.695,-350.26,366.82,9.74,6.82,16.56
82.698,-350.26,366.82,9.74,6.82,16.56
82.708,-350.26,366.81,9.74,6.81,16.55
82.742,-350.26,366.80,9.74,6.80,16.54
82.746,-350.26,366.80,9.74,6.80,16.54
82.748,-350.26,366.80,9.74,6.80,16.54
82.776,-350.26,366.82,9.74,6.82,16.56
82.796,-350.26,366.82,9.74,6.82,16.56
82.799,-350.26,366.82,9.74,6.82,16.56
82.812,-350.26,366.82,9.74,6.82,16.56
82.847,-350.26,366.82,9.74,6.82,16.56
82.849,-350.26,366.82,9.74,6.82,16.56
82.852,-350.26,366.81,9.74,6.81,16.55
82.883,-350.26,366.80,9.74,6.80,16.54
82.898,-350.26,366.80,9.74,6.80,16.54
82.901,-350.26,366.80,9.74,6.80,16.54
82.920,-350.26,366.81,9.74,6.81,16.55
82.949,-350.26,366.81,9.74,6.81,16.55
82.952,-350.26,366.81,9.74,6.81,16.55
82.958,-350.26,366.80,9.74,6.80,16.54
82.986,-350.26,366.78,9.74,6.78,16.52
82.999,-350.26,366.78,9.74,6.78,16.52
83.003,-350.26,366.78,9.74,6.78,16.52
83.025,-350.26,366.81,9.74,6.81,16.55
83.051,-350.26,366.81,9.74,6.81,16.55
83.053,-350.26,366.81,9.74,6.81,16.55
83.054,-350.26,366.82,9.74,6.82,16.56
83.089,-350.26,366.82,9.74,6.82,16.56
83.102,-350.26,366.82,9.74,6.82,16.56
83.106,-350.26,366.82,9.74,6.82,16.56
83.129,-350.26,366.81,9.74,6.81,16.55
83.152,-350.26,366.81,9.74,6.81,16.55
83.156,-350.26,366.81,9.74,6.81,16.55
83.158,-350.26,366.81,9.74,6.81,16.55
83.193,-350.26,366.80,9.74,6.80,16.54
83.203,-350.26,366.80,9.74,6.80,16.54
83.207,-350.26,366.80,9.74,6.80,16.54
83.231,-350.26,366.81,9.74,6.81,16.55
83.254,-350.26,366.81,9.74,6.81,16.55
83.257,-350.26,366.81,9.74,6.81,16.55
83.260,-350.26,366.83,9.74,6.83,16.57
83.295,-350.26,366.84,9.74,6.84,16.58
83.307,-350.26,366.84,9.74,6.84,16.58
83.311,-350.26,366.84,9.74,6.84,16.58
83.332,-350.26,366.80,9.74,6.80,16.54
83.357,-350.26,366.80,9.74,6.80,16.54
83.359,-350.26,366.80,9.74,6.80,16.54
83.365,-350.26,366.81,9.74,6.81,16.55
83.399,-350.26,366.82,9.74,6.82,16.56
83.407,-350.26,366.82,9.74,6.82,16.56
83.410,-350.26,366.82,9.74,6.82,16.56
83.432,-350.26,366.80,9.74,6.80,16.54
83.458,-350.26,366.80,9.74,6.80,16.54
83.461,-350.26,366.80,9.74,6.80,16.54
83.467,-350.26,366.82,9.74,6.82,16.56
83.503,-350.26,366.83,9.74,6.83,16.57
83.509,-350.26,366.83,9.74,6.83,16.57
83.510,-350.26,366.83,9.74,6.83,16.57
83.544,-350.26,366.81,9.74,6.81,16.55
83.561,-350.26,366.81,9.74,6.81,16.55
83.562,-350.26,366.81,9.74,6.81,16.55
83.586,-350.26,366.81,9.74,6.81,16.55
83.610,-350.26,366.79,9.74,6.79,16.53
83.614,-350.26,366.79,9.74,6.79,16.53
83.618,-350.26,366.79,9.74,6.79,16.53
83.653,-350.26,366.79,9.74,6.79,16.53
83.661,-350.26,366.79,9.74,6.79,16.53
83.665,-350.26,366.79,9.74,6.79,16.53
83.688,-350.26,366.81,9.74,6.81,16.55
83.712,-350.26,366.83,9.74,6.83,16.57
83.716,-350.26,366.83,9.74,6.83,16.57
83.718,-350.26,366.83,9.74,6.83,16.57
83.753,-350.26,366.81,9.74,6.81,16.56
83.763,-350.26,366.81,9.74,6.81,16.56
83.767,-350.26,366.81,9.74,6.81,16.56
83.786,-350.26,366.84,9.74,6.84,16.58
83.813,-350.26,366.82,9.74,6.82,16.56
83.817,-350.26,366.82,9.74,6.82,16.56
83.820,-350.26,366.82,9.74,6.82,16.56
83.849,-350.26,366.81,9.74,6.81,16.56
83.864,-350.26,366.81,9.74,6.81,16.56
83.868,-350.26,366.81,9.74,6.81,16.56
83.882,-350.26,366.81,9.74,6.81,16.55
83.915,-350.26,366.81,9.74,6.81,16.55
83.918,-350.26,366.81,9.74,6.81,16.55
83.920,-350.26,366.80,9.74,6.80,16.55
83.952,-350.26,366.81,9.74,6.81,16.55
83.965,-350.26,366.81,9.74,6.81,16.55
83.969,-350.26,366.81,9.74,6.81,16.55
83.984,-350.26,366.81,9.74,6.81,16.55
84.015,-350.26,366.81,9.74,6.81,16.55
84.017,-350.26,366.81,9.74,6.81,16.55
84.020,-350.26,366.81,9.74,6.81,16.55
84.056,-350.26,366.80,9.74,6.80,16.54
84.066,-350.26,366.80,9.74,6.80,16.54
84.069,-350.26,366.80,9.74,6.80,16.54
84.089,-350.26,366.79,9.74,6.79,16.53
84.117,-350.26,366.79,9.74,6.79,16.53
84.121,-350.26,366.79,9.74,6.79,16.53
84.127,-350.26,366.81,9.74,6.81,16.55
84.158,-350.26,366.82,9.74,6.82,16.56
84.167,-350.26,366.82,9.74,6.82,16.56
84.170,-350.26,366.82,9.74,6.82,16.56
84.195,-350.26,366.81,9.74,6.81,16.55
84.219,-350.26,366.81,9.74,6.81,16.55
84.222,-350.26,366.81,9.74,6.81,16.55
84.229,-350.26,366.80,9.74,6.80,16.54
84.265,-350.26,366.82,9.74,6.82,16.56
84.270,-350.26,366.82,9.74,6.82,16.56
84.273,-350.26,366.82,9.74,6.82,16.56
84.295,-350.26,366.81,9.74,6.81,16.55
84.322,-350.26,366.81,9.74,6.81,16.55
84.325,-350.26,366.81,9.74,6.81,16.55
84.333,-350.26,366.80,9.74,6.80,16.54
84.365,-350.26,366.79,9.74,6.79,16.53
84.372,-350.26,366.79,9.74,6.79,16.53
84.374,-350.26,366.79,9.74,6.79,16.53
84.401,-350.26,366.80,9.74,6.80,16.54
84.423,-350.26,366.80,9.74,6.80,16.54
84.426,-350.26,366.80,9.74,6.80,16.54
84.432,-350.26,366.81,9.74,6.81,16.55
84.468,-350.26,366.80,9.74,6.80,16.54
84.474,-350.26,366.80,9.74,6.80,16.54
84.476,-350.26,366.80,9.74,6.80,16.54
84.504,-350.26,366.80,9.74,6.80,16.55
84.525,-350.26,366.80,9.74,6.80,16.55
84.528,-350.26,366.80,9.74,6.80,16.55
84.536,-350.26,366.80,9.74,6.80,16.54
84.574,-350.26,366.80,9.74,6.80,16.54
84.577,-350.26,366.80,9.74,6.80,16.54
84.579,-350.26,366.80,9.74,6.80,16.54
84.611,-350.26,366.81,9.74,6.81,16.55
84.627,-350.26,366.81,9.74,6.81,16.55
84.631,-350.26,366.81,9.74,6.81,16.55
84.642,-350.26,366.80,9.74,6.80,16.54
84.677,-350.26,366.80,9.74,6.80,16.54
84.680,-350.26,366.80,9.74,6.80,16.54
84.683,-350.26,366.81,9.74,6.81,16.55
84.709,-350.26,366.82,9.74,6.82,16.56
84.729,-350.26,366.82,9.74,6.82,16.56
84.731,-350.26,366.82,9.74,6.82,16.56
84.744,-350.26,366.81,9.74,6.81,16.55
84.780,-350.26,366.81,9.74,6.81,16.55
84.783,-350.26,366.81,9.74,6.81,16.55
84.786,-350.26,366.81,9.74,6.81,16.55
84.813,-350.26,366.77,9.74,6.77,16.51
84.830,-350.26,366.77,9.74,6.77,16.51
84.833,-350.26,366.77,9.74,6.77,16.51
84.849,-350.26,366.80,9.74,6.80,16.54
84.882,-350.26,366.80,9.74,6.80,16.54
84.884,-350.26,366.80,9.74,6.80,16.54
84.885,-350.26,366.81,9.74,6.81,16.55
84.916,-350.26,366.79,9.74,6.79,16.53
84.933,-350.26,366.79,9.74,6.79,16.53
84.935,-350.26,366.79,9.74,6.79,16.53
84.951,-350.26,366.79,9.74,6.79,16.53
84.983,-350.26,366.81,9.74,6.81,16.55
84.984,-350.26,366.81,9.74,6.81,16.55
84.987,-350.26,366.81,9.74,6.81,16.55
85.022,-350.26,366.79,9.74,6.79,16.53
85.033,-350.26,366.79,9.74,6.79,16.53
85.036,-350.26,366.79,9.74,6.79,16.53
85.058,-350.26,366.83,9.74,6.83,16.58
85.085,-350.26,366.83,9.74,6.83,16.58
85.088,-350.26,366.83,9.74,6.83,16.58
85.092,-350.26,366.82,9.74,6.82,16.56
85.127,-350.26,366.83,9.74,6.83,16.57
85.135,-350.26,366.83,9.74,6.83,16.57
85.139,-350.26,366.83,9.74,6.83,16.57
85.160,-350.26,366.83,9.74,6.83,16.57
85.186,-350.26,366.83,9.74,6.83,16.57
85.190,-350.26,366.83,9.74,6.83,16.57
85.193,-350.26,366.82,9.74,6.82,16.56
85.229,-350.26,366.82,9.74,6.82,16.56
85.237,-350.26,366.82,9.74,6.82,16.56
85.242,-350.26,366.82,9.74,6.82,16.56
85.261,-350.26,366.83,9.74,6.83,16.57
85.288,-350.26,366.83,9.74,6.83,16.57
85.292,-350.26,366.83,9.74,6.83,16.57
85.297,-350.26,366.80,9.74,6.80,16.54
85.332,-350.26,366.82,9.74,6.82,16.56
85.339,-350.26,366.82,9.74,6.82,16.56
85.343,-350.26,366.82,9.74,6.82,16.56
85.364,-350.26,366.83,9.74,6.83,16.57
85.390,-350.26,366.83,9.74,6.83,16.57
85.393,-350.26,366.83,9.74,6.83,16.57
85.399,-350.26,366.81,9.74,6.81,16.55
85.439,-350.26,366.83,9.74,6.83,16.57
85.443,-350.26,366.83,9.74,6.83,16.57
85.444,-350.26,366.83,9.74,6.83,16.57
85.469,-350.26,366.82,9.74,6.82,16.56
85.491,-350.26,366.82,9.74,6.82,16.56
85.495,-350.26,366.82,9.74,6.82,16.56
85.505,-350.26,366.83,9.74,6.83,16.57
