timestamp,angle_calculated
0.0,2.7912776470184326
0.01326212,2.8165035247802734
0.014242746,2.813831329345703
0.014976811,2.7872698307037354
0.015624531,2.7970187664031982
0.016258527,2.806870937347412
0.016857381,2.8054721355438232
0.017400813,2.8114686012268066
0.017935251,2.8126657009124756
0.018454186,2.8060343265533447
0.018954806,2.8142049312591553
0.03839594,2.7927329540252686
0.074029129,2.788311719894409
0.109646338,2.787200689315796
0.145287284,2.794260025024414
0.178426242,2.7877891063690186
0.208308087,2.7973721027374268
0.248313029,2.803227663040161
0.285894699,2.7965333461761475
0.315938696,2.7945287227630615
0.350327885,2.78649640083313
0.389055628,2.7950878143310547
0.418074355,2.7795302867889404
0.45778277,2.813009023666382
0.493410408,2.8033370971679688
0.524917339,2.790958881378174
0.554308857,2.7935776710510254
0.592395765,2.8037590980529785
0.625891937,2.8043129444122314
0.66023122,2.798187255859375
0.700287189,2.8039605617523193
0.734109155,2.8181817531585693
0.761763017,2.809290885925293
0.80140846,2.8067357540130615
0.826388595,2.8132970333099365
0.865124115,2.8141138553619385
0.906644209,2.790759801864624
0.934192593,2.8135557174682617
0.971288857,2.791508436203003
1.012516288,2.7862725257873535
1.036603177,2.8017284870147705
1.076572924,2.7935550212860107
1.107532698,2.8131327629089355
1.141891583,2.7934930324554443
1.184259945,2.7911345958709717
1.210158445,2.813483953475952
1.252715575,2.7966718673706055
1.284378001,2.7943341732025146
1.312203464,2.77943754196167
1.352600607,2.7947988510131836
1.380232083,2.7863006591796875
1.417143911,2.792738199234009
1.449988035,2.8053319454193115
1.482494745,2.799527645111084
1.518182239,2.8058760166168213
1.564394778,2.785875082015991
1.588138616,2.7975826263427734
1.63438161,2.7930843830108643
1.656456015,2.8043718338012695
1.701959909,2.796140193939209
1.728220979,2.797182321548462
1.760273258,2.7820866107940674
1.798050825,2.809356689453125
1.832803812,2.802304983139038
1.870048546,2.799616813659668
1.907936227,2.8084716796875
1.933287085,2.7916862964630127
1.967963104,2.774616241455078
2.008942479,2.7860236167907715
2.035173293,2.7817647457122803
2.075134193,2.792250633239746
2.116336869,2.784729480743408
2.145768523,2.7911338806152344
2.178489619,2.788618803024292
2.212441377,2.7947540283203125
2.253532258,2.79826021194458
2.280294101,2.795408248901367
2.313114097,2.7855312824249268
2.350044809,2.794936418533325
2.386389904,2.7915546894073486
2.420418012,2.781787633895874
2.453905771,2.78722882270813
2.493833963,2.799654722213745
2.52132529,2.7797608375549316
2.56113333,2.7935097217559814
2.597651597,2.80043625831604
2.632618706,2.800713300704956
2.659859669,2.8046038150787354
2.695753887,2.7938754558563232
2.733574137,2.8146920204162598
2.768025104,2.7937662601470947
2.802563039,2.7911171913146973
2.836297947,2.784865379333496
2.870462717,2.7892301082611084
2.903521632,2.8016159534454346
2.935261166,2.780829906463623
2.966625407,2.795276641845703
3.010463819,2.7980644702911377
3.040702646,2.7834370136260986
3.082254983,2.7924952507019043
3.107352136,2.8131229877471924
3.141464597,2.8022284507751465
3.184398457,2.8022985458374023
3.211746965,2.79384183883667
3.247531715,2.800482988357544
3.284985474,2.8054163455963135
3.313140232,2.7993946075439453
3.354771056,2.7929129600524902
3.385825492,2.8032102584838867
3.414443348,2.8044426441192627
3.45084834,2.806994676589966
3.494476938,2.796107053756714
3.52706454,2.797358274459839
3.55548801,2.8004207611083984
3.587775385,2.8148982524871826
3.626836857,2.8172271251678467
3.663267007,2.808212995529175
3.69099942,2.824972152709961
3.727821701,2.820467233657837
3.763443377,2.809170961380005
3.7987915,2.8230676651000977
3.834412912,2.8335835933685303
3.864613099,2.831732988357544
3.901049612,2.8207831382751465
3.945631904,2.8312153816223145
3.974354119,2.802363395690918
4.004298512,2.832864999771118
4.045791609,2.8404178619384766
4.072895984,2.816049098968506
4.112247739,2.8396174907684326
4.14446196,2.8096487522125244
4.175725461,2.848824977874756
4.219314224,2.8245761394500732
4.244843288,2.82316517829895
4.281064742,2.7980458736419678
4.325242812,2.801708698272705
4.352885304,2.793874979019165
4.385039039,2.827516794204712
4.416794022,2.8232462406158447
4.454983702,2.8177127838134766
4.496113403,2.825317859649658
4.519419335,2.8172967433929443
4.556115451,2.796743869781494
4.59550851,2.780940532684326
4.626706749,2.8136096000671387
4.658814223,2.8260271549224854
4.693967213,2.853212356567383
4.73335176,2.854893684387207
4.765419808,2.803638458251953
4.801384412,2.734962224960327
4.83891996,2.7306911945343018
4.877836436,2.739943027496338
4.900625745,2.748645067214966
4.934929326,2.7315897941589355
4.971020643,2.7690296173095703
5.009576398,2.788607120513916
5.04428731,2.6249663829803467
5.076955388,2.491142749786377
5.109789597,2.390287399291992
5.149044483,2.3292980194091797
5.176472721,2.405665636062622
5.215325045,2.398606777191162
5.253220799,2.3792619705200195
5.280155532,2.2220053672790527
5.321599315,2.039041519165039
5.348488101,2.0184216499328613
5.383370525,2.148232936859131
5.424361197,2.1627299785614014
5.453369996,1.844765305519104
5.486817957,1.8957524299621582
5.519015417,1.7616825103759766
5.558311652,1.650038242340088
5.594361115,1.7218053340911865
5.626197804,1.558595061302185
5.65961708,1.7174098491668701
5.703155359,1.4042466878890991
5.734284359,1.4948726892471313
5.762447049,1.3386735916137695
5.797578439,1.3183081150054932
5.834830383,1.25972318649292
5.874500304,1.2366058826446533
5.898648138,0.9467086791992188
5.937860396,0.867369532585144
5.971752093,0.7448392510414124
6.003196739,0.9202502369880676
6.038744862,0.9119808673858643
6.072510862,0.7423736453056335
6.11910341,0.6907894611358643
6.147080535,0.5091979503631592
6.178880184,0.5318145751953125
6.212351447,0.3777032792568207
6.250796621,0.2717592120170593
6.283861876,0.3255656063556671
6.320132114,0.22505278885364532
6.347714273,0.09714464843273163
6.387778407,0.04089920595288277
6.421584039,0.08034048974514008
6.453667599,359.89263916015625
6.488530501,359.7176513671875
6.534922501,359.55572509765625
6.556880562,359.764404296875
6.600916014,359.5624084472656
6.623211672,359.391357421875
6.662934126,359.3123474121094
6.696222143,359.0110778808594
6.731286086,359.0920715332031
6.762893491,358.9048767089844
6.801622448,358.9629211425781
6.834713949,358.7308044433594
6.868518444,358.80023193359375
6.899282564,358.33026123046875
6.939935046,358.53173828125
6.971292055,358.44580078125
7.014505639,358.3238830566406
7.050121733,358.0934143066406
7.078851754,358.0014343261719
7.108117513,357.9109802246094
7.152154412,357.9249267578125
7.17766278,357.86798095703125
7.220449398,357.6839904785156
7.251023753,357.4520263671875
7.284789937,357.74365234375
7.319851105,357.4098205566406
7.352063359,357.3768615722656
7.382691381,357.3259582519531
7.422315865,357.1961975097656
7.455225042,356.9257507324219
7.492290248,356.81170654296875
7.523641298,356.986083984375
7.555504898,356.68408203125
7.59323014,356.7021179199219
7.629468055,356.72119140625
7.662509066,356.47412109375
7.695374054,356.58673095703125
7.730394615,356.5589294433594
7.76456728,356.27069091796875
7.799309744,356.174560546875
7.841067232,356.2851867675781
7.868572976,356.2682189941406
7.909186887,356.4697265625
7.937719105,356.5882263183594
7.972272259,356.6565246582031
8.007469273,356.7296142578125
8.047280793,356.49627685546875
8.075948065,356.3895568847656
8.112902937,356.7244567871094
8.143679747,356.8282775878906
8.181216374,356.859619140625
8.211839567,356.934814453125
8.248064112,356.76104736328125
8.279390463,356.7475280761719
8.3188659,356.92218017578125
8.358063196,357.0031433105469
8.393136036,357.02410888671875
8.419473284,357.0966796875
8.458303988,357.3190612792969
8.492463415,357.26593017578125
8.527717256,357.2774658203125
8.561236866,357.3515625
8.593703588,357.363525390625
8.631863426,357.3547668457031
8.66515576,357.3923034667969
8.694978197,357.3656311035156
8.743338804,357.4633483886719
8.77044446,357.47003173828125
8.800116428,357.6167907714844
8.832899225,357.64068603515625
8.868804615,357.7429504394531
8.906292275,357.74993896484375
8.938449508,357.7251281738281
8.982561169,357.73583984375
9.006841979,357.83489990234375
9.04201424,358.0863342285156
9.076634391,357.9853820800781
9.111038145,357.86077880859375
9.154631034,357.86761474609375
9.181831779,358.15142822265625
9.21232473,358.1380920410156
9.256052537,358.1763610839844
9.284826133,358.18560791015625
9.316398138,358.1898498535156
9.352745491,358.32537841796875
9.38544399,358.2770080566406
9.426424994,358.3332824707031
9.458172185,358.3413391113281
9.487897373,358.3304443359375
9.526407758,358.53546142578125
9.5614394,358.4815979003906
9.600454424,358.3833923339844
9.632724961,358.42144775390625
9.662731337,358.4412841796875
9.696058402,358.71197509765625
9.734183725,358.7663269042969
9.764205434,358.7990417480469
9.802523794,358.637939453125
9.83673414,358.77606201171875
9.868209848,358.83624267578125
9.915154046,358.9117126464844
9.937190604,358.93194580078125
9.976956706,359.1269226074219
10.014053551,358.86676025390625
10.039046562,358.96441650390625
10.084261187,358.9347839355469
10.114777872,358.9937744140625
10.152575117,359.19854736328125
10.178618278,359.3924865722656
10.211676926,359.46295166015625
10.25066006,359.33929443359375
10.29079719,359.5712890625
10.321245072,359.4725036621094
10.360108347,359.38665771484375
10.387006812,359.3648681640625
10.41969278,359.3443908691406
10.456448766,359.4771423339844
10.488021844,359.3157043457031
10.526864198,359.2098388671875
10.566743782,359.3691101074219
10.592323137,359.41339111328125
10.630925157,359.414794921875
10.664872322,359.4678955078125
10.699541877,359.22979736328125
10.730974574,359.2420654296875
10.762679563,359.2236328125
10.803413451,359.2332763671875
10.837412768,359.14178466796875
10.867129732,359.2271423339844
10.911876078,359.2225341796875
10.944311005,359.2218322753906
10.974116684,359.02252197265625
11.010719068,359.09228515625
11.048462108,358.9595031738281
11.076420689,358.8309326171875
11.111154885,358.70184326171875
11.14314616,358.3748474121094
11.185656132,358.615234375
11.218559257,358.58087158203125
11.256854579,358.439697265625
11.288464728,358.41766357421875
11.316777924,358.3830871582031
11.353931673,358.24029541015625
11.388597233,358.18621826171875
11.430142968,358.1972351074219
11.463890723,358.10626220703125
11.494563296,358.02337646484375
11.525203749,358.0599365234375
11.55922563,357.93475341796875
11.59251951,357.9273986816406
11.630531584,357.8844299316406
11.665319622,357.8224792480469
11.705520525,357.6786193847656
11.731940174,357.596435546875
11.768760907,357.5495910644531
11.800955335,357.4932861328125
11.835798208,357.6074523925781
11.880169044,357.5154724121094
11.90487111,357.4889221191406
11.942522282,357.4833984375
11.975697523,357.342041015625
12.014116203,357.28271484375
12.046727212,357.2947998046875
12.078079777,357.2885437011719
12.112905282,357.22723388671875
12.14947053,357.11676025390625
12.181061064,357.117431640625
12.223204437,357.2076416015625
12.248710277,357.1461486816406
12.285544489,357.0966491699219
12.327582428,357.08624267578125
12.35356792,357.1037292480469
12.395181991,357.0129699707031
12.42039943,357.1977233886719
12.45537594,357.10498046875
12.494321507,357.1048278808594
12.524869092,357.11883544921875
12.566361818,357.081787109375
12.598150256,357.2608947753906
12.626959171,357.0063171386719
12.665174697,357.12420654296875
12.695844945,357.03643798828125
12.731796963,357.0927734375
12.777224096,357.13818359375
12.804668092,357.0133361816406
12.83814044,356.7607421875
12.879163358,356.73260498046875
12.903266191,356.8621520996094
12.939327799,356.85357666015625
12.977708905,356.8437194824219
13.011068153,356.91571044921875
13.044297608,356.8328552246094
13.075050602,356.927001953125
13.118771143,356.9174499511719
13.149343744,356.7463684082031
13.182859998,356.7353210449219
13.21489805,356.90911865234375
13.247654538,356.9135437011719
13.286742548,356.67413330078125
13.323599756,356.6694641113281
13.355325402,356.781982421875
13.393078374,356.9341125488281
13.425956469,356.788818359375
13.458870989,356.8420715332031
13.492748047,356.8927001953125
13.525044271,356.8030090332031
13.560862139,356.9228210449219
13.60667588,356.8189697265625
13.62796089,356.8812561035156
13.668741496,356.8467102050781
13.698410849,356.83074951171875
13.733055101,356.8105163574219
13.773010555,356.8771667480469
13.801838004,356.8813781738281
13.835846968,356.8263854980469
13.871155453,356.58404541015625
13.903226733,356.8155517578125
13.944073114,356.8428649902344
13.978363336,357.01885986328125
14.01077834,356.6769104003906
14.045769513,356.8753356933594
14.084942256,356.86334228515625
14.123591462,356.94830322265625
14.147181215,356.8392028808594
14.183509225,356.86907958984375
14.220325091,356.7813720703125
14.260055483,356.62030029296875
14.29173777,356.7576904296875
14.324135057,356.7586364746094
14.351605438,356.8687744140625
14.390570613,356.6548767089844
14.425563547,356.6941833496094
14.458568779,356.8479919433594
14.502458822,356.7325134277344
14.531610284,356.7574462890625
14.569168162,356.6349792480469
14.59510149,356.70556640625
14.63247979,357.05865478515625
14.672727094,357.0440368652344
14.705249425,356.9566345214844
14.739075054,356.87420654296875
14.769455773,356.8799743652344
14.812195964,357.0427551269531
14.836452883,357.0025634765625
14.87132793,356.8733215332031
14.909587306,356.8497009277344
14.939808648,356.7799072265625
14.978697626,356.7829284667969
15.011600626,356.6923828125
15.045602871,356.8233337402344
15.081044416,356.9743347167969
15.118012432,356.95965576171875
15.148136866,356.961669921875
15.184064093,357.0019836425781
15.215350354,356.74212646484375
15.255512893,356.9474792480469
15.289599735,356.9004211425781
15.321152359,356.59259033203125
15.356305422,356.8513488769531
15.399460018,356.8782958984375
15.436179291,356.66693115234375
15.464904443,356.7270202636719
15.4978287,356.7226257324219
15.528847347,356.737060546875
15.559610647,356.6766357421875
15.598785085,356.64227294921875
15.640982656,356.6798400878906
15.665396379,356.6387634277344
15.711856917,356.703125
15.739010559,356.70440673828125
15.774337988,356.7870788574219
15.805259494,356.70428466796875
15.84526471,356.704345703125
15.874972291,356.73443603515625
15.909632758,356.55584716796875
15.940781358,356.8624267578125
15.977152872,356.4535217285156
16.01020166,356.5208740234375
16.045722576,356.5915222167969
16.082777485,356.5500183105469
16.123526463,356.9732971191406
16.150870589,356.9064636230469
16.190016522,356.6644287109375
16.220548554,356.8546447753906
16.260402382,356.7203063964844
16.285624938,356.8746032714844
16.333083191,356.6529541015625
16.359954371,356.5980224609375
16.392606411,356.6383361816406
16.425407608,356.90679931640625
16.46543004,356.836181640625
16.492896134,356.71563720703125
16.534444535,356.83270263671875
16.561911015,356.8601989746094
16.601554403,357.0146789550781
16.634303658,357.1097106933594
16.667140559,357.10784912109375
16.70285189,357.3124694824219
16.748228236,357.49517822265625
16.769399784,357.69537353515625
16.809975537,357.9156188964844
16.837003032,357.932373046875
16.87155001,358.40069580078125
16.913204865,358.407470703125
16.943581876,358.42803955078125
16.976655304,359.2888488769531
17.017244311,359.3741455078125
17.044372299,359.5850524902344
17.08321433,359.8955383300781
17.112049212,359.99346923828125
17.147549429,0.2186235934495926
17.183731365,0.655275821685791
17.22163297,0.7168945670127869
17.251449307,0.9469637274742126
17.290723481,0.9314038157463074
17.319324652,1.3485479354858398
17.357966302,1.561974287033081
17.387111353,1.9084824323654175
17.425600579,2.033290386199951
17.461841524,2.3609859943389893
17.492394653,2.75412917137146
17.526679469,3.087585687637329
17.567664609,3.1427347660064697
17.607057001,3.5643606185913086
17.643703659,3.684462308883667
17.663034842,3.5932247638702393
17.699809647,3.7922980785369873
17.735766654,4.0384111404418945
17.768205613,4.215956687927246
17.811178527,4.28456974029541
17.840860928,4.43062686920166
17.876731513,4.530093669891357
17.913503589,4.2788472175598145
17.94023194,5.249370098114014
17.979993997,5.17051887512207
18.013588399,5.495604515075684
18.044074612,5.253929138183594
18.082427052,5.376312732696533
18.115610134,5.925404071807861
18.148760087,5.9421772956848145
18.188548295,6.23113489151001
18.219762975,6.0720062255859375
18.251356058,6.346576690673828
18.293833224,6.141067028045654
18.323286962,6.401618480682373
18.362868626,6.272761821746826
18.391999231,6.431230068206787
18.440375623,6.519274711608887
18.467743998,6.876169681549072
18.49400475,6.956274032592773
18.528523763,6.923438549041748
18.573812339,7.148069381713867
18.602907168,7.3478569984436035
18.631493773,7.655850887298584
18.671628075,7.698121547698975
18.704531176,7.68784761428833
18.738598662,8.196277618408203
18.768508211,8.409146308898926
18.810818034,8.45561695098877
18.845974198,8.833306312561035
18.880195501,9.274009704589844
18.918099223,9.393900871276855
18.953150339,9.764501571655273
18.977988055,10.160120964050293
19.012765214,10.200688362121582
19.047746082,10.442708015441895
19.089977969,10.761604309082031
19.118213137,11.072553634643555
19.153620751,11.278556823730469
19.187772885,11.564295768737793
19.221376362,11.994317054748535
19.265832587,12.478041648864746
19.292216902,12.727303504943848
19.320619235,13.085196495056152
19.358380148,13.111078262329102
19.39224038,13.614952087402344
19.429050175,13.780731201171875
19.473110926,14.395301818847656
19.500857138,14.745421409606934
19.529519008,14.86387825012207
19.570331393,15.168596267700195
19.602406313,15.447320938110352
19.634278807,15.60328197479248
19.679194292,15.726227760314941
19.702951065,15.937057495117188
19.742139846,16.21886444091797
19.774662979,16.540992736816406
19.817372024,16.84522247314453
19.85029396,16.655948638916016
19.873193139,17.062252044677734
19.908095294,17.6673583984375
19.951521391,18.035505294799805
19.977710555,18.345195770263672
20.023609943,18.48355484008789
20.052581373,18.71390724182129
20.079910328,18.944751739501953
20.136191741,19.46349334716797
20.148784323,19.65369415283203
20.185466769,19.295310974121094
20.232277156,19.497703552246094
20.252458414,19.3678035736084
20.325278118,19.50564193725586
20.327776713,19.827558517456055
20.357585188,20.01068115234375
20.393922977,20.200708389282227
20.425075576,20.218875885009766
20.460856936,20.252521514892578
20.508559884,20.28590202331543
20.529716886,20.539213180541992
20.569108735,20.809146881103516
20.600799426,20.869291305541992
20.638639501,20.91191864013672
20.672965726,21.088237762451172
20.710442704,21.27067756652832
20.737285986,21.372440338134766
20.772257566,21.40570831298828
20.80808141,21.474491119384766
20.845106442,21.639087677001953
20.916214502,21.732412338256836
20.919325734,21.65134048461914
20.948668145,21.733240127563477
20.98105397,21.82146644592285
21.014772391,21.77414894104004
21.047928644,21.89320945739746
21.109636631,21.947704315185547
21.14060639,21.876813888549805
21.153302042,22.06661033630371
21.185171742,22.36760711669922
21.255504328,22.204057693481445
21.258519753,22.303186416625977
21.294271975,22.447702407836914
21.333247079,22.351417541503906
21.382099183,22.51024627685547
21.394966677,22.66132926940918
21.432283952,22.56975555419922
21.485777546,22.50048828125
21.528953046,22.581377029418945
21.536508866,22.598554611206055
21.589418007,22.878517150878906
21.603563678,22.642244338989258
21.653248318,22.754615783691406
21.66834841,22.686269760131836
21.728519245,22.904640197753906
21.757619418,22.731243133544922
21.774675356,22.865840911865234
21.844424204,22.957035064697266
21.863724134,23.033832550048828
21.899243707,23.220693588256836
21.929922205,23.289180755615234
21.971920841,23.203519821166992
22.002159247,23.342714309692383
22.033445882,23.331382751464844
22.069575235,23.51832389831543
22.103484329,23.505895614624023
22.14317748,23.493141174316406
22.176569151,23.62946891784668
22.206017623,23.761186599731445
22.245796104,23.604015350341797
22.278404716,23.966339111328125
22.311637363,23.28986930847168
22.347490399,23.331876754760742
22.378588355,23.646671295166016
22.414152919,23.875577926635742
22.455914782,23.86005973815918
22.482527684,23.85838508605957
22.519735467,23.692293167114258
22.554554592,23.494585037231445
22.585553971,23.774616241455078
22.624056157,23.753976821899414
22.653366406,23.859514236450195
22.690072226,23.559772491455078
22.704384834,23.689916610717773
22.778061364,23.98455047607422
22.797680427,23.79240608215332
22.836888324,24.31109619140625
22.860184976,24.054534912109375
22.902004054,24.396526336669922
22.930308679,24.146764755249023
22.971886854,24.614648818969727
23.001243801,24.499303817749023
23.034962184,24.45138931274414
23.070134654,24.558786392211914
23.111206297,24.433666229248047
23.138684878,24.653823852539062
23.154720827,24.561588287353516
23.210021096,24.565570831298828
23.247726255,24.67570686340332
23.277709724,24.758989334106445
23.312777147,24.80166244506836
23.348529201,24.923664093017578
23.387660978,24.796831130981445
23.41547673,25.11606216430664
23.427963227,25.060468673706055
23.460506337,25.344179153442383
23.496043068,25.56873893737793
23.536842595,25.602386474609375
23.565583266,25.523645401000977
23.603669841,25.56441879272461
23.640779382,25.644380569458008
23.669617209,25.624731063842773
23.736082669,25.604047775268555
23.73918073,26.03067970275879
23.787586987,26.002883911132812
23.861608078,25.952707290649414
23.874906385,26.517791748046875
23.878643159,26.38788414001465
23.913982821,26.535476684570312
23.944708618,26.57099151611328
23.983141679,26.60344886779785
24.016486934,26.624433517456055
24.048943184,26.77983283996582
24.084409153,26.95514488220215
24.121008299,27.051652908325195
24.151679618,27.06594467163086
24.203759437,27.162841796875
24.221594816,27.181730270385742
24.263814368,27.34858512878418
24.29029127,27.482027053833008
24.325912662,27.55755043029785
24.366960254,27.671485900878906
24.402999537,27.624263763427734
24.432262363,27.756160736083984
24.469913183,27.84215545654297
24.500889244,28.017982482910156
24.542372396,28.084470748901367
24.565067111,28.1351318359375
24.618534695,28.137916564941406
24.638091694,28.21849250793457
24.681414495,28.39360237121582
24.704873836,28.446876525878906
24.748672177,28.609006881713867
24.773772877,28.775249481201172
24.813616858,28.822847366333008
24.840627308,29.075254440307617
24.877552044,28.99713706970215
24.920982439,28.980754852294922
24.95531064,29.068946838378906
24.983151702,29.115097045898438
25.034822764,29.273534774780273
25.052517159,29.296279907226562
25.099096858,29.294404983520508
25.117430691,29.375389099121094
25.154382868,29.473644256591797
25.190820869,29.493675231933594
25.223868848,29.506622314453125
25.266722366,29.471017837524414
25.297089132,29.561941146850586
25.32563906,29.684181213378906
25.364782369,29.742164611816406
25.39563198,29.736007690429688
25.43769533,29.636438369750977
25.465138209,29.733238220214844
25.504728476,29.687942504882812
25.538073571,29.60640525817871
25.574573018,29.865877151489258
25.600561906,29.855958938598633
25.637480705,30.106653213500977
25.678134713,30.05306053161621
25.708532352,30.144325256347656
25.751044284,30.261924743652344
25.781430923,30.147735595703125
25.809098876,30.148887634277344
25.853631124,30.251678466796875
25.877391648,30.335126876831055
25.912743079,30.22344207763672
25.953197867,30.38706398010254
25.984696341,30.213464736938477
26.026331359,30.3889102935791
26.048482532,30.27400779724121
26.085370286,30.468599319458008
26.12169357,30.398088455200195
26.15503312,30.481611251831055
26.189726299,30.526390075683594
26.22230467,30.409656524658203
26.259302615,30.265504837036133
26.299674099,30.363393783569336
26.324600407,30.531591415405273
26.359677587,30.586362838745117
26.403269071,30.48768424987793
26.434805713,30.350725173950195
26.475923346,30.411457061767578
26.496476258,30.463956832885742
26.538171156,30.499826431274414
26.572811959,30.619686126708984
26.604306384,30.71976661682129
26.643208399,30.679698944091797
26.6766917,30.80990982055664
26.705287342,30.84494972229004
26.742219834,30.694555282592773
26.773941979,30.828157424926758
26.815874352,30.72102928161621
26.850506556,30.65041732788086
26.884601324,30.413463592529297
26.915297602,30.43062973022461
26.959356445,30.46642303466797
26.981739228,30.242572784423828
27.02536277,29.966493606567383
27.047526903,29.9178409576416
27.085163009,29.858474731445312
27.127736043,29.44213104248047
27.156842614,29.339513778686523
27.190057216,28.98552131652832
27.226341443,28.711429595947266
27.257853227,28.530744552612305
27.294784945,28.154348373413086
27.337509561,27.935619354248047
27.3688671,27.764877319335938
27.395789522,27.5125732421875
27.427716908,27.13775062561035
27.467514103,26.880525588989258
27.506539215,26.5767879486084
27.535207113,26.339933395385742
27.568183827,26.126380920410156
27.602746186,25.9775333404541
27.640284921,25.7200984954834
27.672630791,25.42523956298828
27.707670169,25.28713035583496
27.747427195,25.115432739257812
27.782150416,24.72090721130371
27.813747221,24.298568725585938
27.84763935,23.92592430114746
27.884993615,23.373533248901367
27.911667051,23.04326629638672
27.948267204,22.831157684326172
27.984283901,22.23375701904297
28.018132377,21.7833194732666
28.052091835,21.257606506347656
28.095144549,20.76189613342285
28.121358815,20.289104461669922
28.152746218,19.901233673095703
28.188220962,19.47446060180664
28.226029468,18.97182846069336
28.258598338,18.703672409057617
28.296247899,18.181964874267578
28.333240098,17.878849029541016
28.360716582,17.537464141845703
28.400999309,17.108442306518555
28.429288439,16.555767059326172
28.464051551,16.166587829589844
28.500862404,15.88947582244873
28.543315888,15.618319511413574
28.571708159,15.211970329284668
28.605122937,14.696272850036621
28.641450942,14.299433708190918
28.675003891,14.128085136413574
28.711184841,13.760833740234375
28.739700824,13.38248062133789
28.780472558,12.72446060180664
28.812389405,12.472989082336426
28.849355378,11.947516441345215
28.881839863,11.688615798950195
28.911727309,11.44211196899414
28.953082395,11.131359100341797
28.979825345,10.685663223266602
29.016232066,10.290424346923828
29.052723438,9.885704040527344
29.092490964,9.538349151611328
29.129219851,9.205451965332031
29.155784507,8.928215980529785
29.189131928,8.64594841003418
29.227498207,8.406806945800781
29.260405294,7.959515571594238
29.304060853,7.5512590408325195
29.328826557,7.34162712097168
29.362058316,6.971413612365723
29.396820073,6.962438583374023
29.444720881,6.713920593261719
29.463681244,6.239416599273682
29.512150505,6.02556037902832
29.533058996,5.666020393371582
29.567896831,5.404325485229492
29.605017865,5.112862586975098
29.640786473,4.86264181137085
29.675283887,4.669008255004883
29.711388407,4.405282497406006
29.74290918,4.208128452301025
29.78682138,3.598627805709839
29.809401963,3.361863374710083
29.849326228,3.0907351970672607
29.881437002,3.1145269870758057
29.912672027,2.8006367683410645
29.961543867,2.5471231937408447
29.985766769,2.6740524768829346
30.025463116,2.441741466522217
30.053005553,2.4034764766693115
30.084490321,2.1619887351989746
30.122907301,1.8220428228378296
30.160738216,1.6834410429000854
30.194863047,1.5761735439300537
30.224767241,1.08600652217865
30.26296468,1.2220978736877441
30.294388048,0.8616379499435425
30.3288082,0.8215258717536926
30.362544792,0.6908478736877441
30.40945071,0.7442458271980286
30.434562578,0.3430521488189697
30.472209359,0.3116154968738556
30.50024171,0.1727488785982132
30.537426666,0.06858932971954346
30.56883163,359.9512023925781
30.605994794,359.79425048828125
30.635278221,359.75030517578125
30.672879839,359.9856262207031
30.710113543,359.6805419921875
30.743096003,359.3727111816406
30.778212927,359.09039306640625
30.820707864,358.96087646484375
30.843570929,358.9613037109375
30.879671672,359.1498107910156
30.91371846,358.7449035644531
30.949648428,358.8150939941406
30.98613075,358.67169189453125
31.015490882,358.45263671875
31.054537022,358.4279479980469
31.091677085,358.5582580566406
31.12571276,358.4013977050781
31.159448917,358.38690185546875
31.193829174,358.29962158203125
31.230082383,358.3924255371094
31.261966421,358.3953857421875
31.298590204,358.4745178222656
31.329485587,358.5531311035156
31.369898747,358.4490661621094
31.404851647,358.5183410644531
31.432635556,358.4206848144531
31.463813607,358.4407043457031
31.502765619,358.6146240234375
31.541049659,358.57354736328125
31.569512526,358.71697998046875
31.606078578,358.5715637207031
31.642379826,358.57452392578125
31.673394769,358.6321105957031
31.708090154,358.65576171875
31.747530431,358.77691650390625
31.779213258,358.90899658203125
31.820354877,358.819580078125
31.845508558,358.8670959472656
31.879505792,358.86358642578125
31.918722482,359.1598205566406
31.95974799,359.3050231933594
31.984545233,359.1371765136719
32.02005651,359.2204284667969
32.051913149,359.31268310546875
32.093111031,359.32861328125
32.122597661,359.3880310058594
32.155952411,359.45855712890625
32.204528426,359.2938537597656
32.233420004,359.3396911621094
32.259751367,359.50836181640625
32.292082115,359.6552734375
32.330190242,359.71539306640625
32.366183277,359.6437683105469
32.398882551,359.7086486816406
32.432405084,359.6725769042969
32.473469386,359.7438659667969
32.502822857,359.7801513671875
32.536423384,359.7498779296875
32.568306989,359.6139831542969
32.605400149,359.6716613769531
32.64385395,359.66729736328125
32.673695305,359.677490234375
32.712033874,359.6688537597656
32.749285968,359.6578369140625
32.782579016,359.74102783203125
32.813091983,359.7772521972656
32.845459276,359.760498046875
32.880757356,359.7429504394531
32.917205958,359.7390441894531
32.952074666,359.8243103027344
32.984247131,359.7861633300781
33.028418736,359.7518615722656
33.052808289,359.72369384765625
33.096090049,359.8161926269531
33.120727924,359.7398681640625
33.157751784,359.77301025390625
33.192039159,359.7089538574219
33.229066062,359.7315673828125
33.260723643,359.90179443359375
33.306542736,359.9188232421875
33.329534909,359.6208801269531
33.366842484,359.9355773925781
33.40005869,359.8980712890625
33.445424755,359.8306884765625
33.471228033,359.60845947265625
33.510916978,359.58343505859375
33.536718172,359.7182922363281
33.572582633,359.89715576171875
33.606164622,359.7187194824219
33.646496972,359.7345275878906
33.673115688,359.72283935546875
33.712013939,359.8356628417969
33.745490737,359.7818298339844
33.77815197,359.5683898925781
33.81290856,359.5992126464844
33.860148979,359.67138671875
33.881910468,359.6875915527344
33.923932057,359.73126220703125
33.947856387,359.83758544921875
33.98412847,359.3641357421875
34.026170769,359.45538330078125
34.060798659,359.6844177246094
34.088779682,359.6444091796875
34.128328853,359.55352783203125
34.163187962,359.36859130859375
34.196840713,359.4194641113281
34.232388889,359.446044921875
34.260759241,359.9386901855469
34.30531902,359.6040344238281
34.332823845,359.8077087402344
34.376142641,359.79534912109375
34.402607743,359.6853942871094
34.437930641,359.75738525390625
34.472265962,359.908447265625
34.503433947,359.71563720703125
34.539527761,359.5093994140625
34.579704407,359.32171630859375
34.605550189,359.2893981933594
34.643061907,359.8314514160156
34.676949281,359.9759521484375
34.707873399,359.9002685546875
34.754508288,359.8409423828125
34.783956135,359.7742004394531
34.821696634,359.6302185058594
34.848469793,359.5181579589844
34.883098574,359.3908386230469
34.920538819,359.4976806640625
34.959369989,359.52801513671875
34.989763114,359.42230224609375
35.028506571,359.5849914550781
35.054512753,359.6932373046875
35.088280993,359.3603210449219
35.125799827,359.3427734375
35.158022939,359.3742980957031
35.195935107,359.55767822265625
35.228696111,359.4779357910156
35.273692206,359.3475341796875
35.305268288,359.16973876953125
35.328722939,359.21234130859375
35.364891167,359.4131774902344
35.404754188,359.2644348144531
35.436638984,359.3670654296875
35.473796135,359.1153869628906
35.509917402,359.18634033203125
35.540825236,359.2723693847656
35.575882555,358.9508972167969
35.609380832,358.839111328125
35.65267601,358.8323059082031
35.679453773,358.990966796875
35.7172447,359.1779479980469
35.744472684,358.8857116699219
35.781402609,358.9549865722656
35.81707549,358.7603454589844
35.851793838,358.8658752441406
35.881425761,358.8269958496094
35.920179462,358.7450256347656
35.963381798,358.5034484863281
35.984261164,358.4989929199219
36.034254513,358.36700439453125
36.059086427,358.19915771484375
36.101302764,358.2657470703125
36.125340393,358.1167907714844
36.158015706,358.0638427734375
36.200598354,358.1501770019531
36.237712308,358.0299377441406
36.261021978,357.9463806152344
36.299012613,358.0357360839844
36.337026692,358.0911865234375
36.371370308,357.8793029785156
36.401993721,357.69818115234375
36.442418746,357.9242248535156
36.47037441,357.8024597167969
36.511355737,357.7117004394531
36.541571138,357.57940673828125
36.575741985,357.7813415527344
36.621230188,357.66510009765625
36.645089767,357.3353576660156
36.677881334,357.47314453125
36.70989887,357.2118225097656
36.747432223,357.18084716796875
36.781921144,357.25518798828125
36.820255875,357.0740966796875
36.850633651,356.9541931152344
36.889391008,357.0384216308594
36.916587201,356.875
36.952942031,356.73358154296875
36.995030785,356.78985595703125
37.025341193,356.6566467285156
37.063931802,356.44879150390625
37.090000484,356.37750244140625
37.128310779,356.4359130859375
37.16575406,356.5021057128906
37.198150978,356.24993896484375
37.234886282,356.3283386230469
37.261032833,356.31036376953125
37.298341278,356.3197021484375
37.335485267,356.30584716796875
37.365333734,356.33984375
37.40657385,356.2601013183594
37.448117843,356.1819152832031
37.471113268,355.9410095214844
37.512052552,355.97857666015625
37.53594978,355.99212646484375
37.572302077,355.6407775878906
37.612631976,356.0101013183594
37.644959374,355.6366271972656
37.68190555,355.73260498046875
37.715268908,355.6703186035156
37.74969664,355.72161865234375
37.787738559,355.70947265625
37.813059122,355.6734313964844
37.857216556,355.6658935546875
37.897415428,355.5330505371094
37.924451209,355.53497314453125
37.953493135,355.63226318359375
37.992899699,355.592529296875
38.020952035,355.4759521484375
38.065167485,355.2857360839844
38.091335123,355.3131103515625
38.129528235,355.1107482910156
38.163903988,355.19830322265625
38.193088547,354.9680480957031
38.2336362,355.02166748046875
38.267728448,354.88885498046875
38.298444595,354.9153747558594
38.33368388,354.9604797363281
38.376114481,354.7688293457031
38.410749432,354.7374572753906
38.444482105,354.50738525390625
38.469048932,354.5179748535156
38.515516125,354.44921875
38.541731548,354.47412109375
38.575457762,354.49310302734375
38.612884132,354.2444763183594
38.644581997,354.14263916015625
38.678386865,353.9744567871094
38.71370017,353.87835693359375
38.753662093,353.8786315917969
38.78441375,353.8994445800781
38.816814118,353.7544860839844
38.849803726,353.64654541015625
38.887194389,353.6010437011719
38.924053746,353.3735656738281
38.954613994,353.3969421386719
38.994084326,353.4485778808594
39.025610415,353.1544189453125
39.058736698,353.18475341796875
39.106328023,353.0133361816406
39.128795882,352.9317626953125
39.170096679,352.8394470214844
39.201242466,352.86932373046875
39.232956795,352.7335205078125
39.277379367,352.7321472167969
39.301328279,352.5284118652344
39.336622205,352.5425109863281
39.370187187,352.65130615234375
39.401805031,352.34393310546875
39.437415877,352.6416015625
39.469447363,352.59039306640625
39.511131994,352.5020446777344
39.541073303,352.2200927734375
39.576199858,352.3656005859375
39.614522495,352.14654541015625
39.644147331,352.0126953125
39.67829456,352.0584411621094
39.713033732,351.85791015625
39.747753014,351.6854553222656
39.780256339,351.55572509765625
39.819662589,351.9567565917969
39.851743053,351.6654357910156
39.890022682,351.7342224121094
39.925078358,351.7708435058594
39.953072998,351.89349365234375
39.988887108,351.6778564453125
40.021187103,351.4786682128906
40.067337486,351.5664367675781
40.094622782,351.525146484375
40.126880731,351.64190673828125
40.163965662,351.4921569824219
40.201069091,351.4349670410156
40.232295253,351.18341064453125
40.267647874,351.2987060546875
40.300140142,351.5080261230469
40.333201997,351.12451171875
40.370012686,351.2545471191406
40.401256475,351.43634033203125
40.436791939,351.1415710449219
40.475596045,351.327880859375
40.513106771,351.205810546875
40.547919349,351.11346435546875
40.581699041,351.05999755859375
40.608602206,351.21063232421875
40.649452215,350.95452880859375
40.680200776,351.0380554199219
40.713517345,350.8412170410156
40.753382971,350.94500732421875
40.784464988,351.1037902832031
40.817551475,350.9886474609375
40.859336738,350.95013427734375
40.885330155,351.02911376953125
40.921120092,350.73883056640625
40.952106207,350.82745361328125
40.997331919,351.0657653808594
41.027512542,350.8353576660156
41.064902513,350.7959289550781
41.092119373,350.7907409667969
41.124924583,350.7191162109375
41.161019325,350.772705078125
41.204919485,350.7261962890625
41.227926638,350.598388671875
41.269613878,350.6896667480469
41.301197685,350.65936279296875
41.332227215,350.54388427734375
41.376453723,350.820068359375
41.403981361,350.8730773925781
41.443682621,351.0247802734375
41.473092182,351.1170959472656
41.509473047,351.1537170410156
41.545824362,351.1962890625
41.580653794,351.3499450683594
41.613455491,351.3081359863281
41.646545174,351.55023193359375
41.680789201,351.4302673339844
41.715499663,351.782958984375
41.754844122,351.55950927734375
41.783336001,351.9320068359375
41.816683847,351.69891357421875
41.853492924,352.2013244628906
41.887275608,352.2101135253906
41.922439257,351.9493103027344
41.955640678,352.0747985839844
41.991694975,352.2738342285156
42.036002417,352.0856018066406
42.058251607,352.11199951171875
42.095319793,352.041259765625
42.131803806,352.4269104003906
42.163734815,352.20050048828125
42.199159749,352.2720642089844
42.23149314,352.1199035644531
42.267775494,352.52264404296875
42.309295348,352.5270080566406
42.343139251,352.7014465332031
42.370616494,352.5500183105469
42.408777107,352.378662109375
42.445421961,352.5517883300781
42.472336673,352.7397766113281
42.505342868,352.38714599609375
42.542350971,352.8494873046875
42.578422,352.7844543457031
42.617559709,352.6893310546875
42.649224223,352.89898681640625
42.68506918,352.9053955078125
42.716867551,352.76763916015625
42.756861073,352.8634338378906
42.780465796,353.0926208496094
42.827999003,352.85430908203125
42.85516156,353.39544677734375
42.887031367,353.07916259765625
42.920651579,353.0780944824219
42.960045001,353.4566650390625
42.991034653,353.58294677734375
43.0240231,353.5017395019531
43.059846157,353.8796081542969
43.097376499,354.16009521484375
43.133902185,354.0382995605469
43.161678982,354.19500732421875
43.206021455,354.3472900390625
43.233210287,354.4084777832031
43.266404946,354.49853515625
43.302253263,354.4768371582031
43.334523641,354.6982116699219
43.37157318,355.0056457519531
43.408988048,354.7592468261719
43.44235236,355.225341796875
43.473941029,355.1487121582031
43.510132315,355.1029968261719
43.543769848,355.6351623535156
43.579950375,355.8867492675781
43.618671084,355.7564697265625
43.648638796,355.927978515625
43.682895116,355.8309326171875
43.71348095,355.88787841796875
43.754675165,356.076171875
43.785755712,356.277587890625
43.816555673,356.39837646484375
43.855134811,356.3365478515625
43.888333565,356.2806091308594
43.927855999,356.4371643066406
43.960210223,356.4685974121094
44.000912815,356.57147216796875
44.037801832,356.58935546875
44.060659817,356.43310546875
44.094128371,356.7495422363281
44.132208692,356.8339538574219
44.165751718,356.984375
44.198199366,356.84222412109375
44.235675865,356.8692321777344
44.267384799,356.93780517578125
44.302596139,357.1285705566406
44.347962899,357.00732421875
44.369437502,357.13140869140625
44.409723424,357.26812744140625
44.439205267,357.4413757324219
44.474825466,357.7301940917969
44.518988992,357.6295166015625
44.545002349,357.8150939941406
44.581495041,357.9351806640625
44.613965459,358.0356140136719
44.648665396,358.2360534667969
44.690750694,358.39630126953125
44.713453969,357.9422302246094
44.749622846,358.3401184082031
44.790359257,358.1915588378906
44.819906656,358.3492431640625
44.853355101,358.2969055175781
44.890146902,358.59332275390625
44.931395095,358.6429138183594
44.963551786,358.93304443359375
44.996320405,358.8440856933594
45.025226905,358.78729248046875
45.06291171,359.05169677734375
45.093678286,358.79736328125
45.131040957,359.0979309082031
45.166137289,359.195068359375
45.197912468,359.4082946777344
45.236603765,359.6758117675781
45.266252037,359.5517272949219
45.301159276,359.4638671875
45.350233758,359.2497253417969
45.369421478,359.65576171875
45.40852458,359.5563659667969
45.441695763,359.38006591796875
45.473641413,359.6902770996094
45.509723465,359.78094482421875
45.544142892,359.7372131347656
45.577488167,359.80859375
45.616031349,359.83056640625
45.645073331,359.8838806152344
45.680869654,359.98944091796875
45.723258793,359.7317810058594
45.750911154,359.9715881347656
45.787458671,359.8963623046875
45.817690357,359.73529052734375
45.853455587,359.99005126953125
45.894004931,359.9097595214844
45.920925454,0.06573781371116638
45.956639119,0.01915428601205349
46.00243487,0.2426857203245163
46.030491056,0.13845542073249817
46.06219433,0.20172041654586792
46.094776692,0.22766757011413574
46.13416253,0.3320767879486084
46.165114962,0.427020788192749
46.204994167,0.2202332764863968
46.234631114,0.3822265565395355
46.272644421,0.28386420011520386
46.301435297,0.24260839819908142
46.337762706,0.322537899017334
46.369305698,0.24234522879123688
46.40689852,0.49346426129341125
46.442819346,0.3549439013004303
46.475365105,0.40296176075935364
46.51324247,0.26256123185157776
46.550651427,0.24592047929763794
46.582292691,0.27923354506492615
46.617255628,0.5310754776000977
46.647164973,0.4262339770793915
46.680582487,0.4250241219997406
46.718401114,0.5759227871894836
46.761494568,0.5235504508018494
46.795446126,0.6880440711975098
46.820429674,0.6310413479804993
46.852566669,0.6084964871406555
46.889434525,0.3372098505496979
46.924034235,0.578765869140625
46.959985543,0.5509382486343384
47.000289775,0.4972629249095917
47.025523397,0.4917523264884949
47.069651189,0.46001136302948
47.098078112,0.6188410520553589
47.129543578,0.570298969745636
47.166234667,0.34650033712387085
47.199436355,0.28840896487236023
47.238389636,0.36113590002059937
47.268611125,0.290067195892334
47.301514877,0.1693444401025772
47.340585588,0.12314732372760773
47.375633422,359.8282470703125
47.409322853,0.023185646161437035
47.444307824,359.9776916503906
47.478747953,0.015085121616721153
47.513157136,359.9660339355469
47.55562267,359.85626220703125
47.580006303,359.7732238769531
47.619464992,359.72174072265625
47.648799093,359.7586364746094
47.680530842,359.750244140625
47.719162292,359.7486572265625
47.75429702,359.6803283691406
47.79742418,359.849609375
47.820771306,359.8658447265625
47.853847282,359.79302978515625
47.891785981,359.6572570800781
47.926416412,359.58843994140625
47.964546123,359.54022216796875
47.99616638,359.7557067871094
48.035951681,359.7424621582031
48.066542743,359.62457275390625
48.104941254,359.45367431640625
48.129578682,359.4781799316406
48.169438844,359.5648193359375
48.204589893,359.5216979980469
48.23825462,359.8465881347656
48.272408026,0.054792944341897964
48.304426052,359.7829284667969
48.340459146,359.89105224609375
48.374931469,0.13576512038707733
48.410269562,0.2724054157733917
48.453090783,0.5556509494781494
48.478932659,0.502319872379303
48.512036643,0.5869629383087158
48.545996776,0.9421100616455078
48.578070515,1.2563984394073486
48.613767486,1.350595235824585
48.651579778,1.1803995370864868
48.68365958,1.772499442100525
48.717596329,2.069944143295288
48.75854473,2.115355968475342
48.786525456,2.4289908409118652
48.821023851,2.1996817588806152
48.864515108,2.680657148361206
48.889753125,3.0012238025665283
48.937570577,3.209867000579834
48.959680795,3.4122474193573
49.005631699,3.619030714035034
49.028869238,3.980471611022949
49.060431182,4.209047794342041
49.103006679,4.300333499908447
49.133934083,4.6157917976379395
49.1693645,4.792424201965332
49.202159884,4.854133605957031
49.234078994,5.139228343963623
49.271298266,5.337828159332275
49.304647102,5.648496627807617
49.337131885,5.773910999298096
49.383581056,5.908106803894043
49.410872828,6.382379531860352
49.450147019,6.55338716506958
49.477189364,6.971055030822754
49.50940371,7.058663845062256
49.547645967,7.401453971862793
49.584942925,7.629011631011963
49.619169301,7.77113151550293
49.653048007,8.079319953918457
49.685975911,8.208645820617676
49.718411736,8.458824157714844
49.752783077,8.53034782409668
49.79682358,8.91911506652832
49.823162281,8.7877779006958
49.863141927,9.3832426071167
49.893779749,9.904302597045898
49.925607469,10.085698127746582
49.957718683,10.342694282531738
49.995685922,10.568853378295898
50.030767464,10.579204559326172
50.064888429,11.199997901916504
50.097884762,10.921612739562988
50.137731329,11.267760276794434
50.167290739,11.537073135375977
50.201586578,11.616859436035156
50.241863815,12.011088371276855
50.270104208,12.16409683227539
50.306824982,12.646018028259277
50.337699416,12.59680461883545
50.377152464,12.892078399658203
50.417961893,12.991981506347656
50.447679713,13.502285957336426
50.478832874,13.768192291259766
50.513353821,13.897115707397461
50.548110723,14.036849975585938
50.582212224,14.154064178466797
50.616777392,14.299468040466309
50.662637288,14.481690406799316
50.686312086,14.685105323791504
50.72615664,14.59401798248291
50.753793266,14.885672569274902
50.785228734,15.062811851501465
50.820665373,15.158617973327637
50.857351419,15.235396385192871
50.891218326,15.206727981567383
50.929490709,15.453360557556152
50.962915458,15.652863502502441
51.004682771,15.76196002960205
51.02970348,15.79002857208252
51.065122667,15.952483177185059
51.10106454,16.022356033325195
51.142104105,16.302005767822266
51.165473931,16.316328048706055
51.203643681,16.248382568359375
51.244135405,16.507448196411133
51.269019251,16.439441680908203
51.306053758,16.574371337890625
51.337634671,16.657257080078125
51.378245335,16.756380081176758
51.41583718,16.935638427734375
51.443883172,17.09659767150879
51.481960773,17.374465942382812
51.512272753,17.49541664123535
51.546095175,17.729068756103516
51.592089902,17.88504981994629
51.615047832,18.00166130065918
51.654409836,18.13380241394043
51.685540096,18.232210159301758
51.719506611,18.63649559020996
51.757248218,18.68465805053711
51.79138366,18.667078018188477
51.826644197,18.877614974975586
51.861469585,18.849956512451172
51.888600375,19.03328514099121
51.929885266,19.42650032043457
51.96301796,19.39490509033203
51.994638749,19.351572036743164
52.037812499,19.727327346801758
52.066760883,20.10313606262207
52.105038843,20.27320671081543
52.132480562,20.63193130493164
52.164733465,20.621843338012695
52.201430294,20.49714469909668
52.238197019,20.768909454345703
52.271209904,20.745086669921875
52.310779565,20.773759841918945
52.341796247,20.791419982910156
52.37703632,20.980024337768555
52.409591012,21.401737213134766
52.442800376,21.57083511352539
52.476824596,21.54035186767578
52.521958186,21.457088470458984
52.553803351,21.719867706298828
52.583272092,21.585386276245117
52.616746352,21.597667694091797
52.651375207,21.379039764404297
52.68859967,21.743247985839844
52.716749132,21.724098205566406
52.757960091,21.948211669921875
52.791016134,22.044334411621094
52.824275486,21.977352142333984
52.857094243,22.129558563232422
52.900705877,22.078533172607422
52.928762115,22.315046310424805
52.963595019,22.141145706176758
52.993456742,22.242321014404297
53.029024191,22.329092025756836
53.068758276,22.430662155151367
53.096818191,22.419363021850586
53.135294625,22.41332244873047
53.169345192,22.615821838378906
53.210963163,22.768062591552734
53.238854011,22.734254837036133
53.276657087,22.995346069335938
53.307682927,22.932415008544922
53.34232609,22.93267822265625
53.381405047,22.993343353271484
53.410944558,23.406829833984375
53.446441334,23.475069046020508
53.479644532,23.609359741210938
53.516744198,23.480884552001953
53.548615259,23.72477912902832
53.59111794,23.82259750366211
53.617718379,23.599016189575195
53.660762521,23.84030532836914
53.690098917,23.778305053710938
53.721796968,23.87431526184082
53.753707168,23.939712524414062
53.7930808,24.040739059448242
53.829436365,24.186811447143555
53.863979883,24.186920166015625
53.897139632,24.324575424194336
53.936563293,24.39577293395996
53.962320925,24.553499221801758
54.001126445,24.47793960571289
54.032938237,24.598587036132812
54.068402149,24.684810638427734
54.101315435,24.606225967407227
54.133942171,24.750802993774414
54.182143451,24.67717742919922
54.205312021,24.743932723999023
54.249091281,24.825258255004883
54.275361954,24.82493782043457
54.305867209,24.93670082092285
54.351253384,24.974822998046875
54.376876821,25.004064559936523
54.411225063,25.190641403198242
54.447196753,25.142414093017578
54.479939615,25.085582733154297
54.516280777,24.94969367980957
54.550819353,25.18753433227539
54.59046225,25.31372833251953
54.617731308,25.334712982177734
54.655595919,25.63148307800293
54.68830757,25.676809310913086
54.727828636,25.895261764526367
54.753221957,25.842985153198242
54.793912821,25.912357330322266
54.830961052,26.17841148376465
54.867363748,26.378055572509766
54.893421285,26.432462692260742
54.93029069,26.524063110351562
54.962750491,26.432689666748047
54.997167273,26.83519172668457
55.035981862,27.128124237060547
55.073997572,27.373411178588867
55.106171763,27.27629280090332
55.143056586,27.3194580078125
55.168981112,27.562423706054688
55.202884222,27.560672760009766
55.237260366,27.714595794677734
55.27508728,27.867965698242188
55.303819592,28.262954711914062
55.342405201,28.38076400756836
55.378816485,28.613788604736328
55.413135695,28.480928421020508
55.444562716,28.697528839111328
55.479451626,28.832693099975586
55.517514069,28.83768081665039
55.559527447,28.969459533691406
55.582948976,29.028507232666016
55.620060881,29.00637435913086
55.659694643,29.133573532104492
55.685149183,29.214197158813477
55.722413258,29.3326416015625
55.754234496,29.300992965698242
55.794001083,29.309280395507812
55.82936001,29.493974685668945
55.857340365,29.612516403198242
55.902039707,29.522563934326172
55.930819811,29.745256423950195
55.965758409,29.706592559814453
55.998994373,29.83687400817871
56.040958014,29.892940521240234
56.093342865,30.178930282592773
56.126967636,30.058032989501953
56.15690353,30.0374698638916
56.196777488,30.162891387939453
56.233227373,30.355600357055664
56.262446729,30.384567260742188
56.29817584,30.49750328063965
56.330043461,30.839744567871094
56.343074745,30.849626541137695
56.383685005,30.730390548706055
56.410729185,30.93214225769043
56.447489021,31.03654670715332
56.488581611,31.12175750732422
56.520251912,31.03388214111328
56.549634539,30.962574005126953
56.629032209,30.973848342895508
56.63122144,31.024280548095703
56.658822453,31.028921127319336
56.689501354,31.024320602416992
56.728126336,31.326608657836914
56.796170723,30.9891300201416
56.816777072,31.14447593688965
56.849265599,31.228199005126953
56.881624767,31.237743377685547
56.922741855,31.114686965942383
56.956290819,31.373043060302734
56.986752381,31.36545753479004
57.029096119,31.15807342529297
57.060550326,31.157249450683594
57.068330256,31.083913803100586
57.11099596,31.18610954284668
57.14026213,31.230026245117188
57.178705103,31.257701873779297
57.212410409,31.096492767333984
57.239692625,31.19855499267578
57.28170752,31.191843032836914
57.316096406,31.308725357055664
57.345395778,31.31913185119629
57.380210527,31.350202560424805
57.415046471,31.34412384033203
57.452817083,31.233665466308594
57.483206656,31.347999572753906
57.513758318,31.38471031188965
57.552868083,31.39692497253418
57.585866512,31.407100677490234
57.61694096,31.567502975463867
57.664185833,31.680744171142578
57.686699604,31.512624740600586
57.726352503,31.679752349853516
57.767160234,31.824195861816406
57.797467316,31.923547744750977
57.826087151,31.65604591369629
57.870382001,31.73443031311035
57.892787405,31.937589645385742
57.928865188,31.888071060180664
57.96364394,32.00149917602539
58.004645219,32.04324722290039
58.034410307,32.10602569580078
58.07312489,32.07420349121094
58.10192345,31.982446670532227
58.139382764,31.884706497192383
58.170523671,31.94793128967285
58.211476575,31.843643188476562
58.242702283,31.67546272277832
58.279839299,31.59771156311035
58.308768301,31.330930709838867
58.341957754,31.3026180267334
58.382240833,31.118011474609375
58.414974068,30.676546096801758
58.449141373,30.472978591918945
58.482929815,30.257831573486328
58.51918624,29.919456481933594
58.548969477,29.51712417602539
58.594942521,29.49175262451172
58.618849314,28.97960662841797
58.662537896,28.90557289123535
58.688942167,28.49262046813965
58.722765797,28.191722869873047
58.760232462,27.763429641723633
58.79167471,27.47592544555664
58.832262833,27.33977508544922
58.861637665,26.970233917236328
58.895441349,26.962305068969727
58.930530193,26.78378677368164
58.964869442,26.564220428466797
59.00632275,26.443605422973633
59.037834444,26.218229293823242
59.071524644,25.95633316040039
59.100863237,25.724390029907227
59.145719922,25.490997314453125
59.169945541,24.95896339416504
59.204592224,24.60881805419922
59.247773661,24.2329044342041
59.277111196,23.80574607849121
59.312409407,22.80828094482422
59.350714721,22.24428939819336
59.38160267,21.65728187561035
59.41519367,20.93866729736328
59.447365139,20.605918884277344
59.483963433,19.91057586669922
59.516746261,19.50370216369629
59.558312029,19.256437301635742
59.593934808,18.82207489013672
59.617300678,18.372146606445312
59.652896324,17.892974853515625
59.687944568,17.657146453857422
59.724798964,17.29425811767578
59.757319148,17.02669906616211
59.792529263,16.698089599609375
59.825081739,16.17397117614746
59.864993258,15.80008316040039
59.896499981,15.19727611541748
59.930344169,14.902097702026367
59.965272167,14.637842178344727
60.007787383,14.096444129943848
60.042963794,14.050338745117188
60.069490078,13.794023513793945
60.101613115,13.231575965881348
60.14207025,12.43973159790039
60.172445065,12.153371810913086
60.211373401,11.696619033813477
60.244739554,11.508193016052246
60.276089375,11.246210098266602
60.312228618,10.139405250549316
60.347828159,9.746675491333008
60.382116332,9.452482223510742
60.424686306,9.256243705749512
60.453695931,8.417064666748047
60.48913806,8.050344467163086
60.517073951,7.492134094238281
60.548888426,7.288806915283203
60.591411481,7.10975456237793
60.623307307,7.071109771728516
60.659038026,6.279619216918945
60.690912316,6.206845283508301
60.726337211,6.028069019317627
60.761318893,5.2191996574401855
60.793814176,4.511535167694092
60.825572937,4.328555583953857
60.863036874,4.4604339599609375
60.907668561,4.12257194519043
60.935922574,3.726961612701416
60.969985357,3.45849347114563
61.00201705,3.289907217025757
61.043217368,2.9016079902648926
61.071227046,2.6894748210906982
61.107841148,2.391812324523926
61.139583001,2.2565598487854004
61.175787928,2.0127530097961426
61.21366874,1.6904628276824951
61.254425262,1.381940245628357
61.278629699,1.047629475593567
61.31710323,0.6591766476631165
61.345121571,0.46205201745033264
61.377328032,0.08451738208532333
61.419429422,0.030790161341428757
61.449683372,359.705078125
61.482639553,359.36004638671875
61.517502349,359.3012390136719
61.549012096,359.3395080566406
61.592043264,358.91546630859375
61.623409144,358.6732482910156
61.655555532,358.4632263183594
61.695327475,358.34075927734375
61.725954506,358.29913330078125
61.757887015,358.001220703125
61.79677591,358.00274658203125
61.827236073,357.7869567871094
61.861497085,357.88287353515625
61.899686644,357.6656799316406
61.934435626,357.4190368652344
61.969587513,357.0339050292969
62.001117996,357.02020263671875
62.034008003,357.0952453613281
62.069447204,356.9596862792969
62.10322387,356.8955993652344
62.143005695,356.608154296875
62.176141886,356.447021484375
62.213718492,356.46875
62.253164635,356.4510803222656
62.27813121,356.40032958984375
62.310714956,356.24713134765625
62.346804787,356.0388488769531
62.382432714,355.8945007324219
62.421891185,355.8111877441406
62.451017916,355.8525390625
62.481921596,355.6944580078125
62.520208337,355.55511474609375
62.556946479,355.6504211425781
62.593999153,355.6278381347656
62.634556015,355.5797119140625
62.655559882,355.6829833984375
62.693157279,355.7173156738281
62.73083918,355.76702880859375
62.759909706,355.7136535644531
62.797445925,355.62445068359375
62.831499749,355.6202087402344
62.864279295,355.667236328125
62.902451231,355.8862609863281
62.930762504,355.7088928222656
62.965743044,356.006103515625
63.013093715,355.8207092285156
63.037853836,355.96331787109375
63.077190474,356.2125549316406
63.106274056,356.0469665527344
63.137570444,356.5205993652344
63.177532154,356.5433044433594
63.209510078,356.3179931640625
63.252050624,356.9921875
63.27690604,356.8146057128906
63.314804029,356.9678039550781
63.347275036,357.3031921386719
63.38436026,357.39544677734375
63.422718321,357.71185302734375
63.45469898,357.6999816894531
63.488231703,357.80487060546875
63.519294509,357.81396484375
63.557010744,358.1493225097656
63.590324498,358.1162414550781
63.631437089,358.0511169433594
63.658239628,358.6246032714844
63.691772005,358.2159423828125
63.727388011,358.5711975097656
63.76201588,358.44708251953125
63.793514557,358.6289978027344
63.830354527,358.7320556640625
63.864052973,358.8414611816406
63.901089063,358.8906555175781
63.944378701,358.8808898925781
63.970875585,358.6394958496094
64.00895973,358.6025390625
64.033674594,358.7887268066406
64.073251132,358.84521484375
64.111549837,358.5076904296875
64.139433124,358.6413879394531
64.176761789,358.68353271484375
64.209778669,358.7135314941406
64.24222588,358.7111511230469
64.279755688,358.70538330078125
64.310384522,358.7854919433594
64.346628264,358.77294921875
64.38846689,358.7440490722656
64.428517894,358.88629150390625
64.460002758,358.7364196777344
64.486896755,358.6337890625
64.517798343,358.8521728515625
64.554492216,358.93511962890625
64.597444334,358.9728698730469
64.622402987,358.9553527832031
64.660773428,359.09619140625
64.692926894,358.86297607421875
64.725883927,359.25262451171875
64.763094835,359.4051513671875
64.795987781,359.641845703125
64.838425343,359.7021179199219
64.861591558,359.7625732421875
64.90226387,359.9246826171875
64.942209659,0.19162937998771667
64.964481886,0.3441101908683777
65.001484466,0.4626973271369934
65.041649958,0.5487244725227356
65.073422572,0.82651287317276
65.114478932,1.003414511680603
65.139950122,1.248773217201233
65.178186545,1.3265858888626099
65.211138347,1.4596585035324097
65.256504748,1.6847716569900513
65.28951423,1.9038187265396118
65.313969931,2.4920568466186523
65.347556496,2.525843858718872
65.391131348,2.5786311626434326
65.419344084,2.88484787940979
65.456487226,3.2918810844421387
65.487322106,3.3043899536132812
65.52007999,3.4281904697418213
65.562111854,3.7706310749053955
65.589585794,3.9640750885009766
65.628579486,3.906824827194214
65.661888736,4.207170486450195
65.696320161,4.510468006134033
65.735246412,4.557619094848633
65.762150746,4.728037357330322
65.798108202,4.7735161781311035
65.834979106,5.098257064819336
65.876861155,5.227231025695801
65.900036409,5.374013423919678
65.935673216,5.488162517547607
65.969824857,5.7287726402282715
66.007074031,5.750215530395508
66.038394011,6.037137031555176
66.08035745,5.976933479309082
66.112354839,6.129312038421631
66.14435525,6.18831205368042
66.176543883,6.354694366455078
66.218766258,6.32816743850708
66.243024152,6.558643817901611
66.278185843,6.6504130363464355
66.318098662,6.927319526672363
66.346872172,7.19202184677124
66.38450826,7.1046648025512695
66.430337778,7.148166656494141
66.450078832,7.014819622039795
66.486129654,7.09177827835083
66.518351354,7.319477558135986
66.558395117,7.373142719268799
66.597380453,7.594053268432617
66.627968185,7.653106689453125
66.660084797,7.494332790374756
66.697557422,7.59194278717041
66.728747851,7.427161693572998
66.76609076,7.650014877319336
66.794913178,7.676470756530762
66.83272042,7.841398239135742
66.867326293,7.996843338012695
66.897784756,8.08073902130127
66.944455188,8.09350872039795
66.972304346,8.064209938049316
67.014593916,8.149460792541504
67.039953902,8.169225692749023
67.073368296,8.063952445983887
67.114404811,8.039896965026855
67.141809659,7.778433322906494
67.176109143,7.965953826904297
67.215665088,8.177911758422852
67.247276699,8.187620162963867
67.286502186,8.17924690246582
67.316850812,7.928398132324219
67.353310373,8.017488479614258
67.383810166,7.996163368225098
67.418849833,7.881130695343018
67.450834354,7.738323211669922
67.49134629,7.390433311462402
67.534423856,7.106764316558838
67.562025478,6.97369909286499
67.590629711,6.913547992706299
67.624601685,6.640636444091797
67.663771109,6.240287780761719
67.701724964,6.047454833984375
67.730172481,5.778698444366455
67.765668713,5.684147357940674
67.801794283,5.161877632141113
67.836708033,5.120599269866943
67.866443584,4.88497257232666
67.900575659,4.535383701324463
67.947846969,4.6472296714782715
67.977797024,4.339049816131592
68.002598061,4.195687294006348
68.04458997,4.00554895401001
68.074508571,3.7866387367248535
68.107135536,3.582601308822632
68.141620142,3.5952491760253906
68.175177134,2.88291597366333
68.214216923,2.709266185760498
68.247292973,2.5374057292938232
68.282323172,2.638345956802368
68.323216049,2.603023052215576
68.353847472,2.319124937057495
68.396096811,2.452152729034424
68.417454037,2.322429656982422
68.453103737,2.068542957305908
68.489381597,1.5506807565689087
68.530440089,1.1115669012069702
68.553409979,1.047885537147522
68.591313548,0.9697771072387695
68.626396438,0.8707385063171387
68.660709182,0.5304746627807617
68.69419038,0.310821533203125
68.727840976,0.2420753538608551
68.761642142,0.03518223762512207
68.7983668,359.9078369140625
68.834216327,359.6576843261719
68.873640812,359.6270751953125
68.903054423,359.977294921875
68.941012617,359.75335693359375
68.969160197,359.2873840332031
69.0012262,359.1709899902344
69.040916823,358.9770812988281
69.078342324,358.8232116699219
69.111011028,358.92010498046875
69.155649414,358.706787109375
69.180324671,358.5702819824219
69.219580315,358.275390625
69.247159237,358.16265869140625
69.281111112,358.2195129394531
69.316013582,358.0855407714844
69.352745247,357.75616455078125
69.38579036,357.9081726074219
69.422140105,357.8199768066406
69.454934862,357.67303466796875
69.48864923,357.81793212890625
69.526699835,357.64691162109375
69.553081275,357.5195617675781
69.592004428,357.65313720703125
69.627152968,357.4202575683594
69.668393222,357.40692138671875
69.69784421,357.0492248535156
69.732088085,356.9475402832031
69.763169695,356.8460998535156
69.798988864,356.8053894042969
69.831133921,356.73382568359375
69.866403084,356.6374206542969
69.90497017,356.3419189453125
69.935401285,356.38568115234375
69.970588083,355.99249267578125
70.016458042,356.2943420410156
70.041573785,355.9091491699219
70.085092009,355.61767578125
70.106999548,355.505859375
70.142493078,355.4954528808594
70.182236895,355.2515563964844
70.219532927,355.0989990234375
70.25146905,354.5721435546875
70.28304807,354.7080383300781
70.314958313,354.433837890625
70.357947335,354.3829040527344
70.384855624,353.9197692871094
70.422719198,353.741455078125
70.458635327,353.69073486328125
70.499508542,353.3755187988281
70.524060047,353.15191650390625
70.567470595,353.30340576171875
70.591734737,352.923828125
70.627604887,352.9237976074219
70.66256813,352.89306640625
70.700006577,352.56494140625
70.734886688,352.47320556640625
70.762224002,352.45452880859375
70.800849264,352.16729736328125
70.840020141,351.64947509765625
70.870769975,351.85076904296875
70.903716275,351.572998046875
70.941756382,351.55157470703125
70.970652479,351.25921630859375
71.007143672,351.00701904296875
71.038552971,351.2030334472656
71.075966059,350.89788818359375
71.111227281,350.55877685546875
71.150238873,350.302490234375
71.179570964,350.5057067871094
71.214403897,350.18463134765625
71.247412586,350.0322265625
71.283982353,349.96575927734375
71.325659769,349.87139892578125
71.354391883,349.73956298828125
71.390713429,349.5549621582031
71.421266191,349.4295349121094
71.455542153,349.27618408203125
71.49222038,349.1767578125
71.530655947,348.99041748046875
71.559144109,348.8925476074219
71.594637654,348.81976318359375
71.629593212,348.62396240234375
71.662240787,348.182373046875
71.706298879,348.5781555175781
71.731349478,348.78387451171875
71.763211595,348.1423645019531
71.802470936,347.662841796875
71.837652979,347.92877197265625
71.868998878,348.1880187988281
71.902301685,348.4652099609375
71.943941121,348.06353759765625
71.983070803,348.0317687988281
72.007706052,347.8388671875
72.038360392,348.0842590332031
72.079964808,347.6002502441406
72.112568081,347.190673828125
72.14407156,347.18017578125
72.181453655,347.5975341796875
72.216500604,347.6105041503906
72.246741198,347.4158020019531
72.289009937,347.0615234375
72.321166199,347.3075256347656
72.350951534,347.2946472167969
72.397217117,347.47174072265625
72.419280095,347.1774597167969
72.454014306,347.119140625
72.491833643,347.0293884277344
72.526955865,347.1973571777344
72.559149218,346.9292907714844
72.599045933,347.5181884765625
72.626545342,347.2850036621094
72.668777867,347.0579833984375
72.696048701,346.86785888671875
72.732010957,347.45343017578125
72.776032186,347.2253723144531
72.80645354,347.1671447753906
72.834964762,346.6076965332031
72.867588883,346.9347229003906
72.907948135,347.0491943359375
72.939945313,347.0738830566406
72.975599095,347.125732421875
73.009826649,347.1140441894531
73.045935775,347.2427978515625
73.076065657,347.53900146484375
73.123523155,347.69403076171875
73.142957434,347.50250244140625
73.183447291,347.7899169921875
73.21463839,347.74078369140625
73.250851944,347.6375427246094
73.285131674,347.6517333984375
73.320123477,347.7034606933594
73.350995145,347.6202392578125
73.386714188,347.7847595214844
73.420722054,348.0724182128906
73.455392861,348.0841979980469
73.506771205,348.0710144042969
73.524088768,348.5478820800781
73.57589231,348.4828186035156
73.594891001,348.7369384765625
73.627132738,348.9096984863281
73.671486166,349.1702575683594
73.69426908,349.5332336425781
73.732654019,349.5889587402344
73.771409618,349.54022216796875
73.799212404,350.0392150878906
73.839179216,350.15484619140625
73.873592153,350.3251647949219
73.910361118,350.48046875
73.941654221,350.5155334472656
73.972454555,350.4945068359375
74.008421357,351.01226806640625
74.05367592,351.0959777832031
74.077136793,351.650146484375
74.120785844,351.5880432128906
74.146324417,351.9601135253906
74.180796224,352.0861511230469
74.217947521,351.8108215332031
74.25195663,352.4846496582031
74.282506363,352.2580261230469
74.320753421,352.2849426269531
74.355739572,352.55029296875
74.391362539,352.88262939453125
74.422647459,352.7605895996094
74.463613623,352.8155822753906
74.493618677,352.66455078125
74.524937573,352.83441162109375
74.568684286,353.03326416015625
74.59597997,353.406494140625
74.630281898,353.58428955078125
74.678827719,353.5704650878906
74.699257916,353.81201171875
74.735685845,353.9494323730469
74.76916311,354.0656433105469
74.801565165,354.155517578125
74.834954731,354.26153564453125
74.870382239,354.44744873046875
74.909481795,354.328857421875
74.940617615,354.44451904296875
74.975812551,354.81927490234375
75.0182272,354.6519470214844
75.048771555,354.81536865234375
75.075318202,355.2278137207031
75.117949143,355.3067932128906
75.146752367,355.3109130859375
75.181177263,355.2641296386719
75.216432799,355.5093688964844
75.252560408,355.3372497558594
75.289243565,355.36688232421875
75.323052636,355.44293212890625
75.356495755,355.5342102050781
75.389153823,355.6318664550781
75.431879958,355.6142272949219
75.45509192,355.6878967285156
75.493349053,355.7486877441406
75.527585133,355.6385803222656
75.558959202,355.5179138183594
75.595527303,355.47998046875
75.627452979,355.5724792480469
75.663820251,355.8302917480469
75.70692283,355.83929443359375
75.731546181,355.8557434082031
75.771209425,355.68304443359375
75.804868339,355.707763671875
75.84357166,355.6201171875
75.872866701,355.870849609375
75.911995455,355.8759460449219
75.940360198,355.7279357910156
75.978291922,355.76641845703125
76.007045633,355.83111572265625
76.044572578,355.8479309082031
76.081717877,356.0614318847656
76.116304826,356.01519775390625
76.147808484,355.9400329589844
76.179947614,356.18719482421875
76.217585246,356.0068054199219
76.252436175,356.1998596191406
76.295820044,356.089599609375
76.32937074,356.3561096191406
76.356388461,356.2355041503906
76.390175164,356.5041198730469
76.422502445,356.571044921875
76.454041577,356.60980224609375
76.49385131,356.65728759765625
76.533793816,356.63128662109375
76.56688446,356.9101257324219
76.598555272,356.8255920410156
76.63149321,356.6577453613281
76.662970195,356.784912109375
76.700001405,357.056884765625
76.739271299,356.9293212890625
76.767772268,356.9554443359375
76.802058627,356.88446044921875
76.837211039,357.00103759765625
76.870716376,357.1327209472656
76.910663716,356.8831787109375
76.942573468,357.017822265625
76.979045747,357.2616271972656
77.010329496,357.32684326171875
77.043970759,357.3580322265625
77.087029626,357.2630920410156
77.115352739,357.1310119628906
77.146630436,357.3333740234375
77.188852544,357.3888854980469
77.227340352,357.2619323730469
77.259656511,357.2225036621094
77.281823806,357.07275390625
77.318301459,357.1113586425781
77.35815964,357.2680358886719
77.39470477,357.2662353515625
77.427708378,357.2400207519531
77.462229028,357.21875
77.495735236,357.2762145996094
77.527161125,357.2366638183594
77.560389372,357.2081298828125
77.598711101,357.3534851074219
77.643005719,357.34210205078125
77.663133839,357.33184814453125
77.698740326,357.0992736816406
77.73730038,357.1070556640625
77.766893788,357.3180236816406
77.804463712,357.0636291503906
77.83774307,357.1851806640625
77.871858685,357.2107238769531
77.920360704,357.1064453125
77.941845048,357.1548156738281
77.980718709,357.2080993652344
78.012130635,357.27813720703125
78.056609349,357.0272521972656
78.09094596,357.1539306640625
78.115101953,356.9314270019531
78.149545277,356.72259521484375
78.183297993,356.70904541015625
78.218971659,356.75408935546875
78.254718542,356.6014404296875
78.293817061,356.5291748046875
78.318909239,356.3938293457031
78.359678046,356.49908447265625
78.395925999,356.3326721191406
78.423952114,356.39642333984375
78.459154265,356.2239990234375
78.492737439,356.12335205078125
78.528215571,356.1982727050781
78.572952898,356.05615234375
78.602049967,355.8497314453125
78.636044945,355.7502746582031
78.666723982,355.7472229003906
78.705713751,355.3540954589844
78.736473606,355.5870361328125
78.769997112,355.3092041015625
78.809157487,355.1097717285156
78.843253031,355.2925720214844
78.877785173,355.00958251953125
78.917929285,355.15032958984375
78.953256871,354.814453125
78.975872766,354.84527587890625
79.012285562,354.8065185546875
79.043990708,354.6455993652344
79.083425873,354.4251708984375
79.118954267,354.4557800292969
79.150246652,354.3188781738281
79.183834789,354.20013427734375
79.219312592,353.8274230957031
79.253926071,353.81781005859375
79.287713133,353.6506042480469
79.327138719,353.4011535644531
79.364935225,352.942626953125
79.397820709,353.35284423828125
79.42599942,353.0999755859375
79.466662314,352.6921691894531
79.498721481,352.6982727050781
79.527522291,352.08734130859375
79.567698009,352.2474670410156
79.601271082,352.0145568847656
79.6322408,351.68267822265625
79.667941061,351.2314453125
79.710257256,351.0421447753906
79.735856433,350.919677734375
79.771001748,350.7742004394531
79.803979239,350.62200927734375
79.847925708,350.44866943359375
79.873633032,350.16162109375
79.916431778,349.8719787597656
79.943022067,349.62451171875
79.976027771,349.2079772949219
80.011918514,348.4073791503906
80.04438339,348.28045654296875
80.08177053,348.3315124511719
80.123395251,347.8556823730469
80.146501327,347.5124816894531
80.186442935,347.3258361816406
80.222361013,346.6980285644531
80.260753334,346.22344970703125
80.288140814,346.034912109375
80.330449784,345.7998046875
80.359619909,345.2787170410156
80.393460714,345.0108337402344
80.426640646,344.5764465332031
80.461577182,344.27313232421875
80.499956382,344.0923156738281
80.526125473,344.0578308105469
80.563516168,343.88800048828125
80.596049492,343.55517578125
80.630742159,342.9464111328125
80.668596618,342.9112548828125
80.705735793,342.3913269042969
80.750743902,342.4688415527344
80.774268663,342.0635986328125
80.802179831,341.88934326171875
80.841745336,341.8427734375
80.877317097,341.3363037109375
80.917276481,341.13720703125
80.9445645,341.13031005859375
80.976568781,340.3762512207031
81.017990863,340.278076171875
81.047041978,340.048095703125
81.082113072,339.4862976074219
81.115707903,339.1809387207031
81.159241598,339.1596374511719
81.185812042,338.8189392089844
81.223355159,338.60052490234375
81.26034887,338.25860595703125
81.286485691,337.8849182128906
81.322557572,337.5686950683594
81.358877213,337.2344970703125
81.398228374,337.1319274902344
81.424021315,337.0025939941406
81.46219501,336.76416015625
81.497190919,336.5758361816406
81.526466309,336.3948974609375
81.567407002,335.8691101074219
81.611534234,336.0301208496094
81.641033973,335.9601135253906
81.666981635,335.641845703125
81.699545737,335.4550476074219
81.740806043,335.40655517578125
81.777489277,334.755615234375
81.805041055,334.7225341796875
81.846538913,334.4644470214844
81.877026276,334.1390686035156
81.917115557,333.8376159667969
81.944755443,333.67169189453125
81.976647298,332.9775085449219
82.010395018,332.82177734375
82.053697696,332.51690673828125
82.08868397,332.23004150390625
82.114347433,331.97802734375
82.154983672,331.8031005859375
82.183482614,331.5686950683594
82.219565142,331.3067321777344
82.251582393,331.0861511230469
82.290477607,330.8035583496094
82.325862808,330.485595703125
82.35762385,330.52447509765625
82.397099282,330.2257995605469
82.438671008,329.9514465332031
82.465782434,329.7695007324219
82.499875235,329.28265380859375
82.528380595,329.0602722167969
82.580080732,328.9624938964844
82.599619329,328.6924743652344
82.631162656,328.18878173828125
82.667047867,328.104248046875
82.707444846,327.8724060058594
82.736944887,327.58837890625
82.781396846,327.4695739746094
82.803514093,327.27850341796875
82.841213045,327.02789306640625
82.876443403,326.9711608886719
82.907713155,327.1134338378906
82.957564185,326.2737731933594
82.981096195,326.27239990234375
83.021039962,326.1197814941406
83.046314657,325.93585205078125
83.080389362,325.9366455078125
83.116697697,325.7500305175781
83.157484434,325.4376220703125
83.183481968,325.457763671875
83.222894162,325.51513671875
83.258630615,325.4017639160156
83.288701754,325.43914794921875
83.323444509,325.3590393066406
83.366508095,325.2530517578125
83.394429848,325.0509338378906
83.434038026,324.8544921875
83.460994347,324.7786865234375
83.495367028,324.6678161621094
83.532566673,324.6502990722656
83.56804872,324.60894775390625
83.600648065,324.5725402832031
83.637483812,324.7357177734375
83.667705789,324.6326599121094
83.715623704,324.6117858886719
83.739797628,324.6327209472656
83.783019782,324.5890808105469
83.80784511,324.6494445800781
83.841088276,324.48944091796875
83.883324746,324.48748779296875
83.914793065,324.4299011230469
83.947342484,324.18890380859375
83.981382302,324.0871276855469
84.012436416,323.8869934082031
84.048501903,323.9696960449219
84.083232155,323.97515869140625
84.114772507,323.76904296875
84.159181515,323.65570068359375
84.183609967,323.6246643066406
84.22361255,323.7086181640625
84.263202381,323.61468505859375
84.291056975,323.61572265625
84.325903659,323.4437561035156
84.359496646,323.2213439941406
84.394132217,323.2760925292969
84.427114545,323.194580078125
84.461975831,323.12921142578125
84.49686203,323.1563720703125
84.533114391,323.0867004394531
84.565112509,323.09234619140625
84.601440302,323.09783935546875
84.639058994,322.994384765625
84.672965129,322.8568420410156
84.702692684,322.7516174316406
84.73587556,322.6739501953125
84.76996551,322.6740417480469
84.814918606,322.4183654785156
84.838003499,322.2583923339844
84.878278301,322.20867919921875
84.915752862,322.1454162597656
84.946669181,321.8818054199219
84.980444121,321.7977294921875
85.025234689,321.6410827636719
85.049237191,321.6243591308594
85.085022879,321.6228332519531
85.121710738,321.5986328125
85.152728768,321.44482421875
85.193890074,321.41790771484375
85.224643174,321.3492736816406
85.255692205,321.3287353515625
85.287312075,321.12744140625
85.326316454,321.04302978515625
85.361814896,320.99786376953125
85.402329464,321.0563049316406
85.429903136,321.0520935058594
85.471331051,320.9939880371094
85.495727107,321.03778076171875
85.532325404,321.1484069824219
85.576595649,321.0125427246094
85.610320286,320.9907531738281
85.638065079,320.9595947265625
85.669679285,320.8509521484375
85.707681548,320.8609619140625
85.74683579,320.9527893066406
85.781579374,320.9001159667969
85.807182433,320.8420104980469
85.842671518,320.8497009277344
85.88190326,320.7759094238281
85.913444927,320.8140563964844
85.950291687,320.8510437011719
85.994410323,320.9817810058594
86.019942384,320.9762268066406
86.054119165,321.0185852050781
86.085776219,321.19683837890625
86.119626606,321.17254638671875
86.157818499,321.10284423828125
86.191650315,321.1440124511719
86.22359594,321.2476501464844
86.263643203,321.17974853515625
86.294547665,321.1838073730469
86.324851788,320.9265441894531
86.363501381,320.8475341796875
86.406090955,320.87774658203125
86.432922042,320.570556640625
86.466646759,320.6070861816406
86.497833705,320.7469787597656
86.536911713,320.7424011230469
86.582765256,320.6994323730469
86.601602695,320.70843505859375
86.639374314,320.8546142578125
86.669864395,320.6993713378906
86.706048843,320.8267822265625
86.740091934,321.01416015625
86.772322814,321.01715087890625
86.808815215,321.00982666015625
86.845716832,320.9164123535156
86.886236206,320.8517761230469
86.914831988,320.8981628417969
86.946177458,321.0413818359375
86.990396356,320.8238830566406
87.019196206,320.85516357421875
87.052574583,320.9141845703125
87.084281841,320.8774719238281
87.123385774,320.8890075683594
87.160589266,321.0263366699219
87.187481715,321.0287780761719
87.229703644,321.002685546875
87.256158805,321.011962890625
87.297830394,320.98345947265625
87.334726183,321.1849670410156
87.359780966,321.16912841796875
87.395625704,321.14569091796875
87.428962532,321.2099304199219
87.463087125,321.3730773925781
87.498886113,321.4348449707031
87.533019198,321.6438293457031
87.577926792,321.8045349121094
87.600013436,322.05438232421875
87.642991609,322.3358154296875
87.673842198,322.58734130859375
87.70397565,323.0222473144531
87.740787352,323.3130187988281
87.786524329,323.963623046875
87.808765026,324.5865173339844
87.85198362,325.24005126953125
87.875463599,326.1815185546875
87.913455951,326.6505432128906
87.958959386,327.4050598144531
87.979231603,328.044677734375
88.022344003,328.63262939453125
88.047359581,329.0479736328125
88.08882881,329.74853515625
88.127838665,330.548828125
88.160434419,331.46478271484375
88.200914732,332.2147216796875
88.22470883,332.86224365234375
88.255704005,333.5221252441406
88.292355853,334.2467346191406
88.326953094,335.1090087890625
88.358879979,335.9683837890625
88.397988623,336.503173828125
88.429761672,336.27728271484375
88.462685645,337.33673095703125
88.509186286,338.0821228027344
88.530653858,339.0997619628906
88.572363504,339.24566650390625
88.600507987,340.1522521972656
88.635212694,340.6584777832031
88.681525752,341.20703125
88.711798405,341.7937316894531
88.747355736,342.121337890625
88.783622282,342.6714172363281
88.807648755,343.2270812988281
88.850930782,343.8341369628906
88.877918633,344.5452880859375
88.911068438,344.7348327636719
88.946255577,345.18939208984375
88.979412583,345.4288024902344
89.014595833,346.2480773925781
89.056988097,346.1465759277344
89.085498161,347.1398620605469
89.128534474,347.1985778808594
89.150974851,347.5730895996094
89.186391314,348.01556396484375
89.224255626,348.39495849609375
89.254469311,348.20416259765625
89.292763239,348.7388916015625
89.329758171,348.9551086425781
89.360601223,349.4442138671875
89.396456112,349.9297790527344
89.437997006,350.1356201171875
89.470666733,350.4413146972656
89.509373836,350.7623596191406
89.533791936,350.942626953125
89.571146416,350.8885803222656
89.603840979,351.30169677734375
89.63897904,351.7391662597656
89.677230824,352.0323486328125
89.712840687,352.1361999511719
89.738615841,352.1377868652344
89.778321242,352.37921142578125
89.811466836,352.67681884765625
89.844102756,353.1351318359375
89.878600612,353.23675537109375
89.919375488,353.3789978027344
89.952776916,353.4438171386719
89.989625322,353.6388244628906
90.014905733,353.7629089355469
90.050968558,353.90911865234375
90.0852962,354.09661865234375
90.123394212,354.3066711425781
90.161765471,354.3458557128906
90.186672427,354.7547912597656
90.227287175,354.9178161621094
90.257292734,355.115234375
90.293231098,355.09490966796875
90.340160677,355.0818786621094
90.361791311,355.2462463378906
90.40757811,355.5428161621094
90.430341198,355.42529296875
90.46568422,355.483154296875
90.501672506,355.7529296875
90.533889272,355.6134338378906
90.572805566,356.10333251953125
90.603251146,355.91650390625
90.635421792,356.1038513183594
90.673411307,355.9813537597656
90.708928368,356.2595520019531
90.74439795,356.3575439453125
90.777178569,356.4974365234375
90.817199699,356.400146484375
90.844783987,356.6795349121094
90.882337427,356.7455749511719
90.910874782,356.498046875
90.948349334,356.9814453125
90.984027995,356.8541564941406
91.014746328,356.591796875
91.05183491,356.5975341796875
91.092704641,356.8191833496094
91.121052417,356.97735595703125
91.154730065,356.96923828125
91.19033092,357.1413879394531
91.225713497,357.2704772949219
91.266393234,357.1339416503906
91.303851593,357.1307067871094
91.333002616,357.19000244140625
91.366063648,357.1833190917969
91.401211332,357.2327880859375
91.433158034,357.2561950683594
91.463691821,357.3191833496094
91.502735847,357.37646484375
91.535050003,357.42755126953125
91.569353893,357.3611145019531
91.60703603,357.26495361328125
91.637027842,357.3166198730469
91.670968111,357.6761169433594
91.710699087,357.5494384765625
91.742739996,357.6395568847656
91.783141948,357.5075988769531
91.812229036,357.6010437011719
91.849322812,357.73345947265625
91.87948745,357.66607666015625
91.910767182,357.5579833984375
91.948857036,357.5892028808594
91.989876643,357.6736145019531
92.017212281,357.6697692871094
92.061184759,357.7098388671875
92.087620981,357.6385498046875
92.120584746,357.75732421875
92.157029982,357.7728576660156
92.199886509,357.93255615234375
92.225186113,357.4356384277344
92.259834505,357.5759582519531
92.303185317,357.85382080078125
92.327510569,357.5587463378906
92.371256493,357.969482421875
92.397501968,357.70147705078125
92.43433369,357.579345703125
92.464899371,357.6835632324219
92.500867217,357.89111328125
92.54704578,357.7817687988281
92.573297896,357.8939208984375
92.612953809,357.73785400390625
92.640670975,357.6291198730469
92.674491762,357.771240234375
92.710334719,357.78753662109375
92.742075227,357.6565246582031
92.779727338,357.4413146972656
92.812356019,357.7709045410156
92.845755299,357.9627380371094
92.88403989,357.7146301269531
92.918314694,357.94097900390625
92.946726789,357.8280029296875
92.983194892,357.70574951171875
93.025270912,357.8255920410156
93.051091315,357.7464904785156
93.086402297,357.540283203125
93.11987286,357.5347595214844
93.157770495,357.65582275390625
93.198860651,357.5471496582031
93.229285628,357.1965026855469
93.259903409,357.4383544921875
93.29994777,357.4638671875
93.32886303,357.2835693359375
93.362682618,357.2362976074219
93.395376853,357.14263916015625
93.432331693,357.273193359375
93.46882104,357.1645202636719
93.505908366,357.1298828125
93.541352191,356.9998474121094
93.567098455,356.9268493652344
93.613081782,357.0122985839844
93.63939085,356.8760986328125
93.672297705,356.9493713378906
93.710734141,356.9807434082031
93.74709254,356.8455505371094
93.780388808,356.93157958984375
93.812732521,356.6798095703125
93.852483575,356.6158447265625
93.881784461,356.728759765625
93.917586803,356.4776306152344
93.954068825,356.62200927734375
93.987147971,356.6049499511719
94.021374959,356.6826171875
94.058217112,356.62835693359375
94.087200272,356.5295715332031
94.118716194,356.59698486328125
94.158193577,356.51409912109375
94.19313025,356.8551330566406
94.224233583,356.6673278808594
94.258984458,356.5163269042969
94.307562178,356.54345703125
94.326957729,356.48309326171875
94.372622385,356.2513427734375
94.394557374,356.1867980957031
94.43447449,356.32086181640625
94.467316518,356.3504333496094
94.506655393,356.29656982421875
94.534300285,356.2106018066406
94.573107241,356.2524108886719
94.608834993,356.3939208984375
94.643888219,356.3381652832031
94.675712426,356.0140075683594
94.716933432,356.2316589355469
94.746496333,356.21014404296875
94.778485822,356.0603332519531
94.812927496,356.28765869140625
94.856771748,356.275634765625
94.8797776,355.92083740234375
94.922246771,356.22027587890625
94.949947781,356.34600830078125
94.983824433,356.114013671875
95.019872271,355.9123840332031
95.05370023,356.3607482910156
95.098634128,356.3004150390625
95.123851602,355.9819030761719
95.155423046,356.04345703125
95.191733661,356.2491149902344
95.224536261,356.2913818359375
95.270817719,356.1683349609375
95.298601617,355.9742126464844
95.336330958,355.9654235839844
95.362684952,356.2308654785156
95.400743136,356.0460510253906
95.435766318,356.1241455078125
95.4667027,356.0649108886719
95.501272247,356.2607421875
95.537330902,356.2111511230469
95.573541942,356.040771484375
95.602686579,356.0875244140625
95.641873304,356.29742431640625
95.677249918,356.1416320800781
95.707351202,356.05633544921875
95.743144318,355.9982604980469
95.777838334,356.1385498046875
95.820436784,356.140625
95.847587199,356.15618896484375
95.880170503,356.2699890136719
95.917666474,356.3598327636719
95.96205574,356.2344055175781
95.984520613,356.20928955078125
96.020906975,356.1944580078125
96.059423969,356.4482421875
96.090424135,356.0527648925781
96.129736703,355.9384460449219
96.161736144,355.9378356933594
96.194026753,355.9892578125
96.230367876,356.0684509277344
96.264869555,355.9045104980469
96.295814855,355.8387451171875
96.333565743,356.00299072265625
96.363731126,355.9675598144531
96.403527909,356.0723571777344
96.434056662,356.01837158203125
96.479857114,356.0741271972656
96.503808032,356.1131896972656
96.54313491,356.14801025390625
96.58511829,356.0701599121094
96.615187196,356.0197448730469
96.642089885,356.0084533691406
96.677343576,356.0595703125
96.70804922,356.0928649902344
96.744476024,356.1643981933594
96.791551118,356.13433837890625
96.823361354,355.9886169433594
96.847533473,355.9690246582031
96.883259098,356.144775390625
96.917179703,356.2670593261719
96.961388205,355.94964599609375
96.985034146,356.1708068847656
97.027432596,355.9815368652344
97.057791901,356.11480712890625
97.088112304,356.0322570800781
97.126721765,356.2071533203125
97.158529037,356.2034912109375
97.193159267,356.1571350097656
97.228132487,356.0825500488281
97.259676818,356.10174560546875
97.305549357,356.2364807128906
97.333708722,356.3225402832031
97.369205889,356.30145263671875
97.406383145,356.2814025878906
97.435689207,356.5501403808594
97.47611376,356.4266052246094
97.505625447,356.355224609375
97.535250882,356.5163879394531
97.573712091,356.58905029296875
97.613087683,356.94512939453125
97.63947734,356.55926513671875
97.678534347,356.6012878417969
97.715193814,356.64898681640625
97.745345114,356.58349609375
97.780954618,356.5816345214844
97.816500285,356.774658203125
97.853321336,356.82269287109375
97.883003332,356.7509765625
97.916681513,356.8345031738281
97.952459345,356.7754211425781
97.988851954,357.04522705078125
98.020776962,357.0159912109375
98.0554959,356.89044189453125
98.089939716,357.0242004394531
98.123804579,357.15008544921875
98.166854287,356.9965515136719
98.192393355,357.14263916015625
98.228865466,357.04815673828125
98.260907633,357.2832946777344
98.304748255,357.4146423339844
98.334054587,357.2187194824219
98.36615306,357.3739013671875
98.399610308,357.44354248046875
98.437637731,357.3511962890625
98.470076077,357.39385986328125
98.506643587,357.3171691894531
98.537529738,357.6217956542969
98.576320595,357.54876708984375
98.617030416,357.4150695800781
98.643490108,357.4688415527344
98.680773632,357.678955078125
98.713549716,357.52581787109375
98.744832195,357.4273986816406
98.779364957,357.5618896484375
98.818198623,357.6834716796875
98.855774075,357.7659912109375
98.884236585,357.8458557128906
98.918547777,357.7751770019531
98.953390704,357.7554626464844
98.993539128,357.8968811035156
99.025410232,357.853515625
99.055910981,357.9322814941406
99.094616889,357.8078918457031
99.12696901,357.85321044921875
99.164835227,357.8059387207031
99.201878377,357.9234924316406
99.226442342,357.9530029296875
99.264849934,357.9327392578125
99.294977335,358.2095947265625
99.332690475,357.7792663574219
99.363965527,357.65570068359375
99.400864415,357.9635925292969
99.437968009,357.91668701171875
99.467813425,357.8214416503906
99.504445639,358.0245056152344
99.540828625,357.9375305175781
99.573459102,357.958251953125
99.608405335,357.9016418457031
99.643255904,357.95892333984375
99.676923501,357.7977294921875
99.719780788,358.04876708984375
99.744118072,357.6312561035156
99.78358982,357.8531188964844
99.819419759,358.10687255859375
99.847905593,357.9346008300781
99.884102093,357.9553527832031
99.916394303,357.656494140625
99.956558079,357.74774169921875
99.987363343,357.6532287597656
100.021047738,357.72833251953125
100.066049033,357.7192077636719
100.093525142,357.6375732421875
100.123401802,357.6777648925781
100.162864996,357.81085205078125
100.192141707,357.769775390625
100.229508551,357.8715515136719
100.26427599,357.7166442871094
100.300041777,357.6973571777344
100.334323248,357.6481018066406
100.380369163,357.7072448730469
100.400237327,357.6645202636719
100.438865746,357.65411376953125
100.468779794,357.7796936035156
100.511711491,357.5650939941406
100.542682999,357.6726989746094
100.584105028,357.72406005859375
100.60787887,357.7393493652344
100.643801082,357.69244384765625
100.684772359,357.82513427734375
100.711241225,357.5071716308594
100.744588708,357.5444030761719
100.784282147,357.58148193359375
100.81583501,357.70343017578125
100.858719099,357.4220886230469
100.883501787,357.4682312011719
100.92790327,357.3824462890625
100.951520312,357.42791748046875
101.000289459,357.3470764160156
101.021922001,357.3202209472656
101.055393402,357.3482360839844
101.092597101,357.376708984375
101.12397275,357.41552734375
101.163707507,357.298583984375
101.19681477,357.2908935546875
101.228276309,357.1195373535156
101.265607742,357.39105224609375
101.299373613,357.18115234375
101.34346212,357.1879577636719
101.373403363,357.26446533203125
101.401703985,357.12353515625
101.436498476,357.1361389160156
101.477663034,357.1784973144531
101.503614156,357.2722473144531
101.543007222,357.1534423828125
101.573598332,357.24969482421875
101.609478639,357.2334289550781
101.648947158,357.3131103515625
101.683542502,357.2120666503906
101.713764739,357.0820007324219
101.754388166,356.8775329589844
101.779072426,357.10870361328125
101.824635172,357.4349365234375
101.850586565,356.9803466796875
101.891468148,356.91351318359375
101.919216097,357.13848876953125
101.952585501,356.9405212402344
101.992876623,356.9623718261719
102.029310608,356.7720642089844
102.055683906,356.866943359375
102.095613808,357.0508728027344
102.126472148,357.0421447753906
102.172081907,357.0246276855469
102.196841705,356.93017578125
102.229517146,356.91754150390625
102.26302515,357.1001892089844
102.298893729,356.8563232421875
102.337613448,356.81414794921875
102.368172368,356.7955322265625
102.399645356,356.9124755859375
102.436856738,357.055908203125
102.471887682,357.1576232910156
102.508857275,357.1340026855469
102.53924006,357.1103820800781
102.579600451,357.262451171875
102.612117993,357.28582763671875
102.645376871,357.5041198730469
102.688210856,357.3801574707031
102.711612078,357.5272216796875
102.749655727,357.3822021484375
102.787046424,357.4795837402344
102.817128241,357.5458679199219
102.862195232,357.5474853515625
102.885030043,357.826416015625
102.920796166,357.7605895996094
102.956387179,357.6395263671875
102.993420772,357.8700866699219
103.030245322,357.8873291015625
103.065565101,357.8822937011719
103.094336528,357.81719970703125
103.136547984,357.8424377441406
103.161357648,358.2611389160156
103.20149744,357.78961181640625
103.22847735,357.94110107421875
103.266617708,358.0473937988281
103.309495749,357.8340148925781
103.331030083,358.12054443359375
103.367687475,357.7457580566406
103.407975884,358.072998046875
103.436805454,358.2430725097656
103.470511085,358.14422607421875
103.50651245,358.1567077636719
103.541633236,357.7928466796875
103.575999843,357.647705078125
103.608649035,357.9601745605469
103.644480789,358.2068786621094
103.690865392,358.11944580078125
103.720804231,357.8230895996094
103.747707071,357.9256896972656
103.78044292,358.0041809082031
103.817040901,357.9690856933594
103.851206509,357.80615234375
103.885438365,357.6707458496094
103.919247669,357.70086669921875
103.961088179,357.7143859863281
103.99071043,357.7367248535156
104.0292565,357.8109130859375
104.062035289,357.5526123046875
104.091660634,357.5788879394531
104.137206915,357.3927001953125
104.160723628,357.3744812011719
104.197123813,357.2259521484375
104.236832955,357.1316223144531
104.265360563,357.0769958496094
104.30974356,356.88006591796875
104.333838087,356.6262512207031
104.367686004,356.5668640136719
104.403550749,356.4996032714844
104.441101006,356.3642578125
104.476075945,356.40081787109375
104.507607843,356.3066711425781
104.547528333,356.3126525878906
104.584251662,355.8359680175781
104.60799452,355.7369689941406
104.645421996,355.36993408203125
104.682259153,355.1134033203125
104.711734618,355.02020263671875
104.750421323,354.89483642578125
104.785821086,354.7967529296875
104.823723137,354.6477355957031
104.851712225,354.343505859375
104.884582767,354.1898498535156
104.928211079,353.9148254394531
104.95529117,353.8082580566406
104.997208839,353.6761474609375
105.02498807,353.56689453125
105.06683989,353.3773498535156
105.092242742,353.14947509765625
105.128503866,352.8953552246094
105.162003669,352.62420654296875
105.205703655,352.6544494628906
105.232764937,352.4587097167969
105.267088467,352.102783203125
105.30481967,351.9436950683594
105.335644509,351.6249084472656
105.37472263,351.4938049316406
105.408159622,351.21429443359375
105.442326992,350.722900390625
105.472560748,350.7633361816406
105.509746858,350.1854553222656
105.548371848,350.1702880859375
105.575516182,349.7716064453125
105.611978771,349.2593994140625
105.646642968,349.1057434082031
105.681160136,348.7010192871094
105.721473762,348.2418212890625
105.748970687,347.8451232910156
105.783934237,347.192138671875
105.816226769,347.2783508300781
105.852474736,347.0193176269531
105.902299471,346.9195861816406
105.931091431,346.19268798828125
105.95690326,346.0009460449219
105.988838576,345.68048095703125
106.028488546,344.9002380371094
106.064704903,344.7538757324219
106.09490455,344.54364013671875
106.132466264,344.22625732421875
106.16804015,343.805908203125
106.198224599,343.3834228515625
106.237234527,342.9241638183594
106.270271968,342.60107421875
106.310867102,342.5270080566406
106.337186791,342.3188781738281
106.373192197,341.99896240234375
106.403060895,341.5296325683594
106.443782956,341.5043640136719
106.473271884,341.1723937988281
106.510920925,340.85455322265625
106.542586784,340.2993469238281
106.576623878,340.0863037109375
106.616427275,339.3476867675781
106.650115848,339.1148681640625
106.680192697,339.04034423828125
106.721548367,338.2630615234375
106.75725761,337.88836669921875
106.786235029,337.7041015625
106.827420197,337.39202880859375
106.852432727,337.1196594238281
106.889085221,336.5300598144531
106.920334571,336.25103759765625
106.956608339,335.9895324707031
106.998010862,335.8664245605469
107.026581192,335.5818176269531
107.061855299,335.329345703125
107.094897832,335.15185546875
107.135163781,334.88336181640625
107.167175146,334.4573974609375
107.197649834,334.0914306640625
107.232357521,333.6853332519531
107.268337445,333.51324462890625
107.309268863,332.9672546386719
107.335252978,332.7281799316406
107.368565774,332.5322265625
107.41441342,332.18353271484375
107.440237681,331.7408142089844
107.478019862,331.2601318359375
107.511296695,331.0356140136719
107.543705641,330.8665771484375
107.576076668,330.33514404296875
107.625110956,329.88995361328125
107.644581335,329.9420471191406
107.682172225,329.6227111816406
107.717872698,329.4954833984375
107.750418051,329.1752624511719
107.786319671,329.1304626464844
107.823701889,328.85577392578125
107.853125928,328.5396423339844
107.889060377,328.3243408203125
107.929172069,328.2728271484375
107.956443115,328.26678466796875
107.996506371,327.9729919433594
108.024441252,327.6640930175781
108.059586985,327.4599609375
108.106499894,327.351318359375
108.14106538,327.43780517578125
108.165538622,327.09881591796875
108.196228734,326.88067626953125
108.2321278,326.617431640625
108.276437805,326.2838134765625
108.307035155,326.3451232910156
108.335762695,326.69195556640625
108.377230538,326.4396667480469
108.406645474,325.9576721191406
108.440245626,325.9635009765625
108.482886253,325.9276428222656
108.513162028,325.7956848144531
108.547570082,325.40692138671875
108.576988007,325.28009033203125
108.616684165,325.031982421875
108.656333246,324.7840576171875
108.679692831,324.9171142578125
108.720628775,324.8764953613281
108.758429512,324.80419921875
108.785545503,324.59136962890625
108.827850155,324.3996276855469
108.851621088,324.5660400390625
108.895485137,324.3307800292969
108.931591148,324.0173645019531
108.962665514,324.0130920410156
108.99489638,324.0882263183594
109.027246404,324.2967224121094
109.065639468,324.13836669921875
109.09547627,324.16864013671875
109.127636109,324.3039855957031
109.163919882,324.23321533203125
109.205546202,324.1553649902344
109.233229392,324.0271301269531
109.267917415,323.88616943359375
109.3065505,323.734619140625
109.339521401,323.8186340332031
109.377402133,323.881591796875
109.415023068,323.824951171875
109.443278668,323.753173828125
109.485902182,323.6646728515625
109.515697614,323.41693115234375
109.544308575,323.31097412109375
109.576174362,323.22222900390625
109.615996096,323.4518737792969
109.649282367,323.3012390136719
109.689567815,323.3166809082031
109.717745389,323.3362731933594
109.752974147,323.25390625
109.783799192,323.1465759277344
109.821987482,323.04632568359375
109.863401502,323.1927185058594
109.89625895,323.3158264160156
109.923375633,323.24102783203125
109.957504695,323.2121276855469
110.002727766,323.1343688964844
110.034834039,323.0925598144531
110.060168028,323.0302734375
110.101448171,322.9913635253906
110.131739672,322.73333740234375
110.163922691,322.669189453125
110.208610486,322.5201721191406
110.236083239,322.6832275390625
110.272753756,322.5784606933594
110.305363375,322.4014892578125
110.339789271,322.4446716308594
110.385123938,322.3575439453125
110.40628144,322.2857971191406
110.440170993,322.11834716796875
110.479254394,322.1302795410156
110.509866519,322.068603515625
110.548802056,321.9236145019531
110.58039643,322.08984375
110.61392929,322.10797119140625
110.654429399,321.99615478515625
110.679888261,321.87298583984375
110.715431852,321.94500732421875
110.762792192,321.92425537109375
110.791018773,321.81658935546875
110.82234858,321.70849609375
110.85616891,321.5699157714844
110.890262581,321.6968688964844
110.928487307,321.53057861328125
110.959868342,321.3833312988281
110.998055079,321.48455810546875
111.030875539,321.4441223144531
111.066400903,321.5158386230469
111.103048333,321.5628356933594
111.147214124,321.4474182128906
111.167118339,321.4732666015625
111.210623744,321.4037780761719
111.232513109,321.47161865234375
111.266972118,321.3692626953125
111.307994054,321.4547424316406
111.336954883,321.52435302734375
111.374669538,321.4322814941406
111.408388017,321.50390625
111.440112797,321.6219177246094
111.476731803,321.3646240234375
111.508435369,321.4425048828125
111.54969951,321.3783264160156
111.585727102,321.39703369140625
111.621897803,321.53314208984375
111.651114819,321.5182189941406
111.684318106,321.4233703613281
111.719518521,321.5353088378906
111.752694169,321.6000671386719
111.788378598,321.70416259765625
111.820794713,321.59503173828125
111.856430174,321.51239013671875
111.88820826,321.6870422363281
111.932635861,321.7092590332031
111.963907261,321.74090576171875
111.993940699,321.7080993652344
112.029524209,321.7078857421875
112.070034692,321.7279357910156
112.100211912,321.82012939453125
112.133869561,321.8449401855469
112.170457515,321.7558898925781
112.203106796,321.75408935546875
112.246730697,321.93682861328125
112.268062956,321.7735595703125
112.308719851,321.6770324707031
112.344205477,321.77667236328125
112.375658232,321.7627258300781
112.412165535,321.73046875
112.44652958,321.7507629394531
112.481460846,321.9411926269531
112.519965593,322.15570068359375
112.5559363,322.1245422363281
112.581419982,321.9246520996094
112.61495164,321.8433532714844
112.64657652,321.7952575683594
112.684405407,321.8648376464844
112.719585475,321.85394287109375
112.763182358,321.7580871582031
112.799526753,321.8843994140625
112.821274206,321.74432373046875
112.863165877,321.6681213378906
112.893968783,321.5885925292969
112.925623229,321.6278076171875
112.964983431,321.6134338378906
112.99711719,321.63250732421875
113.038607951,321.63507080078125
113.064804899,321.6131896972656
113.10074668,321.65460205078125
113.138318384,321.6600646972656
113.168449354,321.8412170410156
113.204814416,321.9283447265625
113.247284139,322.140625
113.269536937,322.32232666015625
113.313551516,322.46392822265625
113.347094099,322.501953125
113.373675011,322.69195556640625
113.411146568,323.01708984375
113.449927544,323.1665344238281
113.477453387,323.2330017089844
113.512714303,323.37921142578125
113.545051366,323.4696350097656
113.57977885,323.5886535644531
113.617075344,323.6827087402344
113.647577942,323.931640625
113.693059907,324.1093444824219
113.716602267,324.2756042480469
113.752845571,324.56256103515625
113.787943201,324.662109375
113.826666907,325.0199890136719
113.868322741,325.1907043457031
113.893119691,325.6512145996094
113.927872806,325.7814025878906
113.960461497,326.168701171875
113.995229055,326.3548583984375
114.030238536,326.6978759765625
114.069196444,327.1856384277344
114.097820931,327.50628662109375
114.13177091,327.98095703125
114.180586067,328.50201416015625
114.207393127,329.074951171875
114.247000649,329.8141784667969
114.269821821,330.3451843261719
114.306233079,330.8876953125
114.339738945,331.5926818847656
114.372791785,332.1915283203125
114.412530152,332.61370849609375
114.456563198,333.10406494140625
114.47719614,333.91339111328125
114.517744019,334.3307189941406
114.551578803,334.8837585449219
114.580216617,335.38323974609375
114.621713102,335.81512451171875
114.649448918,336.3345947265625
114.692450288,336.5942687988281
114.726781558,337.3016662597656
114.754771095,337.7291564941406
114.791362166,337.9429626464844
114.824964041,338.3924560546875
114.865542866,339.072998046875
114.891040089,339.6085510253906
114.926570428,339.59130859375
114.961237091,339.9435729980469
114.996117457,340.22821044921875
115.042068972,340.3765869140625
115.065980254,340.6181335449219
115.106025323,341.0036315917969
115.135095688,341.224853515625
115.172055722,341.74530029296875
115.203090321,342.2871398925781
115.245947956,342.3002624511719
115.27132369,343.021484375
115.303256632,342.86212158203125
115.341236817,343.3636779785156
115.372877961,343.4095458984375
115.409449976,343.7021789550781
115.456988598,343.95159912109375
115.475969712,345.02294921875
115.515160574,345.2837219238281
115.559024187,345.3306579589844
115.57978936,346.10150146484375
115.615371964,346.1091613769531
115.64794492,346.65289306640625
115.685089794,346.11541748046875
115.730445371,346.54547119140625
115.751177396,346.9866943359375
115.7881793,347.2205810546875
115.827373957,347.36456298828125
115.85633953,347.5374450683594
115.891316171,347.942626953125
115.924961356,348.2887268066406
115.960981744,348.3830871582031
115.99746202,348.4510498046875
116.027811661,348.86029052734375
116.066755133,349.1751403808594
116.101488032,349.11444091796875
116.131263636,349.6000671386719
116.168880535,349.74066162109375
116.199789864,349.89788818359375
116.243272457,350.21820068359375
116.274850313,350.3280334472656
116.309611029,350.3787841796875
116.342589505,350.326416015625
116.377616105,350.7802734375
116.407487509,350.9873352050781
116.458261958,351.1687316894531
116.487159422,351.0472106933594
116.515637842,351.4747314453125
116.547496428,351.692138671875
116.580164081,351.5679626464844
116.621334255,351.68084716796875
116.654133449,351.94525146484375
116.683823745,352.0074157714844
116.721381786,352.1632385253906
116.755142404,352.20989990234375
116.791108021,352.46527099609375
116.824302495,352.6048278808594
116.869358708,352.7571716308594
116.897255688,352.72711181640625
116.937229079,352.7170104980469
116.960468409,352.96807861328125
116.997989006,352.88812255859375
117.031322836,352.8915710449219
117.066454618,353.58355712890625
117.102168153,353.4544982910156
117.1314908,353.64764404296875
117.172372947,353.4288024902344
117.207053898,353.3511657714844
117.236661705,353.34521484375
117.281891877,353.67254638671875
117.30687673,353.7412109375
117.346847879,353.6085510253906
117.378601001,353.7041015625
117.410095147,353.72344970703125
117.453324268,353.7434387207031
117.484499108,354.0352478027344
117.516995103,354.0970153808594
117.555066902,354.3583984375
117.580110599,354.0741882324219
117.61725869,354.1307373046875
117.655796998,354.1077575683594
117.684880265,354.2782287597656
117.71975336,354.27020263671875
117.763810479,354.4072570800781
117.790637287,354.4073181152344
117.829151721,354.487060546875
117.855335976,354.506591796875
117.896496406,354.55419921875
117.930213735,354.7445068359375
117.968708953,354.7704772949219
117.995208518,354.8804016113281
118.032980065,354.85986328125
118.063819637,354.9163513183594
118.101616608,354.84405517578125
118.131836358,354.7257995605469
118.170891303,354.7269592285156
118.214506615,354.7154541015625
118.238018724,354.8819885253906
118.28065418,355.0400390625
118.308692771,355.0604248046875
118.34200908,355.1869812011719
118.705701404,355.1869812011719
118.708262923,354.8268127441406
118.711201582,354.9877014160156
118.713383074,355.0356750488281
118.939783186,355.0356750488281
118.942145393,355.3419494628906
118.945103067,355.22723388671875
118.947384417,355.22015380859375
118.950315348,355.1630859375
118.952510647,355.3083190917969
118.954830366,355.3068542480469
118.970081547,355.3203430175781
119.007235752,355.2357482910156
119.036276147,355.177978515625
119.067929137,355.4007263183594
119.103103531,355.5475769042969
119.144445656,355.5213317871094
119.167848263,355.4732971191406
119.201938713,355.49530029296875
119.236012734,355.52264404296875
119.272851373,355.52301025390625
119.30409052,355.5018005371094
119.338266658,355.47869873046875
119.36817949,355.52178955078125
119.40754869,355.4332580566406
119.437645235,355.3883056640625
119.473260575,355.3450927734375
119.503646118,355.3716125488281
119.536151402,355.3471374511719
119.580009786,355.3311462402344
119.600892208,355.35113525390625
119.639796593,355.3114318847656
119.672937398,355.3553161621094
119.703570998,355.36090087890625
119.739208388,355.3792724609375
119.769565047,355.37554931640625
119.807324668,355.3676452636719
119.840459538,355.3622741699219
119.874901586,355.3692932128906
119.905430862,355.3621520996094
119.935334401,355.4483337402344
119.967161533,355.41558837890625
120.002035179,355.43402099609375
120.038963252,355.4259948730469
120.076942638,355.45745849609375
120.100317072,355.45477294921875
120.137380472,355.4687194824219
120.16871247,355.4526062011719
120.204648266,355.416259765625
120.243001663,355.4241943359375
120.272719754,355.4446716308594
120.321770909,355.4267883300781
120.341437201,355.3929138183594
120.379915797,355.3979187011719
120.412848815,355.46502685546875
120.451272767,355.4647216796875
120.492978006,355.4926452636719
120.517412374,355.4883728027344
120.548246903,355.45635986328125
120.586871098,355.4538879394531
120.619515223,355.43414306640625
120.658585379,355.39434814453125
120.690538601,355.3660888671875
120.726004456,355.3731689453125
120.769483608,355.3951416015625
120.791024451,355.42547607421875
120.834552143,355.4367370605469
120.867253093,355.4685974121094
120.901811969,355.4628601074219
120.930359278,355.4564514160156
120.967501542,355.4951477050781
121.002461837,355.4429931640625
121.040318182,355.41259765625
121.073678439,355.4089050292969
121.100811136,355.38720703125
121.14134729,355.3963928222656
121.172225355,355.41131591796875
121.20575483,355.4449157714844
121.252871851,355.44525146484375
121.274039681,355.4405212402344
121.318678308,355.4521179199219
121.343856201,355.439208984375
121.375356285,355.43316650390625
121.416447103,355.4157409667969
121.45106915,355.4355773925781
121.487951208,355.43817138671875
121.517090875,355.4322814941406
121.55077001,355.4253234863281
121.587011905,355.427978515625
121.623514616,355.4278869628906
121.652439565,355.41656494140625
121.694360469,355.4336242675781
121.723580261,355.4270935058594
121.766107803,355.4475402832031
121.791670278,355.4625244140625
121.823180339,355.4533386230469
121.866471198,355.4557189941406
121.907598275,355.4383850097656
121.936851206,355.44561767578125
121.966278533,355.4228210449219
122.004411629,355.4274597167969
122.034427147,355.406982421875
122.068116759,355.4234924316406
122.103672761,355.4345703125
122.145137402,355.45562744140625
122.178993888,355.4573974609375
122.216075328,355.4610900878906
122.24006793,355.46295166015625
122.272597375,355.43988037109375
122.307475432,355.44085693359375
122.348665185,355.42529296875
122.376827288,355.41473388671875
122.415837017,355.4364929199219
122.45371713,355.4340515136719
122.48224081,355.4342956542969
122.524440172,355.43408203125
122.548807637,355.4459533691406
122.585550245,355.4552001953125
122.620806428,355.45770263671875
122.652077227,355.4622802734375
122.690312052,355.45947265625
122.729472552,355.471923828125
122.765121259,355.4589538574219
122.798222519,355.44744873046875
122.823867109,355.4051208496094
122.863972516,355.4004821777344
122.904785292,355.39410400390625
122.932507661,355.42010498046875
122.974295167,355.4355163574219
123.002505387,355.44219970703125
123.038274021,355.4892578125
123.074684763,355.49102783203125
123.107548706,355.46337890625
123.13717299,355.4466857910156
123.17934691,355.4493713378906
123.20497105,355.4416198730469
123.240652077,355.4383544921875
123.278051921,355.4203796386719
123.317214009,355.41973876953125
123.35045052,355.4169616699219
123.377788155,355.4329833984375
123.423152225,355.454833984375
123.454649138,355.4399719238281
123.484553459,355.4361572265625
123.522176011,355.45989990234375
123.562972276,355.4646911621094
123.585338977,355.4738464355469
123.620879301,355.4453430175781
123.651868565,355.45501708984375
123.692710418,355.4674072265625
123.733556145,355.4471435546875
123.767362939,355.4334716796875
123.792871332,355.41162109375
123.837987738,355.4252014160156
